The target system is: Android - 1 - x86_64
The host system is: Linux - 6.11.0-1018-azure - x86_64
Compiling the C compiler identification source file "CMakeCCompilerId.c" succeeded.
Compiler: /usr/local/lib/android/sdk/ndk/27.2.12479018/toolchains/llvm/prebuilt/linux-x86_64/bin/clang 
Build flags: -g;-DANDROID;-fdata-sections;-ffunction-sections;-funwind-tables;-fstack-protector-strong;-no-canonical-prefixes;-D_FORTIFY_SOURCE=2;-Wformat;-Werror=format-security;
Id flags: -c;--target=x86_64-none-linux-android24 

The output was:
0


Compilation of the C compiler identification source "CMakeCCompilerId.c" produced "CMakeCCompilerId.o"

The C compiler identification is Clang, found in "/home/runner/work/MightyMike-Android/MightyMike-Android/android/app/.cxx/Debug/1h5k5w5j/x86_64/CMakeFiles/3.22.1-g37088a8/CompilerIdC/CMakeCCompilerId.o"

Compiling the CXX compiler identification source file "CMakeCXXCompilerId.cpp" succeeded.
Compiler: /usr/local/lib/android/sdk/ndk/27.2.12479018/toolchains/llvm/prebuilt/linux-x86_64/bin/clang++ 
Build flags: -g;-DANDROID;-fdata-sections;-ffunction-sections;-funwind-tables;-fstack-protector-strong;-no-canonical-prefixes;-D_FORTIFY_SOURCE=2;-Wformat;-Werror=format-security;;
Id flags: -c;--target=x86_64-none-linux-android24 

The output was:
0


Compilation of the CXX compiler identification source "CMakeCXXCompilerId.cpp" produced "CMakeCXXCompilerId.o"

The CXX compiler identification is Clang, found in "/home/runner/work/MightyMike-Android/MightyMike-Android/android/app/.cxx/Debug/1h5k5w5j/x86_64/CMakeFiles/3.22.1-g37088a8/CompilerIdCXX/CMakeCXXCompilerId.o"

Detecting C compiler ABI info compiled with the following output:
Change Dir: /home/runner/work/MightyMike-Android/MightyMike-Android/android/app/.cxx/Debug/1h5k5w5j/x86_64/CMakeFiles/CMakeTmp

Run Build Command(s):/usr/local/lib/android/sdk/cmake/3.22.1/bin/ninja cmTC_2a9df && [1/2] Building C object CMakeFiles/cmTC_2a9df.dir/CMakeCCompilerABI.c.o
Android (12470979, +pgo, +bolt, +lto, +mlgo, based on r522817c) clang version 18.0.3 (https://android.googlesource.com/toolchain/llvm-project d8003a456d14a3deb8054cdaa529ffbf02d9b262)
Target: x86_64-none-linux-android24
Thread model: posix
InstalledDir: /usr/local/lib/android/sdk/ndk/27.2.12479018/toolchains/llvm/prebuilt/linux-x86_64/bin
 (in-process)
 "/usr/local/lib/android/sdk/ndk/27.2.12479018/toolchains/llvm/prebuilt/linux-x86_64/bin/clang" -cc1 -triple x86_64-none-linux-android24 -emit-obj -mrelax-all -disable-free -clear-ast-before-backend -disable-llvm-verifier -discard-value-names -main-file-name CMakeCCompilerABI.c -mrelocation-model pic -pic-level 2 -pic-is-pie -mframe-pointer=all -ffp-contract=on -fno-rounding-math -mconstructor-aliases -funwind-tables=2 -target-cpu x86-64 -target-feature +sse4.2 -target-feature +popcnt -target-feature +cx16 -tune-cpu generic -debug-info-kind=constructor -dwarf-version=4 -debugger-tuning=gdb -fdebug-compilation-dir=/home/runner/work/MightyMike-Android/MightyMike-Android/android/app/.cxx/Debug/1h5k5w5j/x86_64/CMakeFiles/CMakeTmp -v -ffunction-sections -fdata-sections -fcoverage-compilation-dir=/home/runner/work/MightyMike-Android/MightyMike-Android/android/app/.cxx/Debug/1h5k5w5j/x86_64/CMakeFiles/CMakeTmp -resource-dir /usr/local/lib/android/sdk/ndk/27.2.12479018/toolchains/llvm/prebuilt/linux-x86_64/lib/clang/18 -dependency-file CMakeFiles/cmTC_2a9df.dir/CMakeCCompilerABI.c.o.d -MT CMakeFiles/cmTC_2a9df.dir/CMakeCCompilerABI.c.o -sys-header-deps -D ANDROID -D _FORTIFY_SOURCE=2 -isysroot /usr/local/lib/android/sdk/ndk/27.2.12479018/toolchains/llvm/prebuilt/linux-x86_64/sysroot -internal-isystem /usr/local/lib/android/sdk/ndk/27.2.12479018/toolchains/llvm/prebuilt/linux-x86_64/lib/clang/18/include -internal-isystem /usr/local/lib/android/sdk/ndk/27.2.12479018/toolchains/llvm/prebuilt/linux-x86_64/sysroot/usr/local/include -internal-externc-isystem /usr/local/lib/android/sdk/ndk/27.2.12479018/toolchains/llvm/prebuilt/linux-x86_64/sysroot/usr/include/x86_64-linux-android -internal-externc-isystem /usr/local/lib/android/sdk/ndk/27.2.12479018/toolchains/llvm/prebuilt/linux-x86_64/sysroot/include -internal-externc-isystem /usr/local/lib/android/sdk/ndk/27.2.12479018/toolchains/llvm/prebuilt/linux-x86_64/sysroot/usr/include -Wformat -ferror-limit 19 -femulated-tls -stack-protector 2 -fgnuc-version=4.2.1 -D__GCC_HAVE_DWARF2_CFI_ASM=1 -o CMakeFiles/cmTC_2a9df.dir/CMakeCCompilerABI.c.o -x c /usr/local/lib/android/sdk/cmake/3.22.1/share/cmake-3.22/Modules/CMakeCCompilerABI.c
clang -cc1 version 18.0.3 based upon LLVM 18.0.3 default target x86_64-unknown-linux-gnu
ignoring nonexistent directory "/usr/local/lib/android/sdk/ndk/27.2.12479018/toolchains/llvm/prebuilt/linux-x86_64/sysroot/usr/local/include"
ignoring nonexistent directory "/usr/local/lib/android/sdk/ndk/27.2.12479018/toolchains/llvm/prebuilt/linux-x86_64/sysroot/include"
#include "..." search starts here:
#include <...> search starts here:
 /usr/local/lib/android/sdk/ndk/27.2.12479018/toolchains/llvm/prebuilt/linux-x86_64/lib/clang/18/include
 /usr/local/lib/android/sdk/ndk/27.2.12479018/toolchains/llvm/prebuilt/linux-x86_64/sysroot/usr/include/x86_64-linux-android
 /usr/local/lib/android/sdk/ndk/27.2.12479018/toolchains/llvm/prebuilt/linux-x86_64/sysroot/usr/include
End of search list.
[2/2] Linking C executable cmTC_2a9df
Android (12470979, +pgo, +bolt, +lto, +mlgo, based on r522817c) clang version 18.0.3 (https://android.googlesource.com/toolchain/llvm-project d8003a456d14a3deb8054cdaa529ffbf02d9b262)
Target: x86_64-none-linux-android24
Thread model: posix
InstalledDir: /usr/local/lib/android/sdk/ndk/27.2.12479018/toolchains/llvm/prebuilt/linux-x86_64/bin
 "/usr/local/lib/android/sdk/ndk/27.2.12479018/toolchains/llvm/prebuilt/linux-x86_64/bin/ld.lld" --sysroot=/usr/local/lib/android/sdk/ndk/27.2.12479018/toolchains/llvm/prebuilt/linux-x86_64/sysroot -z now -z relro --hash-style=gnu --eh-frame-hdr -m elf_x86_64 -pie -dynamic-linker /system/bin/linker64 -o cmTC_2a9df /usr/local/lib/android/sdk/ndk/27.2.12479018/toolchains/llvm/prebuilt/linux-x86_64/sysroot/usr/lib/x86_64-linux-android/24/crtbegin_dynamic.o -L/usr/local/lib/android/sdk/ndk/27.2.12479018/toolchains/llvm/prebuilt/linux-x86_64/lib/clang/18/lib/linux/x86_64 -L/usr/local/lib/android/sdk/ndk/27.2.12479018/toolchains/llvm/prebuilt/linux-x86_64/sysroot/usr/lib/x86_64-linux-android/24 -L/usr/local/lib/android/sdk/ndk/27.2.12479018/toolchains/llvm/prebuilt/linux-x86_64/sysroot/usr/lib/x86_64-linux-android -L/usr/local/lib/android/sdk/ndk/27.2.12479018/toolchains/llvm/prebuilt/linux-x86_64/sysroot/usr/lib --build-id=sha1 --no-rosegment --no-undefined-version --fatal-warnings --no-undefined CMakeFiles/cmTC_2a9df.dir/CMakeCCompilerABI.c.o /usr/local/lib/android/sdk/ndk/27.2.12479018/toolchains/llvm/prebuilt/linux-x86_64/lib/clang/18/lib/linux/libclang_rt.builtins-x86_64-android.a -l:libunwind.a -ldl -lc /usr/local/lib/android/sdk/ndk/27.2.12479018/toolchains/llvm/prebuilt/linux-x86_64/lib/clang/18/lib/linux/libclang_rt.builtins-x86_64-android.a -l:libunwind.a -ldl /usr/local/lib/android/sdk/ndk/27.2.12479018/toolchains/llvm/prebuilt/linux-x86_64/sysroot/usr/lib/x86_64-linux-android/24/crtend_android.o



Parsed C implicit include dir info from above output: rv=done
  found start of include info
  found start of implicit include info
    add: [/usr/local/lib/android/sdk/ndk/27.2.12479018/toolchains/llvm/prebuilt/linux-x86_64/lib/clang/18/include]
    add: [/usr/local/lib/android/sdk/ndk/27.2.12479018/toolchains/llvm/prebuilt/linux-x86_64/sysroot/usr/include/x86_64-linux-android]
    add: [/usr/local/lib/android/sdk/ndk/27.2.12479018/toolchains/llvm/prebuilt/linux-x86_64/sysroot/usr/include]
  end of search list found
  collapse include dir [/usr/local/lib/android/sdk/ndk/27.2.12479018/toolchains/llvm/prebuilt/linux-x86_64/lib/clang/18/include] ==> [/usr/local/lib/android/sdk/ndk/27.2.12479018/toolchains/llvm/prebuilt/linux-x86_64/lib/clang/18/include]
  collapse include dir [/usr/local/lib/android/sdk/ndk/27.2.12479018/toolchains/llvm/prebuilt/linux-x86_64/sysroot/usr/include/x86_64-linux-android] ==> [/usr/local/lib/android/sdk/ndk/27.2.12479018/toolchains/llvm/prebuilt/linux-x86_64/sysroot/usr/include/x86_64-linux-android]
  collapse include dir [/usr/local/lib/android/sdk/ndk/27.2.12479018/toolchains/llvm/prebuilt/linux-x86_64/sysroot/usr/include] ==> [/usr/local/lib/android/sdk/ndk/27.2.12479018/toolchains/llvm/prebuilt/linux-x86_64/sysroot/usr/include]
  implicit include dirs: [/usr/local/lib/android/sdk/ndk/27.2.12479018/toolchains/llvm/prebuilt/linux-x86_64/lib/clang/18/include;/usr/local/lib/android/sdk/ndk/27.2.12479018/toolchains/llvm/prebuilt/linux-x86_64/sysroot/usr/include/x86_64-linux-android;/usr/local/lib/android/sdk/ndk/27.2.12479018/toolchains/llvm/prebuilt/linux-x86_64/sysroot/usr/include]


Parsed C implicit link information from above output:
  link line regex: [^( *|.*[/\])(ld\.lld|CMAKE_LINK_STARTFILE-NOTFOUND|([^/\]+-)?ld|collect2)[^/\]*( |$)]
  ignore line: [Change Dir: /home/runner/work/MightyMike-Android/MightyMike-Android/android/app/.cxx/Debug/1h5k5w5j/x86_64/CMakeFiles/CMakeTmp]
  ignore line: []
  ignore line: [Run Build Command(s):/usr/local/lib/android/sdk/cmake/3.22.1/bin/ninja cmTC_2a9df && [1/2] Building C object CMakeFiles/cmTC_2a9df.dir/CMakeCCompilerABI.c.o]
  ignore line: [Android (12470979  +pgo  +bolt  +lto  +mlgo  based on r522817c) clang version 18.0.3 (https://android.googlesource.com/toolchain/llvm-project d8003a456d14a3deb8054cdaa529ffbf02d9b262)]
  ignore line: [Target: x86_64-none-linux-android24]
  ignore line: [Thread model: posix]
  ignore line: [InstalledDir: /usr/local/lib/android/sdk/ndk/27.2.12479018/toolchains/llvm/prebuilt/linux-x86_64/bin]
  ignore line: [ (in-process)]
  ignore line: [ "/usr/local/lib/android/sdk/ndk/27.2.12479018/toolchains/llvm/prebuilt/linux-x86_64/bin/clang" -cc1 -triple x86_64-none-linux-android24 -emit-obj -mrelax-all -disable-free -clear-ast-before-backend -disable-llvm-verifier -discard-value-names -main-file-name CMakeCCompilerABI.c -mrelocation-model pic -pic-level 2 -pic-is-pie -mframe-pointer=all -ffp-contract=on -fno-rounding-math -mconstructor-aliases -funwind-tables=2 -target-cpu x86-64 -target-feature +sse4.2 -target-feature +popcnt -target-feature +cx16 -tune-cpu generic -debug-info-kind=constructor -dwarf-version=4 -debugger-tuning=gdb -fdebug-compilation-dir=/home/runner/work/MightyMike-Android/MightyMike-Android/android/app/.cxx/Debug/1h5k5w5j/x86_64/CMakeFiles/CMakeTmp -v -ffunction-sections -fdata-sections -fcoverage-compilation-dir=/home/runner/work/MightyMike-Android/MightyMike-Android/android/app/.cxx/Debug/1h5k5w5j/x86_64/CMakeFiles/CMakeTmp -resource-dir /usr/local/lib/android/sdk/ndk/27.2.12479018/toolchains/llvm/prebuilt/linux-x86_64/lib/clang/18 -dependency-file CMakeFiles/cmTC_2a9df.dir/CMakeCCompilerABI.c.o.d -MT CMakeFiles/cmTC_2a9df.dir/CMakeCCompilerABI.c.o -sys-header-deps -D ANDROID -D _FORTIFY_SOURCE=2 -isysroot /usr/local/lib/android/sdk/ndk/27.2.12479018/toolchains/llvm/prebuilt/linux-x86_64/sysroot -internal-isystem /usr/local/lib/android/sdk/ndk/27.2.12479018/toolchains/llvm/prebuilt/linux-x86_64/lib/clang/18/include -internal-isystem /usr/local/lib/android/sdk/ndk/27.2.12479018/toolchains/llvm/prebuilt/linux-x86_64/sysroot/usr/local/include -internal-externc-isystem /usr/local/lib/android/sdk/ndk/27.2.12479018/toolchains/llvm/prebuilt/linux-x86_64/sysroot/usr/include/x86_64-linux-android -internal-externc-isystem /usr/local/lib/android/sdk/ndk/27.2.12479018/toolchains/llvm/prebuilt/linux-x86_64/sysroot/include -internal-externc-isystem /usr/local/lib/android/sdk/ndk/27.2.12479018/toolchains/llvm/prebuilt/linux-x86_64/sysroot/usr/include -Wformat -ferror-limit 19 -femulated-tls -stack-protector 2 -fgnuc-version=4.2.1 -D__GCC_HAVE_DWARF2_CFI_ASM=1 -o CMakeFiles/cmTC_2a9df.dir/CMakeCCompilerABI.c.o -x c /usr/local/lib/android/sdk/cmake/3.22.1/share/cmake-3.22/Modules/CMakeCCompilerABI.c]
  ignore line: [clang -cc1 version 18.0.3 based upon LLVM 18.0.3 default target x86_64-unknown-linux-gnu]
  ignore line: [ignoring nonexistent directory "/usr/local/lib/android/sdk/ndk/27.2.12479018/toolchains/llvm/prebuilt/linux-x86_64/sysroot/usr/local/include"]
  ignore line: [ignoring nonexistent directory "/usr/local/lib/android/sdk/ndk/27.2.12479018/toolchains/llvm/prebuilt/linux-x86_64/sysroot/include"]
  ignore line: [#include "..." search starts here:]
  ignore line: [#include <...> search starts here:]
  ignore line: [ /usr/local/lib/android/sdk/ndk/27.2.12479018/toolchains/llvm/prebuilt/linux-x86_64/lib/clang/18/include]
  ignore line: [ /usr/local/lib/android/sdk/ndk/27.2.12479018/toolchains/llvm/prebuilt/linux-x86_64/sysroot/usr/include/x86_64-linux-android]
  ignore line: [ /usr/local/lib/android/sdk/ndk/27.2.12479018/toolchains/llvm/prebuilt/linux-x86_64/sysroot/usr/include]
  ignore line: [End of search list.]
  ignore line: [[2/2] Linking C executable cmTC_2a9df]
  ignore line: [Android (12470979  +pgo  +bolt  +lto  +mlgo  based on r522817c) clang version 18.0.3 (https://android.googlesource.com/toolchain/llvm-project d8003a456d14a3deb8054cdaa529ffbf02d9b262)]
  ignore line: [Target: x86_64-none-linux-android24]
  ignore line: [Thread model: posix]
  ignore line: [InstalledDir: /usr/local/lib/android/sdk/ndk/27.2.12479018/toolchains/llvm/prebuilt/linux-x86_64/bin]
  link line: [ "/usr/local/lib/android/sdk/ndk/27.2.12479018/toolchains/llvm/prebuilt/linux-x86_64/bin/ld.lld" --sysroot=/usr/local/lib/android/sdk/ndk/27.2.12479018/toolchains/llvm/prebuilt/linux-x86_64/sysroot -z now -z relro --hash-style=gnu --eh-frame-hdr -m elf_x86_64 -pie -dynamic-linker /system/bin/linker64 -o cmTC_2a9df /usr/local/lib/android/sdk/ndk/27.2.12479018/toolchains/llvm/prebuilt/linux-x86_64/sysroot/usr/lib/x86_64-linux-android/24/crtbegin_dynamic.o -L/usr/local/lib/android/sdk/ndk/27.2.12479018/toolchains/llvm/prebuilt/linux-x86_64/lib/clang/18/lib/linux/x86_64 -L/usr/local/lib/android/sdk/ndk/27.2.12479018/toolchains/llvm/prebuilt/linux-x86_64/sysroot/usr/lib/x86_64-linux-android/24 -L/usr/local/lib/android/sdk/ndk/27.2.12479018/toolchains/llvm/prebuilt/linux-x86_64/sysroot/usr/lib/x86_64-linux-android -L/usr/local/lib/android/sdk/ndk/27.2.12479018/toolchains/llvm/prebuilt/linux-x86_64/sysroot/usr/lib --build-id=sha1 --no-rosegment --no-undefined-version --fatal-warnings --no-undefined CMakeFiles/cmTC_2a9df.dir/CMakeCCompilerABI.c.o /usr/local/lib/android/sdk/ndk/27.2.12479018/toolchains/llvm/prebuilt/linux-x86_64/lib/clang/18/lib/linux/libclang_rt.builtins-x86_64-android.a -l:libunwind.a -ldl -lc /usr/local/lib/android/sdk/ndk/27.2.12479018/toolchains/llvm/prebuilt/linux-x86_64/lib/clang/18/lib/linux/libclang_rt.builtins-x86_64-android.a -l:libunwind.a -ldl /usr/local/lib/android/sdk/ndk/27.2.12479018/toolchains/llvm/prebuilt/linux-x86_64/sysroot/usr/lib/x86_64-linux-android/24/crtend_android.o]
    arg [/usr/local/lib/android/sdk/ndk/27.2.12479018/toolchains/llvm/prebuilt/linux-x86_64/bin/ld.lld] ==> ignore
    arg [--sysroot=/usr/local/lib/android/sdk/ndk/27.2.12479018/toolchains/llvm/prebuilt/linux-x86_64/sysroot] ==> ignore
    arg [-znow] ==> ignore
    arg [-zrelro] ==> ignore
    arg [--hash-style=gnu] ==> ignore
    arg [--eh-frame-hdr] ==> ignore
    arg [-m] ==> ignore
    arg [elf_x86_64] ==> ignore
    arg [-pie] ==> ignore
    arg [-dynamic-linker] ==> ignore
    arg [/system/bin/linker64] ==> ignore
    arg [-o] ==> ignore
    arg [cmTC_2a9df] ==> ignore
    arg [/usr/local/lib/android/sdk/ndk/27.2.12479018/toolchains/llvm/prebuilt/linux-x86_64/sysroot/usr/lib/x86_64-linux-android/24/crtbegin_dynamic.o] ==> obj [/usr/local/lib/android/sdk/ndk/27.2.12479018/toolchains/llvm/prebuilt/linux-x86_64/sysroot/usr/lib/x86_64-linux-android/24/crtbegin_dynamic.o]
    arg [-L/usr/local/lib/android/sdk/ndk/27.2.12479018/toolchains/llvm/prebuilt/linux-x86_64/lib/clang/18/lib/linux/x86_64] ==> dir [/usr/local/lib/android/sdk/ndk/27.2.12479018/toolchains/llvm/prebuilt/linux-x86_64/lib/clang/18/lib/linux/x86_64]
    arg [-L/usr/local/lib/android/sdk/ndk/27.2.12479018/toolchains/llvm/prebuilt/linux-x86_64/sysroot/usr/lib/x86_64-linux-android/24] ==> dir [/usr/local/lib/android/sdk/ndk/27.2.12479018/toolchains/llvm/prebuilt/linux-x86_64/sysroot/usr/lib/x86_64-linux-android/24]
    arg [-L/usr/local/lib/android/sdk/ndk/27.2.12479018/toolchains/llvm/prebuilt/linux-x86_64/sysroot/usr/lib/x86_64-linux-android] ==> dir [/usr/local/lib/android/sdk/ndk/27.2.12479018/toolchains/llvm/prebuilt/linux-x86_64/sysroot/usr/lib/x86_64-linux-android]
    arg [-L/usr/local/lib/android/sdk/ndk/27.2.12479018/toolchains/llvm/prebuilt/linux-x86_64/sysroot/usr/lib] ==> dir [/usr/local/lib/android/sdk/ndk/27.2.12479018/toolchains/llvm/prebuilt/linux-x86_64/sysroot/usr/lib]
    arg [--build-id=sha1] ==> ignore
    arg [--no-rosegment] ==> ignore
    arg [--no-undefined-version] ==> ignore
    arg [--fatal-warnings] ==> ignore
    arg [--no-undefined] ==> ignore
    arg [CMakeFiles/cmTC_2a9df.dir/CMakeCCompilerABI.c.o] ==> ignore
    arg [/usr/local/lib/android/sdk/ndk/27.2.12479018/toolchains/llvm/prebuilt/linux-x86_64/lib/clang/18/lib/linux/libclang_rt.builtins-x86_64-android.a] ==> lib [/usr/local/lib/android/sdk/ndk/27.2.12479018/toolchains/llvm/prebuilt/linux-x86_64/lib/clang/18/lib/linux/libclang_rt.builtins-x86_64-android.a]
    arg [-l:libunwind.a] ==> lib [-l:libunwind.a]
    arg [-ldl] ==> lib [dl]
    arg [-lc] ==> lib [c]
    arg [/usr/local/lib/android/sdk/ndk/27.2.12479018/toolchains/llvm/prebuilt/linux-x86_64/lib/clang/18/lib/linux/libclang_rt.builtins-x86_64-android.a] ==> lib [/usr/local/lib/android/sdk/ndk/27.2.12479018/toolchains/llvm/prebuilt/linux-x86_64/lib/clang/18/lib/linux/libclang_rt.builtins-x86_64-android.a]
    arg [-l:libunwind.a] ==> lib [-l:libunwind.a]
    arg [-ldl] ==> lib [dl]
    arg [/usr/local/lib/android/sdk/ndk/27.2.12479018/toolchains/llvm/prebuilt/linux-x86_64/sysroot/usr/lib/x86_64-linux-android/24/crtend_android.o] ==> obj [/usr/local/lib/android/sdk/ndk/27.2.12479018/toolchains/llvm/prebuilt/linux-x86_64/sysroot/usr/lib/x86_64-linux-android/24/crtend_android.o]
  remove lib [/usr/local/lib/android/sdk/ndk/27.2.12479018/toolchains/llvm/prebuilt/linux-x86_64/lib/clang/18/lib/linux/libclang_rt.builtins-x86_64-android.a]
  remove lib [/usr/local/lib/android/sdk/ndk/27.2.12479018/toolchains/llvm/prebuilt/linux-x86_64/lib/clang/18/lib/linux/libclang_rt.builtins-x86_64-android.a]
  collapse library dir [/usr/local/lib/android/sdk/ndk/27.2.12479018/toolchains/llvm/prebuilt/linux-x86_64/lib/clang/18/lib/linux/x86_64] ==> [/usr/local/lib/android/sdk/ndk/27.2.12479018/toolchains/llvm/prebuilt/linux-x86_64/lib/clang/18/lib/linux/x86_64]
  collapse library dir [/usr/local/lib/android/sdk/ndk/27.2.12479018/toolchains/llvm/prebuilt/linux-x86_64/sysroot/usr/lib/x86_64-linux-android/24] ==> [/usr/local/lib/android/sdk/ndk/27.2.12479018/toolchains/llvm/prebuilt/linux-x86_64/sysroot/usr/lib/x86_64-linux-android/24]
  collapse library dir [/usr/local/lib/android/sdk/ndk/27.2.12479018/toolchains/llvm/prebuilt/linux-x86_64/sysroot/usr/lib/x86_64-linux-android] ==> [/usr/local/lib/android/sdk/ndk/27.2.12479018/toolchains/llvm/prebuilt/linux-x86_64/sysroot/usr/lib/x86_64-linux-android]
  collapse library dir [/usr/local/lib/android/sdk/ndk/27.2.12479018/toolchains/llvm/prebuilt/linux-x86_64/sysroot/usr/lib] ==> [/usr/local/lib/android/sdk/ndk/27.2.12479018/toolchains/llvm/prebuilt/linux-x86_64/sysroot/usr/lib]
  implicit libs: [-l:libunwind.a;dl;c;-l:libunwind.a;dl]
  implicit objs: [/usr/local/lib/android/sdk/ndk/27.2.12479018/toolchains/llvm/prebuilt/linux-x86_64/sysroot/usr/lib/x86_64-linux-android/24/crtbegin_dynamic.o;/usr/local/lib/android/sdk/ndk/27.2.12479018/toolchains/llvm/prebuilt/linux-x86_64/sysroot/usr/lib/x86_64-linux-android/24/crtend_android.o]
  implicit dirs: [/usr/local/lib/android/sdk/ndk/27.2.12479018/toolchains/llvm/prebuilt/linux-x86_64/lib/clang/18/lib/linux/x86_64;/usr/local/lib/android/sdk/ndk/27.2.12479018/toolchains/llvm/prebuilt/linux-x86_64/sysroot/usr/lib/x86_64-linux-android/24;/usr/local/lib/android/sdk/ndk/27.2.12479018/toolchains/llvm/prebuilt/linux-x86_64/sysroot/usr/lib/x86_64-linux-android;/usr/local/lib/android/sdk/ndk/27.2.12479018/toolchains/llvm/prebuilt/linux-x86_64/sysroot/usr/lib]
  implicit fwks: []


Detecting CXX compiler ABI info compiled with the following output:
Change Dir: /home/runner/work/MightyMike-Android/MightyMike-Android/android/app/.cxx/Debug/1h5k5w5j/x86_64/CMakeFiles/CMakeTmp

Run Build Command(s):/usr/local/lib/android/sdk/cmake/3.22.1/bin/ninja cmTC_7fd4a && [1/2] Building CXX object CMakeFiles/cmTC_7fd4a.dir/CMakeCXXCompilerABI.cpp.o
Android (12470979, +pgo, +bolt, +lto, +mlgo, based on r522817c) clang version 18.0.3 (https://android.googlesource.com/toolchain/llvm-project d8003a456d14a3deb8054cdaa529ffbf02d9b262)
Target: x86_64-none-linux-android24
Thread model: posix
InstalledDir: /usr/local/lib/android/sdk/ndk/27.2.12479018/toolchains/llvm/prebuilt/linux-x86_64/bin
 (in-process)
 "/usr/local/lib/android/sdk/ndk/27.2.12479018/toolchains/llvm/prebuilt/linux-x86_64/bin/clang++" -cc1 -triple x86_64-none-linux-android24 -emit-obj -mrelax-all -disable-free -clear-ast-before-backend -disable-llvm-verifier -discard-value-names -main-file-name CMakeCXXCompilerABI.cpp -mrelocation-model pic -pic-level 2 -pic-is-pie -mframe-pointer=all -ffp-contract=on -fno-rounding-math -mconstructor-aliases -funwind-tables=2 -target-cpu x86-64 -target-feature +sse4.2 -target-feature +popcnt -target-feature +cx16 -tune-cpu generic -debug-info-kind=constructor -dwarf-version=4 -debugger-tuning=gdb -fdebug-compilation-dir=/home/runner/work/MightyMike-Android/MightyMike-Android/android/app/.cxx/Debug/1h5k5w5j/x86_64/CMakeFiles/CMakeTmp -v -ffunction-sections -fdata-sections -fcoverage-compilation-dir=/home/runner/work/MightyMike-Android/MightyMike-Android/android/app/.cxx/Debug/1h5k5w5j/x86_64/CMakeFiles/CMakeTmp -resource-dir /usr/local/lib/android/sdk/ndk/27.2.12479018/toolchains/llvm/prebuilt/linux-x86_64/lib/clang/18 -dependency-file CMakeFiles/cmTC_7fd4a.dir/CMakeCXXCompilerABI.cpp.o.d -MT CMakeFiles/cmTC_7fd4a.dir/CMakeCXXCompilerABI.cpp.o -sys-header-deps -D ANDROID -D _FORTIFY_SOURCE=2 -isysroot /usr/local/lib/android/sdk/ndk/27.2.12479018/toolchains/llvm/prebuilt/linux-x86_64/sysroot -internal-isystem /usr/local/lib/android/sdk/ndk/27.2.12479018/toolchains/llvm/prebuilt/linux-x86_64/sysroot/usr/include/c++/v1 -internal-isystem /usr/local/lib/android/sdk/ndk/27.2.12479018/toolchains/llvm/prebuilt/linux-x86_64/lib/clang/18/include -internal-isystem /usr/local/lib/android/sdk/ndk/27.2.12479018/toolchains/llvm/prebuilt/linux-x86_64/sysroot/usr/local/include -internal-externc-isystem /usr/local/lib/android/sdk/ndk/27.2.12479018/toolchains/llvm/prebuilt/linux-x86_64/sysroot/usr/include/x86_64-linux-android -internal-externc-isystem /usr/local/lib/android/sdk/ndk/27.2.12479018/toolchains/llvm/prebuilt/linux-x86_64/sysroot/include -internal-externc-isystem /usr/local/lib/android/sdk/ndk/27.2.12479018/toolchains/llvm/prebuilt/linux-x86_64/sysroot/usr/include -Wformat -std=gnu++20 -fdeprecated-macro -ferror-limit 19 -femulated-tls -stack-protector 2 -fgnuc-version=4.2.1 -fno-implicit-modules -fcxx-exceptions -fexceptions -D__GCC_HAVE_DWARF2_CFI_ASM=1 -o CMakeFiles/cmTC_7fd4a.dir/CMakeCXXCompilerABI.cpp.o -x c++ /usr/local/lib/android/sdk/cmake/3.22.1/share/cmake-3.22/Modules/CMakeCXXCompilerABI.cpp
clang -cc1 version 18.0.3 based upon LLVM 18.0.3 default target x86_64-unknown-linux-gnu
ignoring nonexistent directory "/usr/local/lib/android/sdk/ndk/27.2.12479018/toolchains/llvm/prebuilt/linux-x86_64/sysroot/usr/local/include"
ignoring nonexistent directory "/usr/local/lib/android/sdk/ndk/27.2.12479018/toolchains/llvm/prebuilt/linux-x86_64/sysroot/include"
#include "..." search starts here:
#include <...> search starts here:
 /usr/local/lib/android/sdk/ndk/27.2.12479018/toolchains/llvm/prebuilt/linux-x86_64/sysroot/usr/include/c++/v1
 /usr/local/lib/android/sdk/ndk/27.2.12479018/toolchains/llvm/prebuilt/linux-x86_64/lib/clang/18/include
 /usr/local/lib/android/sdk/ndk/27.2.12479018/toolchains/llvm/prebuilt/linux-x86_64/sysroot/usr/include/x86_64-linux-android
 /usr/local/lib/android/sdk/ndk/27.2.12479018/toolchains/llvm/prebuilt/linux-x86_64/sysroot/usr/include
End of search list.
[2/2] Linking CXX executable cmTC_7fd4a
Android (12470979, +pgo, +bolt, +lto, +mlgo, based on r522817c) clang version 18.0.3 (https://android.googlesource.com/toolchain/llvm-project d8003a456d14a3deb8054cdaa529ffbf02d9b262)
Target: x86_64-none-linux-android24
Thread model: posix
InstalledDir: /usr/local/lib/android/sdk/ndk/27.2.12479018/toolchains/llvm/prebuilt/linux-x86_64/bin
 "/usr/local/lib/android/sdk/ndk/27.2.12479018/toolchains/llvm/prebuilt/linux-x86_64/bin/ld.lld" --sysroot=/usr/local/lib/android/sdk/ndk/27.2.12479018/toolchains/llvm/prebuilt/linux-x86_64/sysroot -z now -z relro --hash-style=gnu --eh-frame-hdr -m elf_x86_64 -pie -dynamic-linker /system/bin/linker64 -o cmTC_7fd4a /usr/local/lib/android/sdk/ndk/27.2.12479018/toolchains/llvm/prebuilt/linux-x86_64/sysroot/usr/lib/x86_64-linux-android/24/crtbegin_dynamic.o -L/usr/local/lib/android/sdk/ndk/27.2.12479018/toolchains/llvm/prebuilt/linux-x86_64/lib/clang/18/lib/linux/x86_64 -L/usr/local/lib/android/sdk/ndk/27.2.12479018/toolchains/llvm/prebuilt/linux-x86_64/sysroot/usr/lib/x86_64-linux-android/24 -L/usr/local/lib/android/sdk/ndk/27.2.12479018/toolchains/llvm/prebuilt/linux-x86_64/sysroot/usr/lib/x86_64-linux-android -L/usr/local/lib/android/sdk/ndk/27.2.12479018/toolchains/llvm/prebuilt/linux-x86_64/sysroot/usr/lib --build-id=sha1 --no-rosegment --no-undefined-version --fatal-warnings --no-undefined CMakeFiles/cmTC_7fd4a.dir/CMakeCXXCompilerABI.cpp.o -lc++ -lm /usr/local/lib/android/sdk/ndk/27.2.12479018/toolchains/llvm/prebuilt/linux-x86_64/lib/clang/18/lib/linux/libclang_rt.builtins-x86_64-android.a -l:libunwind.a -ldl -lc /usr/local/lib/android/sdk/ndk/27.2.12479018/toolchains/llvm/prebuilt/linux-x86_64/lib/clang/18/lib/linux/libclang_rt.builtins-x86_64-android.a -l:libunwind.a -ldl /usr/local/lib/android/sdk/ndk/27.2.12479018/toolchains/llvm/prebuilt/linux-x86_64/sysroot/usr/lib/x86_64-linux-android/24/crtend_android.o



Parsed CXX implicit include dir info from above output: rv=done
  found start of include info
  found start of implicit include info
    add: [/usr/local/lib/android/sdk/ndk/27.2.12479018/toolchains/llvm/prebuilt/linux-x86_64/sysroot/usr/include/c++/v1]
    add: [/usr/local/lib/android/sdk/ndk/27.2.12479018/toolchains/llvm/prebuilt/linux-x86_64/lib/clang/18/include]
    add: [/usr/local/lib/android/sdk/ndk/27.2.12479018/toolchains/llvm/prebuilt/linux-x86_64/sysroot/usr/include/x86_64-linux-android]
    add: [/usr/local/lib/android/sdk/ndk/27.2.12479018/toolchains/llvm/prebuilt/linux-x86_64/sysroot/usr/include]
  end of search list found
  collapse include dir [/usr/local/lib/android/sdk/ndk/27.2.12479018/toolchains/llvm/prebuilt/linux-x86_64/sysroot/usr/include/c++/v1] ==> [/usr/local/lib/android/sdk/ndk/27.2.12479018/toolchains/llvm/prebuilt/linux-x86_64/sysroot/usr/include/c++/v1]
  collapse include dir [/usr/local/lib/android/sdk/ndk/27.2.12479018/toolchains/llvm/prebuilt/linux-x86_64/lib/clang/18/include] ==> [/usr/local/lib/android/sdk/ndk/27.2.12479018/toolchains/llvm/prebuilt/linux-x86_64/lib/clang/18/include]
  collapse include dir [/usr/local/lib/android/sdk/ndk/27.2.12479018/toolchains/llvm/prebuilt/linux-x86_64/sysroot/usr/include/x86_64-linux-android] ==> [/usr/local/lib/android/sdk/ndk/27.2.12479018/toolchains/llvm/prebuilt/linux-x86_64/sysroot/usr/include/x86_64-linux-android]
  collapse include dir [/usr/local/lib/android/sdk/ndk/27.2.12479018/toolchains/llvm/prebuilt/linux-x86_64/sysroot/usr/include] ==> [/usr/local/lib/android/sdk/ndk/27.2.12479018/toolchains/llvm/prebuilt/linux-x86_64/sysroot/usr/include]
  implicit include dirs: [/usr/local/lib/android/sdk/ndk/27.2.12479018/toolchains/llvm/prebuilt/linux-x86_64/sysroot/usr/include/c++/v1;/usr/local/lib/android/sdk/ndk/27.2.12479018/toolchains/llvm/prebuilt/linux-x86_64/lib/clang/18/include;/usr/local/lib/android/sdk/ndk/27.2.12479018/toolchains/llvm/prebuilt/linux-x86_64/sysroot/usr/include/x86_64-linux-android;/usr/local/lib/android/sdk/ndk/27.2.12479018/toolchains/llvm/prebuilt/linux-x86_64/sysroot/usr/include]


Parsed CXX implicit link information from above output:
  link line regex: [^( *|.*[/\])(ld\.lld|CMAKE_LINK_STARTFILE-NOTFOUND|([^/\]+-)?ld|collect2)[^/\]*( |$)]
  ignore line: [Change Dir: /home/runner/work/MightyMike-Android/MightyMike-Android/android/app/.cxx/Debug/1h5k5w5j/x86_64/CMakeFiles/CMakeTmp]
  ignore line: []
  ignore line: [Run Build Command(s):/usr/local/lib/android/sdk/cmake/3.22.1/bin/ninja cmTC_7fd4a && [1/2] Building CXX object CMakeFiles/cmTC_7fd4a.dir/CMakeCXXCompilerABI.cpp.o]
  ignore line: [Android (12470979  +pgo  +bolt  +lto  +mlgo  based on r522817c) clang version 18.0.3 (https://android.googlesource.com/toolchain/llvm-project d8003a456d14a3deb8054cdaa529ffbf02d9b262)]
  ignore line: [Target: x86_64-none-linux-android24]
  ignore line: [Thread model: posix]
  ignore line: [InstalledDir: /usr/local/lib/android/sdk/ndk/27.2.12479018/toolchains/llvm/prebuilt/linux-x86_64/bin]
  ignore line: [ (in-process)]
  ignore line: [ "/usr/local/lib/android/sdk/ndk/27.2.12479018/toolchains/llvm/prebuilt/linux-x86_64/bin/clang++" -cc1 -triple x86_64-none-linux-android24 -emit-obj -mrelax-all -disable-free -clear-ast-before-backend -disable-llvm-verifier -discard-value-names -main-file-name CMakeCXXCompilerABI.cpp -mrelocation-model pic -pic-level 2 -pic-is-pie -mframe-pointer=all -ffp-contract=on -fno-rounding-math -mconstructor-aliases -funwind-tables=2 -target-cpu x86-64 -target-feature +sse4.2 -target-feature +popcnt -target-feature +cx16 -tune-cpu generic -debug-info-kind=constructor -dwarf-version=4 -debugger-tuning=gdb -fdebug-compilation-dir=/home/runner/work/MightyMike-Android/MightyMike-Android/android/app/.cxx/Debug/1h5k5w5j/x86_64/CMakeFiles/CMakeTmp -v -ffunction-sections -fdata-sections -fcoverage-compilation-dir=/home/runner/work/MightyMike-Android/MightyMike-Android/android/app/.cxx/Debug/1h5k5w5j/x86_64/CMakeFiles/CMakeTmp -resource-dir /usr/local/lib/android/sdk/ndk/27.2.12479018/toolchains/llvm/prebuilt/linux-x86_64/lib/clang/18 -dependency-file CMakeFiles/cmTC_7fd4a.dir/CMakeCXXCompilerABI.cpp.o.d -MT CMakeFiles/cmTC_7fd4a.dir/CMakeCXXCompilerABI.cpp.o -sys-header-deps -D ANDROID -D _FORTIFY_SOURCE=2 -isysroot /usr/local/lib/android/sdk/ndk/27.2.12479018/toolchains/llvm/prebuilt/linux-x86_64/sysroot -internal-isystem /usr/local/lib/android/sdk/ndk/27.2.12479018/toolchains/llvm/prebuilt/linux-x86_64/sysroot/usr/include/c++/v1 -internal-isystem /usr/local/lib/android/sdk/ndk/27.2.12479018/toolchains/llvm/prebuilt/linux-x86_64/lib/clang/18/include -internal-isystem /usr/local/lib/android/sdk/ndk/27.2.12479018/toolchains/llvm/prebuilt/linux-x86_64/sysroot/usr/local/include -internal-externc-isystem /usr/local/lib/android/sdk/ndk/27.2.12479018/toolchains/llvm/prebuilt/linux-x86_64/sysroot/usr/include/x86_64-linux-android -internal-externc-isystem /usr/local/lib/android/sdk/ndk/27.2.12479018/toolchains/llvm/prebuilt/linux-x86_64/sysroot/include -internal-externc-isystem /usr/local/lib/android/sdk/ndk/27.2.12479018/toolchains/llvm/prebuilt/linux-x86_64/sysroot/usr/include -Wformat -std=gnu++20 -fdeprecated-macro -ferror-limit 19 -femulated-tls -stack-protector 2 -fgnuc-version=4.2.1 -fno-implicit-modules -fcxx-exceptions -fexceptions -D__GCC_HAVE_DWARF2_CFI_ASM=1 -o CMakeFiles/cmTC_7fd4a.dir/CMakeCXXCompilerABI.cpp.o -x c++ /usr/local/lib/android/sdk/cmake/3.22.1/share/cmake-3.22/Modules/CMakeCXXCompilerABI.cpp]
  ignore line: [clang -cc1 version 18.0.3 based upon LLVM 18.0.3 default target x86_64-unknown-linux-gnu]
  ignore line: [ignoring nonexistent directory "/usr/local/lib/android/sdk/ndk/27.2.12479018/toolchains/llvm/prebuilt/linux-x86_64/sysroot/usr/local/include"]
  ignore line: [ignoring nonexistent directory "/usr/local/lib/android/sdk/ndk/27.2.12479018/toolchains/llvm/prebuilt/linux-x86_64/sysroot/include"]
  ignore line: [#include "..." search starts here:]
  ignore line: [#include <...> search starts here:]
  ignore line: [ /usr/local/lib/android/sdk/ndk/27.2.12479018/toolchains/llvm/prebuilt/linux-x86_64/sysroot/usr/include/c++/v1]
  ignore line: [ /usr/local/lib/android/sdk/ndk/27.2.12479018/toolchains/llvm/prebuilt/linux-x86_64/lib/clang/18/include]
  ignore line: [ /usr/local/lib/android/sdk/ndk/27.2.12479018/toolchains/llvm/prebuilt/linux-x86_64/sysroot/usr/include/x86_64-linux-android]
  ignore line: [ /usr/local/lib/android/sdk/ndk/27.2.12479018/toolchains/llvm/prebuilt/linux-x86_64/sysroot/usr/include]
  ignore line: [End of search list.]
  ignore line: [[2/2] Linking CXX executable cmTC_7fd4a]
  ignore line: [Android (12470979  +pgo  +bolt  +lto  +mlgo  based on r522817c) clang version 18.0.3 (https://android.googlesource.com/toolchain/llvm-project d8003a456d14a3deb8054cdaa529ffbf02d9b262)]
  ignore line: [Target: x86_64-none-linux-android24]
  ignore line: [Thread model: posix]
  ignore line: [InstalledDir: /usr/local/lib/android/sdk/ndk/27.2.12479018/toolchains/llvm/prebuilt/linux-x86_64/bin]
  link line: [ "/usr/local/lib/android/sdk/ndk/27.2.12479018/toolchains/llvm/prebuilt/linux-x86_64/bin/ld.lld" --sysroot=/usr/local/lib/android/sdk/ndk/27.2.12479018/toolchains/llvm/prebuilt/linux-x86_64/sysroot -z now -z relro --hash-style=gnu --eh-frame-hdr -m elf_x86_64 -pie -dynamic-linker /system/bin/linker64 -o cmTC_7fd4a /usr/local/lib/android/sdk/ndk/27.2.12479018/toolchains/llvm/prebuilt/linux-x86_64/sysroot/usr/lib/x86_64-linux-android/24/crtbegin_dynamic.o -L/usr/local/lib/android/sdk/ndk/27.2.12479018/toolchains/llvm/prebuilt/linux-x86_64/lib/clang/18/lib/linux/x86_64 -L/usr/local/lib/android/sdk/ndk/27.2.12479018/toolchains/llvm/prebuilt/linux-x86_64/sysroot/usr/lib/x86_64-linux-android/24 -L/usr/local/lib/android/sdk/ndk/27.2.12479018/toolchains/llvm/prebuilt/linux-x86_64/sysroot/usr/lib/x86_64-linux-android -L/usr/local/lib/android/sdk/ndk/27.2.12479018/toolchains/llvm/prebuilt/linux-x86_64/sysroot/usr/lib --build-id=sha1 --no-rosegment --no-undefined-version --fatal-warnings --no-undefined CMakeFiles/cmTC_7fd4a.dir/CMakeCXXCompilerABI.cpp.o -lc++ -lm /usr/local/lib/android/sdk/ndk/27.2.12479018/toolchains/llvm/prebuilt/linux-x86_64/lib/clang/18/lib/linux/libclang_rt.builtins-x86_64-android.a -l:libunwind.a -ldl -lc /usr/local/lib/android/sdk/ndk/27.2.12479018/toolchains/llvm/prebuilt/linux-x86_64/lib/clang/18/lib/linux/libclang_rt.builtins-x86_64-android.a -l:libunwind.a -ldl /usr/local/lib/android/sdk/ndk/27.2.12479018/toolchains/llvm/prebuilt/linux-x86_64/sysroot/usr/lib/x86_64-linux-android/24/crtend_android.o]
    arg [/usr/local/lib/android/sdk/ndk/27.2.12479018/toolchains/llvm/prebuilt/linux-x86_64/bin/ld.lld] ==> ignore
    arg [--sysroot=/usr/local/lib/android/sdk/ndk/27.2.12479018/toolchains/llvm/prebuilt/linux-x86_64/sysroot] ==> ignore
    arg [-znow] ==> ignore
    arg [-zrelro] ==> ignore
    arg [--hash-style=gnu] ==> ignore
    arg [--eh-frame-hdr] ==> ignore
    arg [-m] ==> ignore
    arg [elf_x86_64] ==> ignore
    arg [-pie] ==> ignore
    arg [-dynamic-linker] ==> ignore
    arg [/system/bin/linker64] ==> ignore
    arg [-o] ==> ignore
    arg [cmTC_7fd4a] ==> ignore
    arg [/usr/local/lib/android/sdk/ndk/27.2.12479018/toolchains/llvm/prebuilt/linux-x86_64/sysroot/usr/lib/x86_64-linux-android/24/crtbegin_dynamic.o] ==> obj [/usr/local/lib/android/sdk/ndk/27.2.12479018/toolchains/llvm/prebuilt/linux-x86_64/sysroot/usr/lib/x86_64-linux-android/24/crtbegin_dynamic.o]
    arg [-L/usr/local/lib/android/sdk/ndk/27.2.12479018/toolchains/llvm/prebuilt/linux-x86_64/lib/clang/18/lib/linux/x86_64] ==> dir [/usr/local/lib/android/sdk/ndk/27.2.12479018/toolchains/llvm/prebuilt/linux-x86_64/lib/clang/18/lib/linux/x86_64]
    arg [-L/usr/local/lib/android/sdk/ndk/27.2.12479018/toolchains/llvm/prebuilt/linux-x86_64/sysroot/usr/lib/x86_64-linux-android/24] ==> dir [/usr/local/lib/android/sdk/ndk/27.2.12479018/toolchains/llvm/prebuilt/linux-x86_64/sysroot/usr/lib/x86_64-linux-android/24]
    arg [-L/usr/local/lib/android/sdk/ndk/27.2.12479018/toolchains/llvm/prebuilt/linux-x86_64/sysroot/usr/lib/x86_64-linux-android] ==> dir [/usr/local/lib/android/sdk/ndk/27.2.12479018/toolchains/llvm/prebuilt/linux-x86_64/sysroot/usr/lib/x86_64-linux-android]
    arg [-L/usr/local/lib/android/sdk/ndk/27.2.12479018/toolchains/llvm/prebuilt/linux-x86_64/sysroot/usr/lib] ==> dir [/usr/local/lib/android/sdk/ndk/27.2.12479018/toolchains/llvm/prebuilt/linux-x86_64/sysroot/usr/lib]
    arg [--build-id=sha1] ==> ignore
    arg [--no-rosegment] ==> ignore
    arg [--no-undefined-version] ==> ignore
    arg [--fatal-warnings] ==> ignore
    arg [--no-undefined] ==> ignore
    arg [CMakeFiles/cmTC_7fd4a.dir/CMakeCXXCompilerABI.cpp.o] ==> ignore
    arg [-lc++] ==> lib [c++]
    arg [-lm] ==> lib [m]
    arg [/usr/local/lib/android/sdk/ndk/27.2.12479018/toolchains/llvm/prebuilt/linux-x86_64/lib/clang/18/lib/linux/libclang_rt.builtins-x86_64-android.a] ==> lib [/usr/local/lib/android/sdk/ndk/27.2.12479018/toolchains/llvm/prebuilt/linux-x86_64/lib/clang/18/lib/linux/libclang_rt.builtins-x86_64-android.a]
    arg [-l:libunwind.a] ==> lib [-l:libunwind.a]
    arg [-ldl] ==> lib [dl]
    arg [-lc] ==> lib [c]
    arg [/usr/local/lib/android/sdk/ndk/27.2.12479018/toolchains/llvm/prebuilt/linux-x86_64/lib/clang/18/lib/linux/libclang_rt.builtins-x86_64-android.a] ==> lib [/usr/local/lib/android/sdk/ndk/27.2.12479018/toolchains/llvm/prebuilt/linux-x86_64/lib/clang/18/lib/linux/libclang_rt.builtins-x86_64-android.a]
    arg [-l:libunwind.a] ==> lib [-l:libunwind.a]
    arg [-ldl] ==> lib [dl]
    arg [/usr/local/lib/android/sdk/ndk/27.2.12479018/toolchains/llvm/prebuilt/linux-x86_64/sysroot/usr/lib/x86_64-linux-android/24/crtend_android.o] ==> obj [/usr/local/lib/android/sdk/ndk/27.2.12479018/toolchains/llvm/prebuilt/linux-x86_64/sysroot/usr/lib/x86_64-linux-android/24/crtend_android.o]
  remove lib [/usr/local/lib/android/sdk/ndk/27.2.12479018/toolchains/llvm/prebuilt/linux-x86_64/lib/clang/18/lib/linux/libclang_rt.builtins-x86_64-android.a]
  remove lib [/usr/local/lib/android/sdk/ndk/27.2.12479018/toolchains/llvm/prebuilt/linux-x86_64/lib/clang/18/lib/linux/libclang_rt.builtins-x86_64-android.a]
  collapse library dir [/usr/local/lib/android/sdk/ndk/27.2.12479018/toolchains/llvm/prebuilt/linux-x86_64/lib/clang/18/lib/linux/x86_64] ==> [/usr/local/lib/android/sdk/ndk/27.2.12479018/toolchains/llvm/prebuilt/linux-x86_64/lib/clang/18/lib/linux/x86_64]
  collapse library dir [/usr/local/lib/android/sdk/ndk/27.2.12479018/toolchains/llvm/prebuilt/linux-x86_64/sysroot/usr/lib/x86_64-linux-android/24] ==> [/usr/local/lib/android/sdk/ndk/27.2.12479018/toolchains/llvm/prebuilt/linux-x86_64/sysroot/usr/lib/x86_64-linux-android/24]
  collapse library dir [/usr/local/lib/android/sdk/ndk/27.2.12479018/toolchains/llvm/prebuilt/linux-x86_64/sysroot/usr/lib/x86_64-linux-android] ==> [/usr/local/lib/android/sdk/ndk/27.2.12479018/toolchains/llvm/prebuilt/linux-x86_64/sysroot/usr/lib/x86_64-linux-android]
  collapse library dir [/usr/local/lib/android/sdk/ndk/27.2.12479018/toolchains/llvm/prebuilt/linux-x86_64/sysroot/usr/lib] ==> [/usr/local/lib/android/sdk/ndk/27.2.12479018/toolchains/llvm/prebuilt/linux-x86_64/sysroot/usr/lib]
  implicit libs: [c++;m;-l:libunwind.a;dl;c;-l:libunwind.a;dl]
  implicit objs: [/usr/local/lib/android/sdk/ndk/27.2.12479018/toolchains/llvm/prebuilt/linux-x86_64/sysroot/usr/lib/x86_64-linux-android/24/crtbegin_dynamic.o;/usr/local/lib/android/sdk/ndk/27.2.12479018/toolchains/llvm/prebuilt/linux-x86_64/sysroot/usr/lib/x86_64-linux-android/24/crtend_android.o]
  implicit dirs: [/usr/local/lib/android/sdk/ndk/27.2.12479018/toolchains/llvm/prebuilt/linux-x86_64/lib/clang/18/lib/linux/x86_64;/usr/local/lib/android/sdk/ndk/27.2.12479018/toolchains/llvm/prebuilt/linux-x86_64/sysroot/usr/lib/x86_64-linux-android/24;/usr/local/lib/android/sdk/ndk/27.2.12479018/toolchains/llvm/prebuilt/linux-x86_64/sysroot/usr/lib/x86_64-linux-android;/usr/local/lib/android/sdk/ndk/27.2.12479018/toolchains/llvm/prebuilt/linux-x86_64/sysroot/usr/lib]
  implicit fwks: []


Performing C SOURCE FILE Test HAVE_GCC_WALL succeeded with the following output:
Change Dir: /home/runner/work/MightyMike-Android/MightyMike-Android/android/app/.cxx/Debug/1h5k5w5j/x86_64/CMakeFiles/CMakeTmp

Run Build Command(s):/usr/local/lib/android/sdk/cmake/3.22.1/bin/ninja cmTC_843cc && [1/2] Building C object CMakeFiles/cmTC_843cc.dir/src.c.o
[2/2] Linking C executable cmTC_843cc


Source file was:
int main(void) { return 0; }
Performing C SOURCE FILE Test HAVE_GCC_WUNDEF succeeded with the following output:
Change Dir: /home/runner/work/MightyMike-Android/MightyMike-Android/android/app/.cxx/Debug/1h5k5w5j/x86_64/CMakeFiles/CMakeTmp

Run Build Command(s):/usr/local/lib/android/sdk/cmake/3.22.1/bin/ninja cmTC_8d265 && [1/2] Building C object CMakeFiles/cmTC_8d265.dir/src.c.o
[2/2] Linking C executable cmTC_8d265


Source file was:
int main(void) { return 0; }
Performing C SOURCE FILE Test HAVE_GCC_WFLOAT_CONVERSION succeeded with the following output:
Change Dir: /home/runner/work/MightyMike-Android/MightyMike-Android/android/app/.cxx/Debug/1h5k5w5j/x86_64/CMakeFiles/CMakeTmp

Run Build Command(s):/usr/local/lib/android/sdk/cmake/3.22.1/bin/ninja cmTC_bee24 && [1/2] Building C object CMakeFiles/cmTC_bee24.dir/src.c.o
[2/2] Linking C executable cmTC_bee24


Source file was:
int main(void) { return 0; }
Performing C SOURCE FILE Test HAVE_GCC_NO_STRICT_ALIASING succeeded with the following output:
Change Dir: /home/runner/work/MightyMike-Android/MightyMike-Android/android/app/.cxx/Debug/1h5k5w5j/x86_64/CMakeFiles/CMakeTmp

Run Build Command(s):/usr/local/lib/android/sdk/cmake/3.22.1/bin/ninja cmTC_e436f && [1/2] Building C object CMakeFiles/cmTC_e436f.dir/src.c.o
[2/2] Linking C executable cmTC_e436f


Source file was:
int main(void) { return 0; }
Performing C SOURCE FILE Test HAVE_GCC_WDOCUMENTATION succeeded with the following output:
Change Dir: /home/runner/work/MightyMike-Android/MightyMike-Android/android/app/.cxx/Debug/1h5k5w5j/x86_64/CMakeFiles/CMakeTmp

Run Build Command(s):/usr/local/lib/android/sdk/cmake/3.22.1/bin/ninja cmTC_5c2d0 && [1/2] Building C object CMakeFiles/cmTC_5c2d0.dir/src.c.o
[2/2] Linking C executable cmTC_5c2d0


Source file was:
int main(void) { return 0; }
Performing C SOURCE FILE Test HAVE_GCC_WDOCUMENTATION_UNKNOWN_COMMAND succeeded with the following output:
Change Dir: /home/runner/work/MightyMike-Android/MightyMike-Android/android/app/.cxx/Debug/1h5k5w5j/x86_64/CMakeFiles/CMakeTmp

Run Build Command(s):/usr/local/lib/android/sdk/cmake/3.22.1/bin/ninja cmTC_390fa && [1/2] Building C object CMakeFiles/cmTC_390fa.dir/src.c.o
[2/2] Linking C executable cmTC_390fa


Source file was:
int main(void) { return 0; }
Performing C SOURCE FILE Test HAVE_GCC_COMMENT_BLOCK_COMMANDS succeeded with the following output:
Change Dir: /home/runner/work/MightyMike-Android/MightyMike-Android/android/app/.cxx/Debug/1h5k5w5j/x86_64/CMakeFiles/CMakeTmp

Run Build Command(s):/usr/local/lib/android/sdk/cmake/3.22.1/bin/ninja cmTC_bbf94 && [1/2] Building C object CMakeFiles/cmTC_bbf94.dir/src.c.o
[2/2] Linking C executable cmTC_bbf94


Source file was:
int main(void) { return 0; }
Performing C SOURCE FILE Test HAVE_GCC_WSHADOW succeeded with the following output:
Change Dir: /home/runner/work/MightyMike-Android/MightyMike-Android/android/app/.cxx/Debug/1h5k5w5j/x86_64/CMakeFiles/CMakeTmp

Run Build Command(s):/usr/local/lib/android/sdk/cmake/3.22.1/bin/ninja cmTC_a6d29 && [1/2] Building C object CMakeFiles/cmTC_a6d29.dir/src.c.o
[2/2] Linking C executable cmTC_a6d29


Source file was:
int main(void) { return 0; }
Performing C SOURCE FILE Test HAVE_GCC_WUNUSED_LOCAL_TYPEDEFS succeeded with the following output:
Change Dir: /home/runner/work/MightyMike-Android/MightyMike-Android/android/app/.cxx/Debug/1h5k5w5j/x86_64/CMakeFiles/CMakeTmp

Run Build Command(s):/usr/local/lib/android/sdk/cmake/3.22.1/bin/ninja cmTC_db6bf && [1/2] Building C object CMakeFiles/cmTC_db6bf.dir/src.c.o
[2/2] Linking C executable cmTC_db6bf


Source file was:
int main(void) { return 0; }
Performing C SOURCE FILE Test HAVE_GCC_WIMPLICIT_FALLTHROUGH succeeded with the following output:
Change Dir: /home/runner/work/MightyMike-Android/MightyMike-Android/android/app/.cxx/Debug/1h5k5w5j/x86_64/CMakeFiles/CMakeTmp

Run Build Command(s):/usr/local/lib/android/sdk/cmake/3.22.1/bin/ninja cmTC_7fe5b && [1/2] Building C object CMakeFiles/cmTC_7fe5b.dir/src.c.o
[2/2] Linking C executable cmTC_7fe5b


Source file was:
int main(void) { return 0; }
Performing C SOURCE FILE Test COMPILER_SUPPORTS_FCOLOR_DIAGNOSTICS succeeded with the following output:
Change Dir: /home/runner/work/MightyMike-Android/MightyMike-Android/android/app/.cxx/Debug/1h5k5w5j/x86_64/CMakeFiles/CMakeTmp

Run Build Command(s):/usr/local/lib/android/sdk/cmake/3.22.1/bin/ninja cmTC_f4e61 && [1/2] Building C object CMakeFiles/cmTC_f4e61.dir/src.c.o
[2/2] Linking C executable cmTC_f4e61


Source file was:
int main(void) { return 0; }
Performing C SOURCE FILE Test HAVE_WL_VERSION_SCRIPT succeeded with the following output:
Change Dir: /home/runner/work/MightyMike-Android/MightyMike-Android/android/app/.cxx/Debug/1h5k5w5j/x86_64/CMakeFiles/CMakeTmp

Run Build Command(s):/usr/local/lib/android/sdk/cmake/3.22.1/bin/ninja cmTC_5fe2c && [1/2] Building C object CMakeFiles/cmTC_5fe2c.dir/src.c.o
[2/2] Linking C executable cmTC_5fe2c


Source file was:
int func(void) {return 0;} int main(int argc,char*argv[]){(void)argc;(void)argv;return func();}
Performing C SOURCE FILE Test COMPILER_SUPPORTS_GCC_ATOMICS succeeded with the following output:
Change Dir: /home/runner/work/MightyMike-Android/MightyMike-Android/android/app/.cxx/Debug/1h5k5w5j/x86_64/CMakeFiles/CMakeTmp

Run Build Command(s):/usr/local/lib/android/sdk/cmake/3.22.1/bin/ninja cmTC_8457c && [1/2] Building C object CMakeFiles/cmTC_8457c.dir/src.c.o
[2/2] Linking C executable cmTC_8457c


Source file was:
int main(int argc, char **argv) {
        int a;
        void *x, *y, *z;
        __sync_lock_test_and_set(&a, 4);
        __sync_lock_test_and_set(&x, y);
        __sync_fetch_and_add(&a, 1);
        __sync_bool_compare_and_swap(&a, 5, 10);
        __sync_bool_compare_and_swap(&x, y, z);
        return 0; }
Performing C SOURCE FILE Test HAVE_GCC_FVISIBILITY succeeded with the following output:
Change Dir: /home/runner/work/MightyMike-Android/MightyMike-Android/android/app/.cxx/Debug/1h5k5w5j/x86_64/CMakeFiles/CMakeTmp

Run Build Command(s):/usr/local/lib/android/sdk/cmake/3.22.1/bin/ninja cmTC_db1be && [1/2] Building C object CMakeFiles/cmTC_db1be.dir/src.c.o
[2/2] Linking C executable cmTC_db1be


Source file was:

      #if !defined(__GNUC__) || __GNUC__ < 4
      #error SDL only uses visibility attributes in GCC 4 or newer
      #endif
      __attribute__((visibility("default"))) int foo(void);
      __attribute__((visibility("hidden")))  int bar(void);
      int foo(void) { return 0; }
      int bar(void) { return 1; }
      int main(void) { return 0; }
Performing C SOURCE FILE Test LINKER_SUPPORTS_WL_NO_UNDEFINED succeeded with the following output:
Change Dir: /home/runner/work/MightyMike-Android/MightyMike-Android/android/app/.cxx/Debug/1h5k5w5j/x86_64/CMakeFiles/CMakeTmp

Run Build Command(s):/usr/local/lib/android/sdk/cmake/3.22.1/bin/ninja cmTC_2602a && [1/2] Building C object CMakeFiles/cmTC_2602a.dir/src.c.o
[2/2] Linking C executable cmTC_2602a


Source file was:
int main() { return 0; }
Performing C SOURCE FILE Test COMPILER_SUPPORTS_MMX succeeded with the following output:
Change Dir: /home/runner/work/MightyMike-Android/MightyMike-Android/android/app/.cxx/Debug/1h5k5w5j/x86_64/CMakeFiles/CMakeTmp

Run Build Command(s):/usr/local/lib/android/sdk/cmake/3.22.1/bin/ninja cmTC_7991a && [1/2] Building C object CMakeFiles/cmTC_7991a.dir/src.c.o
[2/2] Linking C executable cmTC_7991a


Source file was:

    #if 0
    # if defined(__i386__) || defined(__x86_64__)
    #  define test_enabled 1
    # else
    #  define test_enabled 0 /* feign success in Apple multi-arch configs */
    # endif
    #else                    /* test normally */
    # define test_enabled 1
    #endif
    #if test_enabled
          #include <mmintrin.h>
      void ints_add(int *dest, int *a, int *b, unsigned size) {
        for (; size >= 2; size -= 2, dest += 2, a += 2, b += 2) {
          *(__m64*)dest = _mm_add_pi32(*(__m64*)a, *(__m64*)b);
        }
      }
      int main(int argc, char *argv[]) {
        ints_add((int*)0, (int*)0, (int*)0, 0);
        return 0;
      }
    #else
    int main(int argc, char *argv[]) {
      (void)argc;
      (void)argv;
      return 0;
    }
    #endif
Performing C SOURCE FILE Test COMPILER_SUPPORTS_SSE succeeded with the following output:
Change Dir: /home/runner/work/MightyMike-Android/MightyMike-Android/android/app/.cxx/Debug/1h5k5w5j/x86_64/CMakeFiles/CMakeTmp

Run Build Command(s):/usr/local/lib/android/sdk/cmake/3.22.1/bin/ninja cmTC_ac575 && [1/2] Building C object CMakeFiles/cmTC_ac575.dir/src.c.o
[2/2] Linking C executable cmTC_ac575


Source file was:

    #if 0
    # if defined(__i386__) || defined(__x86_64__)
    #  define test_enabled 1
    # else
    #  define test_enabled 0 /* feign success in Apple multi-arch configs */
    # endif
    #else                    /* test normally */
    # define test_enabled 1
    #endif
    #if test_enabled
          #include <xmmintrin.h>
      void floats_add(float *dest, float *a, float *b, unsigned size) {
        for (; size >= 4; size -= 4, dest += 4, a += 4, b += 4) {
          _mm_storeu_ps(dest, _mm_add_ps(_mm_loadu_ps(a), _mm_loadu_ps (b)));
        }
      }
      int main(int argc, char **argv) {
        floats_add((float*)0, (float*)0, (float*)0, 0);
        return 0;
      }
    #else
    int main(int argc, char *argv[]) {
      (void)argc;
      (void)argv;
      return 0;
    }
    #endif
Performing C SOURCE FILE Test COMPILER_SUPPORTS_SSE2 succeeded with the following output:
Change Dir: /home/runner/work/MightyMike-Android/MightyMike-Android/android/app/.cxx/Debug/1h5k5w5j/x86_64/CMakeFiles/CMakeTmp

Run Build Command(s):/usr/local/lib/android/sdk/cmake/3.22.1/bin/ninja cmTC_e1604 && [1/2] Building C object CMakeFiles/cmTC_e1604.dir/src.c.o
[2/2] Linking C executable cmTC_e1604


Source file was:

    #if 0
    # if defined(__i386__) || defined(__x86_64__)
    #  define test_enabled 1
    # else
    #  define test_enabled 0 /* feign success in Apple multi-arch configs */
    # endif
    #else                    /* test normally */
    # define test_enabled 1
    #endif
    #if test_enabled
          #include <emmintrin.h>
      void doubles_add(double *dest, double *a, double *b, unsigned size) {
        for (; size >= 4; size -= 4, dest += 4, a += 4, b += 4) {
          _mm_store_pd(dest, _mm_add_pd(_mm_loadu_pd(a), _mm_loadu_pd(b)));
        }
      }
      int main(int argc, char **argv) {
        doubles_add((double*)0, (double*)0, (double*)0, 0);
        return 0;
      }
    #else
    int main(int argc, char *argv[]) {
      (void)argc;
      (void)argv;
      return 0;
    }
    #endif
Performing C SOURCE FILE Test COMPILER_SUPPORTS_SSE3 succeeded with the following output:
Change Dir: /home/runner/work/MightyMike-Android/MightyMike-Android/android/app/.cxx/Debug/1h5k5w5j/x86_64/CMakeFiles/CMakeTmp

Run Build Command(s):/usr/local/lib/android/sdk/cmake/3.22.1/bin/ninja cmTC_33ba1 && [1/2] Building C object CMakeFiles/cmTC_33ba1.dir/src.c.o
[2/2] Linking C executable cmTC_33ba1


Source file was:

    #if 0
    # if defined(__i386__) || defined(__x86_64__)
    #  define test_enabled 1
    # else
    #  define test_enabled 0 /* feign success in Apple multi-arch configs */
    # endif
    #else                    /* test normally */
    # define test_enabled 1
    #endif
    #if test_enabled
          #include <pmmintrin.h>
      void ints_add(int *dest, int *a, int *b, unsigned size) {
        for (; size >= 4; size -= 4, dest += 4, a += 4, b += 4) {
          _mm_storeu_si128((__m128i*)dest, _mm_add_epi32(_mm_lddqu_si128((__m128i*)a), _mm_lddqu_si128((__m128i*)b)));
        }
      }
      int main(int argc, char **argv) {
        ints_add((int*)0, (int*)0, (int*)0, 0);
        return 0;
      }
    #else
    int main(int argc, char *argv[]) {
      (void)argc;
      (void)argv;
      return 0;
    }
    #endif
Performing C SOURCE FILE Test COMPILER_SUPPORTS_SSE4_1 succeeded with the following output:
Change Dir: /home/runner/work/MightyMike-Android/MightyMike-Android/android/app/.cxx/Debug/1h5k5w5j/x86_64/CMakeFiles/CMakeTmp

Run Build Command(s):/usr/local/lib/android/sdk/cmake/3.22.1/bin/ninja cmTC_1d9d7 && [1/2] Building C object CMakeFiles/cmTC_1d9d7.dir/src.c.o
[2/2] Linking C executable cmTC_1d9d7


Source file was:

    #if 0
    # if defined(__i386__) || defined(__x86_64__)
    #  define test_enabled 1
    # else
    #  define test_enabled 0 /* feign success in Apple multi-arch configs */
    # endif
    #else                    /* test normally */
    # define test_enabled 1
    #endif
    #if test_enabled
          #include <smmintrin.h>
      void ints_mul(int *dest, int *a, int *b, unsigned size) {
        for (; size >= 4; size -= 4, dest += 4, a += 4, b += 4) {
          _mm_storeu_si128((__m128i*)dest, _mm_mullo_epi32(_mm_lddqu_si128((__m128i*)a), _mm_lddqu_si128((__m128i*)b)));
        }
      }
      int main(int argc, char **argv) {
        ints_mul((int*)0, (int*)0, (int*)0, 0);
        return 0;
      }
    #else
    int main(int argc, char *argv[]) {
      (void)argc;
      (void)argv;
      return 0;
    }
    #endif
Performing C SOURCE FILE Test COMPILER_SUPPORTS_SSE4_2 succeeded with the following output:
Change Dir: /home/runner/work/MightyMike-Android/MightyMike-Android/android/app/.cxx/Debug/1h5k5w5j/x86_64/CMakeFiles/CMakeTmp

Run Build Command(s):/usr/local/lib/android/sdk/cmake/3.22.1/bin/ninja cmTC_f8dc5 && [1/2] Building C object CMakeFiles/cmTC_f8dc5.dir/src.c.o
[2/2] Linking C executable cmTC_f8dc5


Source file was:

    #if 0
    # if defined(__i386__) || defined(__x86_64__)
    #  define test_enabled 1
    # else
    #  define test_enabled 0 /* feign success in Apple multi-arch configs */
    # endif
    #else                    /* test normally */
    # define test_enabled 1
    #endif
    #if test_enabled
          #include <nmmintrin.h>
      __m128i bitmask;
      char data[16];
      int main(int argc, char **argv) {
        bitmask = _mm_cmpgt_epi64(_mm_set1_epi64x(0), _mm_loadu_si128((void*)data));
        return 0;
      }
    #else
    int main(int argc, char *argv[]) {
      (void)argc;
      (void)argv;
      return 0;
    }
    #endif
Performing C SOURCE FILE Test COMPILER_SUPPORTS_AVX succeeded with the following output:
Change Dir: /home/runner/work/MightyMike-Android/MightyMike-Android/android/app/.cxx/Debug/1h5k5w5j/x86_64/CMakeFiles/CMakeTmp

Run Build Command(s):/usr/local/lib/android/sdk/cmake/3.22.1/bin/ninja cmTC_03075 && [1/2] Building C object CMakeFiles/cmTC_03075.dir/src.c.o
[2/2] Linking C executable cmTC_03075


Source file was:

    #if 0
    # if defined(__i386__) || defined(__x86_64__)
    #  define test_enabled 1
    # else
    #  define test_enabled 0 /* feign success in Apple multi-arch configs */
    # endif
    #else                    /* test normally */
    # define test_enabled 1
    #endif
    #if test_enabled
          #include <immintrin.h>
      void floats_add(float *dest, float *a, float *b, unsigned size) {
        for (; size >= 8; size -= 8, dest += 8, a += 8, b += 8) {
          _mm256_storeu_ps(dest, _mm256_add_ps(_mm256_loadu_ps(a), _mm256_loadu_ps(b)));
        }
      }
      int main(int argc, char **argv) {
        floats_add((float*)0, (float*)0, (float*)0, 0);
        return 0;
      }
    #else
    int main(int argc, char *argv[]) {
      (void)argc;
      (void)argv;
      return 0;
    }
    #endif
Performing C SOURCE FILE Test COMPILER_SUPPORTS_AVX2 succeeded with the following output:
Change Dir: /home/runner/work/MightyMike-Android/MightyMike-Android/android/app/.cxx/Debug/1h5k5w5j/x86_64/CMakeFiles/CMakeTmp

Run Build Command(s):/usr/local/lib/android/sdk/cmake/3.22.1/bin/ninja cmTC_11956 && [1/2] Building C object CMakeFiles/cmTC_11956.dir/src.c.o
[2/2] Linking C executable cmTC_11956


Source file was:

    #if 0
    # if defined(__i386__) || defined(__x86_64__)
    #  define test_enabled 1
    # else
    #  define test_enabled 0 /* feign success in Apple multi-arch configs */
    # endif
    #else                    /* test normally */
    # define test_enabled 1
    #endif
    #if test_enabled
          #include <immintrin.h>
      void ints_add(int *dest, int *a, int *b, unsigned size) {
        for (; size >= 8; size -= 8, dest += 8, a += 8, b += 8) {
          _mm256_storeu_si256((__m256i*)dest, _mm256_add_epi32(_mm256_loadu_si256((__m256i*)a), _mm256_loadu_si256((__m256i*)b)));
        }
      }
      int main(int argc, char **argv) {
        ints_add((int*)0, (int*)0, (int*)0, 0);
        return 0;
      }
    #else
    int main(int argc, char *argv[]) {
      (void)argc;
      (void)argv;
      return 0;
    }
    #endif
Performing C SOURCE FILE Test COMPILER_SUPPORTS_AVX512F succeeded with the following output:
Change Dir: /home/runner/work/MightyMike-Android/MightyMike-Android/android/app/.cxx/Debug/1h5k5w5j/x86_64/CMakeFiles/CMakeTmp

Run Build Command(s):/usr/local/lib/android/sdk/cmake/3.22.1/bin/ninja cmTC_a30bc && [1/2] Building C object CMakeFiles/cmTC_a30bc.dir/src.c.o
[2/2] Linking C executable cmTC_a30bc


Source file was:

    #if 0
    # if defined(__i386__) || defined(__x86_64__)
    #  define test_enabled 1
    # else
    #  define test_enabled 0 /* feign success in Apple multi-arch configs */
    # endif
    #else                    /* test normally */
    # define test_enabled 1
    #endif
    #if test_enabled
          #include <immintrin.h>
      void floats_add(float *dest, float *a, float *b, unsigned size) {
        for (; size >= 16; size -= 16, dest += 16, a += 16, b += 16) {
          _mm512_storeu_ps(dest, _mm512_add_ps(_mm512_loadu_ps(a), _mm512_loadu_ps(b)));
        }
      }
      int main(int argc, char **argv) {
        floats_add((float*)0, (float*)0, (float*)0, 0);
        return 0;
      }
    #else
    int main(int argc, char *argv[]) {
      (void)argc;
      (void)argv;
      return 0;
    }
    #endif
Determining if the include file alloca.h exists passed with the following output:
Change Dir: /home/runner/work/MightyMike-Android/MightyMike-Android/android/app/.cxx/Debug/1h5k5w5j/x86_64/CMakeFiles/CMakeTmp

Run Build Command(s):/usr/local/lib/android/sdk/cmake/3.22.1/bin/ninja cmTC_fbe1e && [1/2] Building C object CMakeFiles/cmTC_fbe1e.dir/CheckIncludeFile.c.o
[2/2] Linking C executable cmTC_fbe1e



Determining if the include file float.h exists passed with the following output:
Change Dir: /home/runner/work/MightyMike-Android/MightyMike-Android/android/app/.cxx/Debug/1h5k5w5j/x86_64/CMakeFiles/CMakeTmp

Run Build Command(s):/usr/local/lib/android/sdk/cmake/3.22.1/bin/ninja cmTC_2e82f && [1/2] Building C object CMakeFiles/cmTC_2e82f.dir/CheckIncludeFile.c.o
[2/2] Linking C executable cmTC_2e82f



Determining if the include file iconv.h exists passed with the following output:
Change Dir: /home/runner/work/MightyMike-Android/MightyMike-Android/android/app/.cxx/Debug/1h5k5w5j/x86_64/CMakeFiles/CMakeTmp

Run Build Command(s):/usr/local/lib/android/sdk/cmake/3.22.1/bin/ninja cmTC_de753 && [1/2] Building C object CMakeFiles/cmTC_de753.dir/CheckIncludeFile.c.o
[2/2] Linking C executable cmTC_de753



Determining if the include file inttypes.h exists passed with the following output:
Change Dir: /home/runner/work/MightyMike-Android/MightyMike-Android/android/app/.cxx/Debug/1h5k5w5j/x86_64/CMakeFiles/CMakeTmp

Run Build Command(s):/usr/local/lib/android/sdk/cmake/3.22.1/bin/ninja cmTC_ff317 && [1/2] Building C object CMakeFiles/cmTC_ff317.dir/CheckIncludeFile.c.o
[2/2] Linking C executable cmTC_ff317



Determining if the include file limits.h exists passed with the following output:
Change Dir: /home/runner/work/MightyMike-Android/MightyMike-Android/android/app/.cxx/Debug/1h5k5w5j/x86_64/CMakeFiles/CMakeTmp

Run Build Command(s):/usr/local/lib/android/sdk/cmake/3.22.1/bin/ninja cmTC_a730e && [1/2] Building C object CMakeFiles/cmTC_a730e.dir/CheckIncludeFile.c.o
[2/2] Linking C executable cmTC_a730e



Determining if the include file malloc.h exists passed with the following output:
Change Dir: /home/runner/work/MightyMike-Android/MightyMike-Android/android/app/.cxx/Debug/1h5k5w5j/x86_64/CMakeFiles/CMakeTmp

Run Build Command(s):/usr/local/lib/android/sdk/cmake/3.22.1/bin/ninja cmTC_33aa9 && [1/2] Building C object CMakeFiles/cmTC_33aa9.dir/CheckIncludeFile.c.o
[2/2] Linking C executable cmTC_33aa9



Determining if the include file math.h exists passed with the following output:
Change Dir: /home/runner/work/MightyMike-Android/MightyMike-Android/android/app/.cxx/Debug/1h5k5w5j/x86_64/CMakeFiles/CMakeTmp

Run Build Command(s):/usr/local/lib/android/sdk/cmake/3.22.1/bin/ninja cmTC_05082 && [1/2] Building C object CMakeFiles/cmTC_05082.dir/CheckIncludeFile.c.o
[2/2] Linking C executable cmTC_05082



Determining if the include file memory.h exists passed with the following output:
Change Dir: /home/runner/work/MightyMike-Android/MightyMike-Android/android/app/.cxx/Debug/1h5k5w5j/x86_64/CMakeFiles/CMakeTmp

Run Build Command(s):/usr/local/lib/android/sdk/cmake/3.22.1/bin/ninja cmTC_41a81 && [1/2] Building C object CMakeFiles/cmTC_41a81.dir/CheckIncludeFile.c.o
[2/2] Linking C executable cmTC_41a81



Determining if the include file signal.h exists passed with the following output:
Change Dir: /home/runner/work/MightyMike-Android/MightyMike-Android/android/app/.cxx/Debug/1h5k5w5j/x86_64/CMakeFiles/CMakeTmp

Run Build Command(s):/usr/local/lib/android/sdk/cmake/3.22.1/bin/ninja cmTC_d047f && [1/2] Building C object CMakeFiles/cmTC_d047f.dir/CheckIncludeFile.c.o
[2/2] Linking C executable cmTC_d047f



Determining if the include file stdarg.h exists passed with the following output:
Change Dir: /home/runner/work/MightyMike-Android/MightyMike-Android/android/app/.cxx/Debug/1h5k5w5j/x86_64/CMakeFiles/CMakeTmp

Run Build Command(s):/usr/local/lib/android/sdk/cmake/3.22.1/bin/ninja cmTC_c5955 && [1/2] Building C object CMakeFiles/cmTC_c5955.dir/CheckIncludeFile.c.o
[2/2] Linking C executable cmTC_c5955



Determining if the include file stdbool.h exists passed with the following output:
Change Dir: /home/runner/work/MightyMike-Android/MightyMike-Android/android/app/.cxx/Debug/1h5k5w5j/x86_64/CMakeFiles/CMakeTmp

Run Build Command(s):/usr/local/lib/android/sdk/cmake/3.22.1/bin/ninja cmTC_e38eb && [1/2] Building C object CMakeFiles/cmTC_e38eb.dir/CheckIncludeFile.c.o
[2/2] Linking C executable cmTC_e38eb



Determining if the include file stddef.h exists passed with the following output:
Change Dir: /home/runner/work/MightyMike-Android/MightyMike-Android/android/app/.cxx/Debug/1h5k5w5j/x86_64/CMakeFiles/CMakeTmp

Run Build Command(s):/usr/local/lib/android/sdk/cmake/3.22.1/bin/ninja cmTC_37233 && [1/2] Building C object CMakeFiles/cmTC_37233.dir/CheckIncludeFile.c.o
[2/2] Linking C executable cmTC_37233



Determining if the include file stdint.h exists passed with the following output:
Change Dir: /home/runner/work/MightyMike-Android/MightyMike-Android/android/app/.cxx/Debug/1h5k5w5j/x86_64/CMakeFiles/CMakeTmp

Run Build Command(s):/usr/local/lib/android/sdk/cmake/3.22.1/bin/ninja cmTC_8d570 && [1/2] Building C object CMakeFiles/cmTC_8d570.dir/CheckIncludeFile.c.o
[2/2] Linking C executable cmTC_8d570



Determining if the include file stdio.h exists passed with the following output:
Change Dir: /home/runner/work/MightyMike-Android/MightyMike-Android/android/app/.cxx/Debug/1h5k5w5j/x86_64/CMakeFiles/CMakeTmp

Run Build Command(s):/usr/local/lib/android/sdk/cmake/3.22.1/bin/ninja cmTC_75fd2 && [1/2] Building C object CMakeFiles/cmTC_75fd2.dir/CheckIncludeFile.c.o
[2/2] Linking C executable cmTC_75fd2



Determining if the include file stdlib.h exists passed with the following output:
Change Dir: /home/runner/work/MightyMike-Android/MightyMike-Android/android/app/.cxx/Debug/1h5k5w5j/x86_64/CMakeFiles/CMakeTmp

Run Build Command(s):/usr/local/lib/android/sdk/cmake/3.22.1/bin/ninja cmTC_4c21d && [1/2] Building C object CMakeFiles/cmTC_4c21d.dir/CheckIncludeFile.c.o
[2/2] Linking C executable cmTC_4c21d



Determining if the include file string.h exists passed with the following output:
Change Dir: /home/runner/work/MightyMike-Android/MightyMike-Android/android/app/.cxx/Debug/1h5k5w5j/x86_64/CMakeFiles/CMakeTmp

Run Build Command(s):/usr/local/lib/android/sdk/cmake/3.22.1/bin/ninja cmTC_2cddb && [1/2] Building C object CMakeFiles/cmTC_2cddb.dir/CheckIncludeFile.c.o
[2/2] Linking C executable cmTC_2cddb



Determining if the include file strings.h exists passed with the following output:
Change Dir: /home/runner/work/MightyMike-Android/MightyMike-Android/android/app/.cxx/Debug/1h5k5w5j/x86_64/CMakeFiles/CMakeTmp

Run Build Command(s):/usr/local/lib/android/sdk/cmake/3.22.1/bin/ninja cmTC_fe50d && [1/2] Building C object CMakeFiles/cmTC_fe50d.dir/CheckIncludeFile.c.o
[2/2] Linking C executable cmTC_fe50d



Determining if the include file sys/types.h exists passed with the following output:
Change Dir: /home/runner/work/MightyMike-Android/MightyMike-Android/android/app/.cxx/Debug/1h5k5w5j/x86_64/CMakeFiles/CMakeTmp

Run Build Command(s):/usr/local/lib/android/sdk/cmake/3.22.1/bin/ninja cmTC_50107 && [1/2] Building C object CMakeFiles/cmTC_50107.dir/CheckIncludeFile.c.o
[2/2] Linking C executable cmTC_50107



Determining if the include file time.h exists passed with the following output:
Change Dir: /home/runner/work/MightyMike-Android/MightyMike-Android/android/app/.cxx/Debug/1h5k5w5j/x86_64/CMakeFiles/CMakeTmp

Run Build Command(s):/usr/local/lib/android/sdk/cmake/3.22.1/bin/ninja cmTC_ed3fd && [1/2] Building C object CMakeFiles/cmTC_ed3fd.dir/CheckIncludeFile.c.o
[2/2] Linking C executable cmTC_ed3fd



Determining if the include file wchar.h exists passed with the following output:
Change Dir: /home/runner/work/MightyMike-Android/MightyMike-Android/android/app/.cxx/Debug/1h5k5w5j/x86_64/CMakeFiles/CMakeTmp

Run Build Command(s):/usr/local/lib/android/sdk/cmake/3.22.1/bin/ninja cmTC_5e8b6 && [1/2] Building C object CMakeFiles/cmTC_5e8b6.dir/CheckIncludeFile.c.o
[2/2] Linking C executable cmTC_5e8b6



Determining if the function pow exists in the m passed with the following output:
Change Dir: /home/runner/work/MightyMike-Android/MightyMike-Android/android/app/.cxx/Debug/1h5k5w5j/x86_64/CMakeFiles/CMakeTmp

Run Build Command(s):/usr/local/lib/android/sdk/cmake/3.22.1/bin/ninja cmTC_059a0 && [1/2] Building C object CMakeFiles/cmTC_059a0.dir/CheckFunctionExists.c.o
/usr/local/lib/android/sdk/cmake/3.22.1/share/cmake-3.22/Modules/CheckFunctionExists.c:7:3: warning: incompatible redeclaration of library function 'pow' [-Wincompatible-library-redeclaration]
    7 |   CHECK_FUNCTION_EXISTS(void);
      |   ^
<command line>:3:31: note: expanded from macro 'CHECK_FUNCTION_EXISTS'
    3 | #define CHECK_FUNCTION_EXISTS pow
      |                               ^
/usr/local/lib/android/sdk/cmake/3.22.1/share/cmake-3.22/Modules/CheckFunctionExists.c:7:3: note: 'pow' is a builtin with type 'double (double, double)'
<command line>:3:31: note: expanded from macro 'CHECK_FUNCTION_EXISTS'
    3 | #define CHECK_FUNCTION_EXISTS pow
      |                               ^
1 warning generated.
[2/2] Linking C executable cmTC_059a0



Determining if the abs exist passed with the following output:
Change Dir: /home/runner/work/MightyMike-Android/MightyMike-Android/android/app/.cxx/Debug/1h5k5w5j/x86_64/CMakeFiles/CMakeTmp

Run Build Command(s):/usr/local/lib/android/sdk/cmake/3.22.1/bin/ninja cmTC_0799a && [1/2] Building C object CMakeFiles/cmTC_0799a.dir/CheckSymbolExists.c.o
[2/2] Linking C executable cmTC_0799a


File /home/runner/work/MightyMike-Android/MightyMike-Android/android/app/.cxx/Debug/1h5k5w5j/x86_64/CMakeFiles/CMakeTmp/CheckSymbolExists.c:
/* */
#include <float.h>
#include <iconv.h>
#include <inttypes.h>
#include <limits.h>
#include <malloc.h>
#include <math.h>
#include <memory.h>
#include <signal.h>
#include <stdarg.h>
#include <stdbool.h>
#include <stddef.h>
#include <stdint.h>
#include <stdio.h>
#include <stdlib.h>
#include <string.h>
#include <strings.h>
#include <sys/types.h>
#include <time.h>
#include <wchar.h>

int main(int argc, char** argv)
{
  (void)argv;
#ifndef abs
  return ((int*)(&abs))[argc];
#else
  (void)argc;
  return 0;
#endif
}
Determining if the acos exist passed with the following output:
Change Dir: /home/runner/work/MightyMike-Android/MightyMike-Android/android/app/.cxx/Debug/1h5k5w5j/x86_64/CMakeFiles/CMakeTmp

Run Build Command(s):/usr/local/lib/android/sdk/cmake/3.22.1/bin/ninja cmTC_52fa0 && [1/2] Building C object CMakeFiles/cmTC_52fa0.dir/CheckSymbolExists.c.o
[2/2] Linking C executable cmTC_52fa0


File /home/runner/work/MightyMike-Android/MightyMike-Android/android/app/.cxx/Debug/1h5k5w5j/x86_64/CMakeFiles/CMakeTmp/CheckSymbolExists.c:
/* */
#include <float.h>
#include <iconv.h>
#include <inttypes.h>
#include <limits.h>
#include <malloc.h>
#include <math.h>
#include <memory.h>
#include <signal.h>
#include <stdarg.h>
#include <stdbool.h>
#include <stddef.h>
#include <stdint.h>
#include <stdio.h>
#include <stdlib.h>
#include <string.h>
#include <strings.h>
#include <sys/types.h>
#include <time.h>
#include <wchar.h>

int main(int argc, char** argv)
{
  (void)argv;
#ifndef acos
  return ((int*)(&acos))[argc];
#else
  (void)argc;
  return 0;
#endif
}
Determining if the acosf exist passed with the following output:
Change Dir: /home/runner/work/MightyMike-Android/MightyMike-Android/android/app/.cxx/Debug/1h5k5w5j/x86_64/CMakeFiles/CMakeTmp

Run Build Command(s):/usr/local/lib/android/sdk/cmake/3.22.1/bin/ninja cmTC_53089 && [1/2] Building C object CMakeFiles/cmTC_53089.dir/CheckSymbolExists.c.o
[2/2] Linking C executable cmTC_53089


File /home/runner/work/MightyMike-Android/MightyMike-Android/android/app/.cxx/Debug/1h5k5w5j/x86_64/CMakeFiles/CMakeTmp/CheckSymbolExists.c:
/* */
#include <float.h>
#include <iconv.h>
#include <inttypes.h>
#include <limits.h>
#include <malloc.h>
#include <math.h>
#include <memory.h>
#include <signal.h>
#include <stdarg.h>
#include <stdbool.h>
#include <stddef.h>
#include <stdint.h>
#include <stdio.h>
#include <stdlib.h>
#include <string.h>
#include <strings.h>
#include <sys/types.h>
#include <time.h>
#include <wchar.h>

int main(int argc, char** argv)
{
  (void)argv;
#ifndef acosf
  return ((int*)(&acosf))[argc];
#else
  (void)argc;
  return 0;
#endif
}
Determining if the asin exist passed with the following output:
Change Dir: /home/runner/work/MightyMike-Android/MightyMike-Android/android/app/.cxx/Debug/1h5k5w5j/x86_64/CMakeFiles/CMakeTmp

Run Build Command(s):/usr/local/lib/android/sdk/cmake/3.22.1/bin/ninja cmTC_c177a && [1/2] Building C object CMakeFiles/cmTC_c177a.dir/CheckSymbolExists.c.o
[2/2] Linking C executable cmTC_c177a


File /home/runner/work/MightyMike-Android/MightyMike-Android/android/app/.cxx/Debug/1h5k5w5j/x86_64/CMakeFiles/CMakeTmp/CheckSymbolExists.c:
/* */
#include <float.h>
#include <iconv.h>
#include <inttypes.h>
#include <limits.h>
#include <malloc.h>
#include <math.h>
#include <memory.h>
#include <signal.h>
#include <stdarg.h>
#include <stdbool.h>
#include <stddef.h>
#include <stdint.h>
#include <stdio.h>
#include <stdlib.h>
#include <string.h>
#include <strings.h>
#include <sys/types.h>
#include <time.h>
#include <wchar.h>

int main(int argc, char** argv)
{
  (void)argv;
#ifndef asin
  return ((int*)(&asin))[argc];
#else
  (void)argc;
  return 0;
#endif
}
Determining if the asinf exist passed with the following output:
Change Dir: /home/runner/work/MightyMike-Android/MightyMike-Android/android/app/.cxx/Debug/1h5k5w5j/x86_64/CMakeFiles/CMakeTmp

Run Build Command(s):/usr/local/lib/android/sdk/cmake/3.22.1/bin/ninja cmTC_6881e && [1/2] Building C object CMakeFiles/cmTC_6881e.dir/CheckSymbolExists.c.o
[2/2] Linking C executable cmTC_6881e


File /home/runner/work/MightyMike-Android/MightyMike-Android/android/app/.cxx/Debug/1h5k5w5j/x86_64/CMakeFiles/CMakeTmp/CheckSymbolExists.c:
/* */
#include <float.h>
#include <iconv.h>
#include <inttypes.h>
#include <limits.h>
#include <malloc.h>
#include <math.h>
#include <memory.h>
#include <signal.h>
#include <stdarg.h>
#include <stdbool.h>
#include <stddef.h>
#include <stdint.h>
#include <stdio.h>
#include <stdlib.h>
#include <string.h>
#include <strings.h>
#include <sys/types.h>
#include <time.h>
#include <wchar.h>

int main(int argc, char** argv)
{
  (void)argv;
#ifndef asinf
  return ((int*)(&asinf))[argc];
#else
  (void)argc;
  return 0;
#endif
}
Determining if the atan exist passed with the following output:
Change Dir: /home/runner/work/MightyMike-Android/MightyMike-Android/android/app/.cxx/Debug/1h5k5w5j/x86_64/CMakeFiles/CMakeTmp

Run Build Command(s):/usr/local/lib/android/sdk/cmake/3.22.1/bin/ninja cmTC_c9824 && [1/2] Building C object CMakeFiles/cmTC_c9824.dir/CheckSymbolExists.c.o
[2/2] Linking C executable cmTC_c9824


File /home/runner/work/MightyMike-Android/MightyMike-Android/android/app/.cxx/Debug/1h5k5w5j/x86_64/CMakeFiles/CMakeTmp/CheckSymbolExists.c:
/* */
#include <float.h>
#include <iconv.h>
#include <inttypes.h>
#include <limits.h>
#include <malloc.h>
#include <math.h>
#include <memory.h>
#include <signal.h>
#include <stdarg.h>
#include <stdbool.h>
#include <stddef.h>
#include <stdint.h>
#include <stdio.h>
#include <stdlib.h>
#include <string.h>
#include <strings.h>
#include <sys/types.h>
#include <time.h>
#include <wchar.h>

int main(int argc, char** argv)
{
  (void)argv;
#ifndef atan
  return ((int*)(&atan))[argc];
#else
  (void)argc;
  return 0;
#endif
}
Determining if the atan2 exist passed with the following output:
Change Dir: /home/runner/work/MightyMike-Android/MightyMike-Android/android/app/.cxx/Debug/1h5k5w5j/x86_64/CMakeFiles/CMakeTmp

Run Build Command(s):/usr/local/lib/android/sdk/cmake/3.22.1/bin/ninja cmTC_99582 && [1/2] Building C object CMakeFiles/cmTC_99582.dir/CheckSymbolExists.c.o
[2/2] Linking C executable cmTC_99582


File /home/runner/work/MightyMike-Android/MightyMike-Android/android/app/.cxx/Debug/1h5k5w5j/x86_64/CMakeFiles/CMakeTmp/CheckSymbolExists.c:
/* */
#include <float.h>
#include <iconv.h>
#include <inttypes.h>
#include <limits.h>
#include <malloc.h>
#include <math.h>
#include <memory.h>
#include <signal.h>
#include <stdarg.h>
#include <stdbool.h>
#include <stddef.h>
#include <stdint.h>
#include <stdio.h>
#include <stdlib.h>
#include <string.h>
#include <strings.h>
#include <sys/types.h>
#include <time.h>
#include <wchar.h>

int main(int argc, char** argv)
{
  (void)argv;
#ifndef atan2
  return ((int*)(&atan2))[argc];
#else
  (void)argc;
  return 0;
#endif
}
Determining if the atan2f exist passed with the following output:
Change Dir: /home/runner/work/MightyMike-Android/MightyMike-Android/android/app/.cxx/Debug/1h5k5w5j/x86_64/CMakeFiles/CMakeTmp

Run Build Command(s):/usr/local/lib/android/sdk/cmake/3.22.1/bin/ninja cmTC_bb110 && [1/2] Building C object CMakeFiles/cmTC_bb110.dir/CheckSymbolExists.c.o
[2/2] Linking C executable cmTC_bb110


File /home/runner/work/MightyMike-Android/MightyMike-Android/android/app/.cxx/Debug/1h5k5w5j/x86_64/CMakeFiles/CMakeTmp/CheckSymbolExists.c:
/* */
#include <float.h>
#include <iconv.h>
#include <inttypes.h>
#include <limits.h>
#include <malloc.h>
#include <math.h>
#include <memory.h>
#include <signal.h>
#include <stdarg.h>
#include <stdbool.h>
#include <stddef.h>
#include <stdint.h>
#include <stdio.h>
#include <stdlib.h>
#include <string.h>
#include <strings.h>
#include <sys/types.h>
#include <time.h>
#include <wchar.h>

int main(int argc, char** argv)
{
  (void)argv;
#ifndef atan2f
  return ((int*)(&atan2f))[argc];
#else
  (void)argc;
  return 0;
#endif
}
Determining if the atanf exist passed with the following output:
Change Dir: /home/runner/work/MightyMike-Android/MightyMike-Android/android/app/.cxx/Debug/1h5k5w5j/x86_64/CMakeFiles/CMakeTmp

Run Build Command(s):/usr/local/lib/android/sdk/cmake/3.22.1/bin/ninja cmTC_1d2f9 && [1/2] Building C object CMakeFiles/cmTC_1d2f9.dir/CheckSymbolExists.c.o
[2/2] Linking C executable cmTC_1d2f9


File /home/runner/work/MightyMike-Android/MightyMike-Android/android/app/.cxx/Debug/1h5k5w5j/x86_64/CMakeFiles/CMakeTmp/CheckSymbolExists.c:
/* */
#include <float.h>
#include <iconv.h>
#include <inttypes.h>
#include <limits.h>
#include <malloc.h>
#include <math.h>
#include <memory.h>
#include <signal.h>
#include <stdarg.h>
#include <stdbool.h>
#include <stddef.h>
#include <stdint.h>
#include <stdio.h>
#include <stdlib.h>
#include <string.h>
#include <strings.h>
#include <sys/types.h>
#include <time.h>
#include <wchar.h>

int main(int argc, char** argv)
{
  (void)argv;
#ifndef atanf
  return ((int*)(&atanf))[argc];
#else
  (void)argc;
  return 0;
#endif
}
Determining if the atof exist passed with the following output:
Change Dir: /home/runner/work/MightyMike-Android/MightyMike-Android/android/app/.cxx/Debug/1h5k5w5j/x86_64/CMakeFiles/CMakeTmp

Run Build Command(s):/usr/local/lib/android/sdk/cmake/3.22.1/bin/ninja cmTC_7e269 && [1/2] Building C object CMakeFiles/cmTC_7e269.dir/CheckSymbolExists.c.o
[2/2] Linking C executable cmTC_7e269


File /home/runner/work/MightyMike-Android/MightyMike-Android/android/app/.cxx/Debug/1h5k5w5j/x86_64/CMakeFiles/CMakeTmp/CheckSymbolExists.c:
/* */
#include <float.h>
#include <iconv.h>
#include <inttypes.h>
#include <limits.h>
#include <malloc.h>
#include <math.h>
#include <memory.h>
#include <signal.h>
#include <stdarg.h>
#include <stdbool.h>
#include <stddef.h>
#include <stdint.h>
#include <stdio.h>
#include <stdlib.h>
#include <string.h>
#include <strings.h>
#include <sys/types.h>
#include <time.h>
#include <wchar.h>

int main(int argc, char** argv)
{
  (void)argv;
#ifndef atof
  return ((int*)(&atof))[argc];
#else
  (void)argc;
  return 0;
#endif
}
Determining if the atoi exist passed with the following output:
Change Dir: /home/runner/work/MightyMike-Android/MightyMike-Android/android/app/.cxx/Debug/1h5k5w5j/x86_64/CMakeFiles/CMakeTmp

Run Build Command(s):/usr/local/lib/android/sdk/cmake/3.22.1/bin/ninja cmTC_4bced && [1/2] Building C object CMakeFiles/cmTC_4bced.dir/CheckSymbolExists.c.o
[2/2] Linking C executable cmTC_4bced


File /home/runner/work/MightyMike-Android/MightyMike-Android/android/app/.cxx/Debug/1h5k5w5j/x86_64/CMakeFiles/CMakeTmp/CheckSymbolExists.c:
/* */
#include <float.h>
#include <iconv.h>
#include <inttypes.h>
#include <limits.h>
#include <malloc.h>
#include <math.h>
#include <memory.h>
#include <signal.h>
#include <stdarg.h>
#include <stdbool.h>
#include <stddef.h>
#include <stdint.h>
#include <stdio.h>
#include <stdlib.h>
#include <string.h>
#include <strings.h>
#include <sys/types.h>
#include <time.h>
#include <wchar.h>

int main(int argc, char** argv)
{
  (void)argv;
#ifndef atoi
  return ((int*)(&atoi))[argc];
#else
  (void)argc;
  return 0;
#endif
}
Determining if the bcopy exist passed with the following output:
Change Dir: /home/runner/work/MightyMike-Android/MightyMike-Android/android/app/.cxx/Debug/1h5k5w5j/x86_64/CMakeFiles/CMakeTmp

Run Build Command(s):/usr/local/lib/android/sdk/cmake/3.22.1/bin/ninja cmTC_ce6cf && [1/2] Building C object CMakeFiles/cmTC_ce6cf.dir/CheckSymbolExists.c.o
[2/2] Linking C executable cmTC_ce6cf


File /home/runner/work/MightyMike-Android/MightyMike-Android/android/app/.cxx/Debug/1h5k5w5j/x86_64/CMakeFiles/CMakeTmp/CheckSymbolExists.c:
/* */
#include <float.h>
#include <iconv.h>
#include <inttypes.h>
#include <limits.h>
#include <malloc.h>
#include <math.h>
#include <memory.h>
#include <signal.h>
#include <stdarg.h>
#include <stdbool.h>
#include <stddef.h>
#include <stdint.h>
#include <stdio.h>
#include <stdlib.h>
#include <string.h>
#include <strings.h>
#include <sys/types.h>
#include <time.h>
#include <wchar.h>

int main(int argc, char** argv)
{
  (void)argv;
#ifndef bcopy
  return ((int*)(&bcopy))[argc];
#else
  (void)argc;
  return 0;
#endif
}
Determining if the ceil exist passed with the following output:
Change Dir: /home/runner/work/MightyMike-Android/MightyMike-Android/android/app/.cxx/Debug/1h5k5w5j/x86_64/CMakeFiles/CMakeTmp

Run Build Command(s):/usr/local/lib/android/sdk/cmake/3.22.1/bin/ninja cmTC_dbc86 && [1/2] Building C object CMakeFiles/cmTC_dbc86.dir/CheckSymbolExists.c.o
[2/2] Linking C executable cmTC_dbc86


File /home/runner/work/MightyMike-Android/MightyMike-Android/android/app/.cxx/Debug/1h5k5w5j/x86_64/CMakeFiles/CMakeTmp/CheckSymbolExists.c:
/* */
#include <float.h>
#include <iconv.h>
#include <inttypes.h>
#include <limits.h>
#include <malloc.h>
#include <math.h>
#include <memory.h>
#include <signal.h>
#include <stdarg.h>
#include <stdbool.h>
#include <stddef.h>
#include <stdint.h>
#include <stdio.h>
#include <stdlib.h>
#include <string.h>
#include <strings.h>
#include <sys/types.h>
#include <time.h>
#include <wchar.h>

int main(int argc, char** argv)
{
  (void)argv;
#ifndef ceil
  return ((int*)(&ceil))[argc];
#else
  (void)argc;
  return 0;
#endif
}
Determining if the ceilf exist passed with the following output:
Change Dir: /home/runner/work/MightyMike-Android/MightyMike-Android/android/app/.cxx/Debug/1h5k5w5j/x86_64/CMakeFiles/CMakeTmp

Run Build Command(s):/usr/local/lib/android/sdk/cmake/3.22.1/bin/ninja cmTC_ddad8 && [1/2] Building C object CMakeFiles/cmTC_ddad8.dir/CheckSymbolExists.c.o
[2/2] Linking C executable cmTC_ddad8


File /home/runner/work/MightyMike-Android/MightyMike-Android/android/app/.cxx/Debug/1h5k5w5j/x86_64/CMakeFiles/CMakeTmp/CheckSymbolExists.c:
/* */
#include <float.h>
#include <iconv.h>
#include <inttypes.h>
#include <limits.h>
#include <malloc.h>
#include <math.h>
#include <memory.h>
#include <signal.h>
#include <stdarg.h>
#include <stdbool.h>
#include <stddef.h>
#include <stdint.h>
#include <stdio.h>
#include <stdlib.h>
#include <string.h>
#include <strings.h>
#include <sys/types.h>
#include <time.h>
#include <wchar.h>

int main(int argc, char** argv)
{
  (void)argv;
#ifndef ceilf
  return ((int*)(&ceilf))[argc];
#else
  (void)argc;
  return 0;
#endif
}
Determining if the copysign exist passed with the following output:
Change Dir: /home/runner/work/MightyMike-Android/MightyMike-Android/android/app/.cxx/Debug/1h5k5w5j/x86_64/CMakeFiles/CMakeTmp

Run Build Command(s):/usr/local/lib/android/sdk/cmake/3.22.1/bin/ninja cmTC_1d2e1 && [1/2] Building C object CMakeFiles/cmTC_1d2e1.dir/CheckSymbolExists.c.o
[2/2] Linking C executable cmTC_1d2e1


File /home/runner/work/MightyMike-Android/MightyMike-Android/android/app/.cxx/Debug/1h5k5w5j/x86_64/CMakeFiles/CMakeTmp/CheckSymbolExists.c:
/* */
#include <float.h>
#include <iconv.h>
#include <inttypes.h>
#include <limits.h>
#include <malloc.h>
#include <math.h>
#include <memory.h>
#include <signal.h>
#include <stdarg.h>
#include <stdbool.h>
#include <stddef.h>
#include <stdint.h>
#include <stdio.h>
#include <stdlib.h>
#include <string.h>
#include <strings.h>
#include <sys/types.h>
#include <time.h>
#include <wchar.h>

int main(int argc, char** argv)
{
  (void)argv;
#ifndef copysign
  return ((int*)(&copysign))[argc];
#else
  (void)argc;
  return 0;
#endif
}
Determining if the copysignf exist passed with the following output:
Change Dir: /home/runner/work/MightyMike-Android/MightyMike-Android/android/app/.cxx/Debug/1h5k5w5j/x86_64/CMakeFiles/CMakeTmp

Run Build Command(s):/usr/local/lib/android/sdk/cmake/3.22.1/bin/ninja cmTC_ea56d && [1/2] Building C object CMakeFiles/cmTC_ea56d.dir/CheckSymbolExists.c.o
[2/2] Linking C executable cmTC_ea56d


File /home/runner/work/MightyMike-Android/MightyMike-Android/android/app/.cxx/Debug/1h5k5w5j/x86_64/CMakeFiles/CMakeTmp/CheckSymbolExists.c:
/* */
#include <float.h>
#include <iconv.h>
#include <inttypes.h>
#include <limits.h>
#include <malloc.h>
#include <math.h>
#include <memory.h>
#include <signal.h>
#include <stdarg.h>
#include <stdbool.h>
#include <stddef.h>
#include <stdint.h>
#include <stdio.h>
#include <stdlib.h>
#include <string.h>
#include <strings.h>
#include <sys/types.h>
#include <time.h>
#include <wchar.h>

int main(int argc, char** argv)
{
  (void)argv;
#ifndef copysignf
  return ((int*)(&copysignf))[argc];
#else
  (void)argc;
  return 0;
#endif
}
Determining if the cos exist passed with the following output:
Change Dir: /home/runner/work/MightyMike-Android/MightyMike-Android/android/app/.cxx/Debug/1h5k5w5j/x86_64/CMakeFiles/CMakeTmp

Run Build Command(s):/usr/local/lib/android/sdk/cmake/3.22.1/bin/ninja cmTC_c20db && [1/2] Building C object CMakeFiles/cmTC_c20db.dir/CheckSymbolExists.c.o
[2/2] Linking C executable cmTC_c20db


File /home/runner/work/MightyMike-Android/MightyMike-Android/android/app/.cxx/Debug/1h5k5w5j/x86_64/CMakeFiles/CMakeTmp/CheckSymbolExists.c:
/* */
#include <float.h>
#include <iconv.h>
#include <inttypes.h>
#include <limits.h>
#include <malloc.h>
#include <math.h>
#include <memory.h>
#include <signal.h>
#include <stdarg.h>
#include <stdbool.h>
#include <stddef.h>
#include <stdint.h>
#include <stdio.h>
#include <stdlib.h>
#include <string.h>
#include <strings.h>
#include <sys/types.h>
#include <time.h>
#include <wchar.h>

int main(int argc, char** argv)
{
  (void)argv;
#ifndef cos
  return ((int*)(&cos))[argc];
#else
  (void)argc;
  return 0;
#endif
}
Determining if the cosf exist passed with the following output:
Change Dir: /home/runner/work/MightyMike-Android/MightyMike-Android/android/app/.cxx/Debug/1h5k5w5j/x86_64/CMakeFiles/CMakeTmp

Run Build Command(s):/usr/local/lib/android/sdk/cmake/3.22.1/bin/ninja cmTC_5b623 && [1/2] Building C object CMakeFiles/cmTC_5b623.dir/CheckSymbolExists.c.o
[2/2] Linking C executable cmTC_5b623


File /home/runner/work/MightyMike-Android/MightyMike-Android/android/app/.cxx/Debug/1h5k5w5j/x86_64/CMakeFiles/CMakeTmp/CheckSymbolExists.c:
/* */
#include <float.h>
#include <iconv.h>
#include <inttypes.h>
#include <limits.h>
#include <malloc.h>
#include <math.h>
#include <memory.h>
#include <signal.h>
#include <stdarg.h>
#include <stdbool.h>
#include <stddef.h>
#include <stdint.h>
#include <stdio.h>
#include <stdlib.h>
#include <string.h>
#include <strings.h>
#include <sys/types.h>
#include <time.h>
#include <wchar.h>

int main(int argc, char** argv)
{
  (void)argv;
#ifndef cosf
  return ((int*)(&cosf))[argc];
#else
  (void)argc;
  return 0;
#endif
}
Determining if the _Exit exist passed with the following output:
Change Dir: /home/runner/work/MightyMike-Android/MightyMike-Android/android/app/.cxx/Debug/1h5k5w5j/x86_64/CMakeFiles/CMakeTmp

Run Build Command(s):/usr/local/lib/android/sdk/cmake/3.22.1/bin/ninja cmTC_ce1ff && [1/2] Building C object CMakeFiles/cmTC_ce1ff.dir/CheckSymbolExists.c.o
[2/2] Linking C executable cmTC_ce1ff


File /home/runner/work/MightyMike-Android/MightyMike-Android/android/app/.cxx/Debug/1h5k5w5j/x86_64/CMakeFiles/CMakeTmp/CheckSymbolExists.c:
/* */
#include <float.h>
#include <iconv.h>
#include <inttypes.h>
#include <limits.h>
#include <malloc.h>
#include <math.h>
#include <memory.h>
#include <signal.h>
#include <stdarg.h>
#include <stdbool.h>
#include <stddef.h>
#include <stdint.h>
#include <stdio.h>
#include <stdlib.h>
#include <string.h>
#include <strings.h>
#include <sys/types.h>
#include <time.h>
#include <wchar.h>

int main(int argc, char** argv)
{
  (void)argv;
#ifndef _Exit
  return ((int*)(&_Exit))[argc];
#else
  (void)argc;
  return 0;
#endif
}
Determining if the exp exist passed with the following output:
Change Dir: /home/runner/work/MightyMike-Android/MightyMike-Android/android/app/.cxx/Debug/1h5k5w5j/x86_64/CMakeFiles/CMakeTmp

Run Build Command(s):/usr/local/lib/android/sdk/cmake/3.22.1/bin/ninja cmTC_cf882 && [1/2] Building C object CMakeFiles/cmTC_cf882.dir/CheckSymbolExists.c.o
[2/2] Linking C executable cmTC_cf882


File /home/runner/work/MightyMike-Android/MightyMike-Android/android/app/.cxx/Debug/1h5k5w5j/x86_64/CMakeFiles/CMakeTmp/CheckSymbolExists.c:
/* */
#include <float.h>
#include <iconv.h>
#include <inttypes.h>
#include <limits.h>
#include <malloc.h>
#include <math.h>
#include <memory.h>
#include <signal.h>
#include <stdarg.h>
#include <stdbool.h>
#include <stddef.h>
#include <stdint.h>
#include <stdio.h>
#include <stdlib.h>
#include <string.h>
#include <strings.h>
#include <sys/types.h>
#include <time.h>
#include <wchar.h>

int main(int argc, char** argv)
{
  (void)argv;
#ifndef exp
  return ((int*)(&exp))[argc];
#else
  (void)argc;
  return 0;
#endif
}
Determining if the expf exist passed with the following output:
Change Dir: /home/runner/work/MightyMike-Android/MightyMike-Android/android/app/.cxx/Debug/1h5k5w5j/x86_64/CMakeFiles/CMakeTmp

Run Build Command(s):/usr/local/lib/android/sdk/cmake/3.22.1/bin/ninja cmTC_3f6bd && [1/2] Building C object CMakeFiles/cmTC_3f6bd.dir/CheckSymbolExists.c.o
[2/2] Linking C executable cmTC_3f6bd


File /home/runner/work/MightyMike-Android/MightyMike-Android/android/app/.cxx/Debug/1h5k5w5j/x86_64/CMakeFiles/CMakeTmp/CheckSymbolExists.c:
/* */
#include <float.h>
#include <iconv.h>
#include <inttypes.h>
#include <limits.h>
#include <malloc.h>
#include <math.h>
#include <memory.h>
#include <signal.h>
#include <stdarg.h>
#include <stdbool.h>
#include <stddef.h>
#include <stdint.h>
#include <stdio.h>
#include <stdlib.h>
#include <string.h>
#include <strings.h>
#include <sys/types.h>
#include <time.h>
#include <wchar.h>

int main(int argc, char** argv)
{
  (void)argv;
#ifndef expf
  return ((int*)(&expf))[argc];
#else
  (void)argc;
  return 0;
#endif
}
Determining if the fabs exist passed with the following output:
Change Dir: /home/runner/work/MightyMike-Android/MightyMike-Android/android/app/.cxx/Debug/1h5k5w5j/x86_64/CMakeFiles/CMakeTmp

Run Build Command(s):/usr/local/lib/android/sdk/cmake/3.22.1/bin/ninja cmTC_34ed1 && [1/2] Building C object CMakeFiles/cmTC_34ed1.dir/CheckSymbolExists.c.o
[2/2] Linking C executable cmTC_34ed1


File /home/runner/work/MightyMike-Android/MightyMike-Android/android/app/.cxx/Debug/1h5k5w5j/x86_64/CMakeFiles/CMakeTmp/CheckSymbolExists.c:
/* */
#include <float.h>
#include <iconv.h>
#include <inttypes.h>
#include <limits.h>
#include <malloc.h>
#include <math.h>
#include <memory.h>
#include <signal.h>
#include <stdarg.h>
#include <stdbool.h>
#include <stddef.h>
#include <stdint.h>
#include <stdio.h>
#include <stdlib.h>
#include <string.h>
#include <strings.h>
#include <sys/types.h>
#include <time.h>
#include <wchar.h>

int main(int argc, char** argv)
{
  (void)argv;
#ifndef fabs
  return ((int*)(&fabs))[argc];
#else
  (void)argc;
  return 0;
#endif
}
Determining if the fabsf exist passed with the following output:
Change Dir: /home/runner/work/MightyMike-Android/MightyMike-Android/android/app/.cxx/Debug/1h5k5w5j/x86_64/CMakeFiles/CMakeTmp

Run Build Command(s):/usr/local/lib/android/sdk/cmake/3.22.1/bin/ninja cmTC_93392 && [1/2] Building C object CMakeFiles/cmTC_93392.dir/CheckSymbolExists.c.o
[2/2] Linking C executable cmTC_93392


File /home/runner/work/MightyMike-Android/MightyMike-Android/android/app/.cxx/Debug/1h5k5w5j/x86_64/CMakeFiles/CMakeTmp/CheckSymbolExists.c:
/* */
#include <float.h>
#include <iconv.h>
#include <inttypes.h>
#include <limits.h>
#include <malloc.h>
#include <math.h>
#include <memory.h>
#include <signal.h>
#include <stdarg.h>
#include <stdbool.h>
#include <stddef.h>
#include <stdint.h>
#include <stdio.h>
#include <stdlib.h>
#include <string.h>
#include <strings.h>
#include <sys/types.h>
#include <time.h>
#include <wchar.h>

int main(int argc, char** argv)
{
  (void)argv;
#ifndef fabsf
  return ((int*)(&fabsf))[argc];
#else
  (void)argc;
  return 0;
#endif
}
Determining if the floor exist passed with the following output:
Change Dir: /home/runner/work/MightyMike-Android/MightyMike-Android/android/app/.cxx/Debug/1h5k5w5j/x86_64/CMakeFiles/CMakeTmp

Run Build Command(s):/usr/local/lib/android/sdk/cmake/3.22.1/bin/ninja cmTC_cea78 && [1/2] Building C object CMakeFiles/cmTC_cea78.dir/CheckSymbolExists.c.o
[2/2] Linking C executable cmTC_cea78


File /home/runner/work/MightyMike-Android/MightyMike-Android/android/app/.cxx/Debug/1h5k5w5j/x86_64/CMakeFiles/CMakeTmp/CheckSymbolExists.c:
/* */
#include <float.h>
#include <iconv.h>
#include <inttypes.h>
#include <limits.h>
#include <malloc.h>
#include <math.h>
#include <memory.h>
#include <signal.h>
#include <stdarg.h>
#include <stdbool.h>
#include <stddef.h>
#include <stdint.h>
#include <stdio.h>
#include <stdlib.h>
#include <string.h>
#include <strings.h>
#include <sys/types.h>
#include <time.h>
#include <wchar.h>

int main(int argc, char** argv)
{
  (void)argv;
#ifndef floor
  return ((int*)(&floor))[argc];
#else
  (void)argc;
  return 0;
#endif
}
Determining if the floorf exist passed with the following output:
Change Dir: /home/runner/work/MightyMike-Android/MightyMike-Android/android/app/.cxx/Debug/1h5k5w5j/x86_64/CMakeFiles/CMakeTmp

Run Build Command(s):/usr/local/lib/android/sdk/cmake/3.22.1/bin/ninja cmTC_7390c && [1/2] Building C object CMakeFiles/cmTC_7390c.dir/CheckSymbolExists.c.o
[2/2] Linking C executable cmTC_7390c


File /home/runner/work/MightyMike-Android/MightyMike-Android/android/app/.cxx/Debug/1h5k5w5j/x86_64/CMakeFiles/CMakeTmp/CheckSymbolExists.c:
/* */
#include <float.h>
#include <iconv.h>
#include <inttypes.h>
#include <limits.h>
#include <malloc.h>
#include <math.h>
#include <memory.h>
#include <signal.h>
#include <stdarg.h>
#include <stdbool.h>
#include <stddef.h>
#include <stdint.h>
#include <stdio.h>
#include <stdlib.h>
#include <string.h>
#include <strings.h>
#include <sys/types.h>
#include <time.h>
#include <wchar.h>

int main(int argc, char** argv)
{
  (void)argv;
#ifndef floorf
  return ((int*)(&floorf))[argc];
#else
  (void)argc;
  return 0;
#endif
}
Determining if the fmod exist passed with the following output:
Change Dir: /home/runner/work/MightyMike-Android/MightyMike-Android/android/app/.cxx/Debug/1h5k5w5j/x86_64/CMakeFiles/CMakeTmp

Run Build Command(s):/usr/local/lib/android/sdk/cmake/3.22.1/bin/ninja cmTC_3b37e && [1/2] Building C object CMakeFiles/cmTC_3b37e.dir/CheckSymbolExists.c.o
[2/2] Linking C executable cmTC_3b37e


File /home/runner/work/MightyMike-Android/MightyMike-Android/android/app/.cxx/Debug/1h5k5w5j/x86_64/CMakeFiles/CMakeTmp/CheckSymbolExists.c:
/* */
#include <float.h>
#include <iconv.h>
#include <inttypes.h>
#include <limits.h>
#include <malloc.h>
#include <math.h>
#include <memory.h>
#include <signal.h>
#include <stdarg.h>
#include <stdbool.h>
#include <stddef.h>
#include <stdint.h>
#include <stdio.h>
#include <stdlib.h>
#include <string.h>
#include <strings.h>
#include <sys/types.h>
#include <time.h>
#include <wchar.h>

int main(int argc, char** argv)
{
  (void)argv;
#ifndef fmod
  return ((int*)(&fmod))[argc];
#else
  (void)argc;
  return 0;
#endif
}
Determining if the fmodf exist passed with the following output:
Change Dir: /home/runner/work/MightyMike-Android/MightyMike-Android/android/app/.cxx/Debug/1h5k5w5j/x86_64/CMakeFiles/CMakeTmp

Run Build Command(s):/usr/local/lib/android/sdk/cmake/3.22.1/bin/ninja cmTC_474f9 && [1/2] Building C object CMakeFiles/cmTC_474f9.dir/CheckSymbolExists.c.o
[2/2] Linking C executable cmTC_474f9


File /home/runner/work/MightyMike-Android/MightyMike-Android/android/app/.cxx/Debug/1h5k5w5j/x86_64/CMakeFiles/CMakeTmp/CheckSymbolExists.c:
/* */
#include <float.h>
#include <iconv.h>
#include <inttypes.h>
#include <limits.h>
#include <malloc.h>
#include <math.h>
#include <memory.h>
#include <signal.h>
#include <stdarg.h>
#include <stdbool.h>
#include <stddef.h>
#include <stdint.h>
#include <stdio.h>
#include <stdlib.h>
#include <string.h>
#include <strings.h>
#include <sys/types.h>
#include <time.h>
#include <wchar.h>

int main(int argc, char** argv)
{
  (void)argv;
#ifndef fmodf
  return ((int*)(&fmodf))[argc];
#else
  (void)argc;
  return 0;
#endif
}
Determining if the fopen64 exist passed with the following output:
Change Dir: /home/runner/work/MightyMike-Android/MightyMike-Android/android/app/.cxx/Debug/1h5k5w5j/x86_64/CMakeFiles/CMakeTmp

Run Build Command(s):/usr/local/lib/android/sdk/cmake/3.22.1/bin/ninja cmTC_79fc5 && [1/2] Building C object CMakeFiles/cmTC_79fc5.dir/CheckSymbolExists.c.o
[2/2] Linking C executable cmTC_79fc5


File /home/runner/work/MightyMike-Android/MightyMike-Android/android/app/.cxx/Debug/1h5k5w5j/x86_64/CMakeFiles/CMakeTmp/CheckSymbolExists.c:
/* */
#include <float.h>
#include <iconv.h>
#include <inttypes.h>
#include <limits.h>
#include <malloc.h>
#include <math.h>
#include <memory.h>
#include <signal.h>
#include <stdarg.h>
#include <stdbool.h>
#include <stddef.h>
#include <stdint.h>
#include <stdio.h>
#include <stdlib.h>
#include <string.h>
#include <strings.h>
#include <sys/types.h>
#include <time.h>
#include <wchar.h>

int main(int argc, char** argv)
{
  (void)argv;
#ifndef fopen64
  return ((int*)(&fopen64))[argc];
#else
  (void)argc;
  return 0;
#endif
}
Determining if the fseeko exist passed with the following output:
Change Dir: /home/runner/work/MightyMike-Android/MightyMike-Android/android/app/.cxx/Debug/1h5k5w5j/x86_64/CMakeFiles/CMakeTmp

Run Build Command(s):/usr/local/lib/android/sdk/cmake/3.22.1/bin/ninja cmTC_828b3 && [1/2] Building C object CMakeFiles/cmTC_828b3.dir/CheckSymbolExists.c.o
[2/2] Linking C executable cmTC_828b3


File /home/runner/work/MightyMike-Android/MightyMike-Android/android/app/.cxx/Debug/1h5k5w5j/x86_64/CMakeFiles/CMakeTmp/CheckSymbolExists.c:
/* */
#include <float.h>
#include <iconv.h>
#include <inttypes.h>
#include <limits.h>
#include <malloc.h>
#include <math.h>
#include <memory.h>
#include <signal.h>
#include <stdarg.h>
#include <stdbool.h>
#include <stddef.h>
#include <stdint.h>
#include <stdio.h>
#include <stdlib.h>
#include <string.h>
#include <strings.h>
#include <sys/types.h>
#include <time.h>
#include <wchar.h>

int main(int argc, char** argv)
{
  (void)argv;
#ifndef fseeko
  return ((int*)(&fseeko))[argc];
#else
  (void)argc;
  return 0;
#endif
}
Determining if the fseeko64 exist passed with the following output:
Change Dir: /home/runner/work/MightyMike-Android/MightyMike-Android/android/app/.cxx/Debug/1h5k5w5j/x86_64/CMakeFiles/CMakeTmp

Run Build Command(s):/usr/local/lib/android/sdk/cmake/3.22.1/bin/ninja cmTC_e72fd && [1/2] Building C object CMakeFiles/cmTC_e72fd.dir/CheckSymbolExists.c.o
[2/2] Linking C executable cmTC_e72fd


File /home/runner/work/MightyMike-Android/MightyMike-Android/android/app/.cxx/Debug/1h5k5w5j/x86_64/CMakeFiles/CMakeTmp/CheckSymbolExists.c:
/* */
#include <float.h>
#include <iconv.h>
#include <inttypes.h>
#include <limits.h>
#include <malloc.h>
#include <math.h>
#include <memory.h>
#include <signal.h>
#include <stdarg.h>
#include <stdbool.h>
#include <stddef.h>
#include <stdint.h>
#include <stdio.h>
#include <stdlib.h>
#include <string.h>
#include <strings.h>
#include <sys/types.h>
#include <time.h>
#include <wchar.h>

int main(int argc, char** argv)
{
  (void)argv;
#ifndef fseeko64
  return ((int*)(&fseeko64))[argc];
#else
  (void)argc;
  return 0;
#endif
}
Determining if the getenv exist passed with the following output:
Change Dir: /home/runner/work/MightyMike-Android/MightyMike-Android/android/app/.cxx/Debug/1h5k5w5j/x86_64/CMakeFiles/CMakeTmp

Run Build Command(s):/usr/local/lib/android/sdk/cmake/3.22.1/bin/ninja cmTC_96322 && [1/2] Building C object CMakeFiles/cmTC_96322.dir/CheckSymbolExists.c.o
[2/2] Linking C executable cmTC_96322


File /home/runner/work/MightyMike-Android/MightyMike-Android/android/app/.cxx/Debug/1h5k5w5j/x86_64/CMakeFiles/CMakeTmp/CheckSymbolExists.c:
/* */
#include <float.h>
#include <iconv.h>
#include <inttypes.h>
#include <limits.h>
#include <malloc.h>
#include <math.h>
#include <memory.h>
#include <signal.h>
#include <stdarg.h>
#include <stdbool.h>
#include <stddef.h>
#include <stdint.h>
#include <stdio.h>
#include <stdlib.h>
#include <string.h>
#include <strings.h>
#include <sys/types.h>
#include <time.h>
#include <wchar.h>

int main(int argc, char** argv)
{
  (void)argv;
#ifndef getenv
  return ((int*)(&getenv))[argc];
#else
  (void)argc;
  return 0;
#endif
}
Determining if the log exist passed with the following output:
Change Dir: /home/runner/work/MightyMike-Android/MightyMike-Android/android/app/.cxx/Debug/1h5k5w5j/x86_64/CMakeFiles/CMakeTmp

Run Build Command(s):/usr/local/lib/android/sdk/cmake/3.22.1/bin/ninja cmTC_bf385 && [1/2] Building C object CMakeFiles/cmTC_bf385.dir/CheckSymbolExists.c.o
[2/2] Linking C executable cmTC_bf385


File /home/runner/work/MightyMike-Android/MightyMike-Android/android/app/.cxx/Debug/1h5k5w5j/x86_64/CMakeFiles/CMakeTmp/CheckSymbolExists.c:
/* */
#include <float.h>
#include <iconv.h>
#include <inttypes.h>
#include <limits.h>
#include <malloc.h>
#include <math.h>
#include <memory.h>
#include <signal.h>
#include <stdarg.h>
#include <stdbool.h>
#include <stddef.h>
#include <stdint.h>
#include <stdio.h>
#include <stdlib.h>
#include <string.h>
#include <strings.h>
#include <sys/types.h>
#include <time.h>
#include <wchar.h>

int main(int argc, char** argv)
{
  (void)argv;
#ifndef log
  return ((int*)(&log))[argc];
#else
  (void)argc;
  return 0;
#endif
}
Determining if the log10 exist passed with the following output:
Change Dir: /home/runner/work/MightyMike-Android/MightyMike-Android/android/app/.cxx/Debug/1h5k5w5j/x86_64/CMakeFiles/CMakeTmp

Run Build Command(s):/usr/local/lib/android/sdk/cmake/3.22.1/bin/ninja cmTC_9d02f && [1/2] Building C object CMakeFiles/cmTC_9d02f.dir/CheckSymbolExists.c.o
[2/2] Linking C executable cmTC_9d02f


File /home/runner/work/MightyMike-Android/MightyMike-Android/android/app/.cxx/Debug/1h5k5w5j/x86_64/CMakeFiles/CMakeTmp/CheckSymbolExists.c:
/* */
#include <float.h>
#include <iconv.h>
#include <inttypes.h>
#include <limits.h>
#include <malloc.h>
#include <math.h>
#include <memory.h>
#include <signal.h>
#include <stdarg.h>
#include <stdbool.h>
#include <stddef.h>
#include <stdint.h>
#include <stdio.h>
#include <stdlib.h>
#include <string.h>
#include <strings.h>
#include <sys/types.h>
#include <time.h>
#include <wchar.h>

int main(int argc, char** argv)
{
  (void)argv;
#ifndef log10
  return ((int*)(&log10))[argc];
#else
  (void)argc;
  return 0;
#endif
}
Determining if the log10f exist passed with the following output:
Change Dir: /home/runner/work/MightyMike-Android/MightyMike-Android/android/app/.cxx/Debug/1h5k5w5j/x86_64/CMakeFiles/CMakeTmp

Run Build Command(s):/usr/local/lib/android/sdk/cmake/3.22.1/bin/ninja cmTC_8a585 && [1/2] Building C object CMakeFiles/cmTC_8a585.dir/CheckSymbolExists.c.o
[2/2] Linking C executable cmTC_8a585


File /home/runner/work/MightyMike-Android/MightyMike-Android/android/app/.cxx/Debug/1h5k5w5j/x86_64/CMakeFiles/CMakeTmp/CheckSymbolExists.c:
/* */
#include <float.h>
#include <iconv.h>
#include <inttypes.h>
#include <limits.h>
#include <malloc.h>
#include <math.h>
#include <memory.h>
#include <signal.h>
#include <stdarg.h>
#include <stdbool.h>
#include <stddef.h>
#include <stdint.h>
#include <stdio.h>
#include <stdlib.h>
#include <string.h>
#include <strings.h>
#include <sys/types.h>
#include <time.h>
#include <wchar.h>

int main(int argc, char** argv)
{
  (void)argv;
#ifndef log10f
  return ((int*)(&log10f))[argc];
#else
  (void)argc;
  return 0;
#endif
}
Determining if the logf exist passed with the following output:
Change Dir: /home/runner/work/MightyMike-Android/MightyMike-Android/android/app/.cxx/Debug/1h5k5w5j/x86_64/CMakeFiles/CMakeTmp

Run Build Command(s):/usr/local/lib/android/sdk/cmake/3.22.1/bin/ninja cmTC_ef48a && [1/2] Building C object CMakeFiles/cmTC_ef48a.dir/CheckSymbolExists.c.o
[2/2] Linking C executable cmTC_ef48a


File /home/runner/work/MightyMike-Android/MightyMike-Android/android/app/.cxx/Debug/1h5k5w5j/x86_64/CMakeFiles/CMakeTmp/CheckSymbolExists.c:
/* */
#include <float.h>
#include <iconv.h>
#include <inttypes.h>
#include <limits.h>
#include <malloc.h>
#include <math.h>
#include <memory.h>
#include <signal.h>
#include <stdarg.h>
#include <stdbool.h>
#include <stddef.h>
#include <stdint.h>
#include <stdio.h>
#include <stdlib.h>
#include <string.h>
#include <strings.h>
#include <sys/types.h>
#include <time.h>
#include <wchar.h>

int main(int argc, char** argv)
{
  (void)argv;
#ifndef logf
  return ((int*)(&logf))[argc];
#else
  (void)argc;
  return 0;
#endif
}
Determining if the lround exist passed with the following output:
Change Dir: /home/runner/work/MightyMike-Android/MightyMike-Android/android/app/.cxx/Debug/1h5k5w5j/x86_64/CMakeFiles/CMakeTmp

Run Build Command(s):/usr/local/lib/android/sdk/cmake/3.22.1/bin/ninja cmTC_649b1 && [1/2] Building C object CMakeFiles/cmTC_649b1.dir/CheckSymbolExists.c.o
[2/2] Linking C executable cmTC_649b1


File /home/runner/work/MightyMike-Android/MightyMike-Android/android/app/.cxx/Debug/1h5k5w5j/x86_64/CMakeFiles/CMakeTmp/CheckSymbolExists.c:
/* */
#include <float.h>
#include <iconv.h>
#include <inttypes.h>
#include <limits.h>
#include <malloc.h>
#include <math.h>
#include <memory.h>
#include <signal.h>
#include <stdarg.h>
#include <stdbool.h>
#include <stddef.h>
#include <stdint.h>
#include <stdio.h>
#include <stdlib.h>
#include <string.h>
#include <strings.h>
#include <sys/types.h>
#include <time.h>
#include <wchar.h>

int main(int argc, char** argv)
{
  (void)argv;
#ifndef lround
  return ((int*)(&lround))[argc];
#else
  (void)argc;
  return 0;
#endif
}
Determining if the lroundf exist passed with the following output:
Change Dir: /home/runner/work/MightyMike-Android/MightyMike-Android/android/app/.cxx/Debug/1h5k5w5j/x86_64/CMakeFiles/CMakeTmp

Run Build Command(s):/usr/local/lib/android/sdk/cmake/3.22.1/bin/ninja cmTC_7a4d4 && [1/2] Building C object CMakeFiles/cmTC_7a4d4.dir/CheckSymbolExists.c.o
[2/2] Linking C executable cmTC_7a4d4


File /home/runner/work/MightyMike-Android/MightyMike-Android/android/app/.cxx/Debug/1h5k5w5j/x86_64/CMakeFiles/CMakeTmp/CheckSymbolExists.c:
/* */
#include <float.h>
#include <iconv.h>
#include <inttypes.h>
#include <limits.h>
#include <malloc.h>
#include <math.h>
#include <memory.h>
#include <signal.h>
#include <stdarg.h>
#include <stdbool.h>
#include <stddef.h>
#include <stdint.h>
#include <stdio.h>
#include <stdlib.h>
#include <string.h>
#include <strings.h>
#include <sys/types.h>
#include <time.h>
#include <wchar.h>

int main(int argc, char** argv)
{
  (void)argv;
#ifndef lroundf
  return ((int*)(&lroundf))[argc];
#else
  (void)argc;
  return 0;
#endif
}
Determining if the malloc exist passed with the following output:
Change Dir: /home/runner/work/MightyMike-Android/MightyMike-Android/android/app/.cxx/Debug/1h5k5w5j/x86_64/CMakeFiles/CMakeTmp

Run Build Command(s):/usr/local/lib/android/sdk/cmake/3.22.1/bin/ninja cmTC_70d40 && [1/2] Building C object CMakeFiles/cmTC_70d40.dir/CheckSymbolExists.c.o
[2/2] Linking C executable cmTC_70d40


File /home/runner/work/MightyMike-Android/MightyMike-Android/android/app/.cxx/Debug/1h5k5w5j/x86_64/CMakeFiles/CMakeTmp/CheckSymbolExists.c:
/* */
#include <float.h>
#include <iconv.h>
#include <inttypes.h>
#include <limits.h>
#include <malloc.h>
#include <math.h>
#include <memory.h>
#include <signal.h>
#include <stdarg.h>
#include <stdbool.h>
#include <stddef.h>
#include <stdint.h>
#include <stdio.h>
#include <stdlib.h>
#include <string.h>
#include <strings.h>
#include <sys/types.h>
#include <time.h>
#include <wchar.h>

int main(int argc, char** argv)
{
  (void)argv;
#ifndef malloc
  return ((int*)(&malloc))[argc];
#else
  (void)argc;
  return 0;
#endif
}
Determining if the memcmp exist passed with the following output:
Change Dir: /home/runner/work/MightyMike-Android/MightyMike-Android/android/app/.cxx/Debug/1h5k5w5j/x86_64/CMakeFiles/CMakeTmp

Run Build Command(s):/usr/local/lib/android/sdk/cmake/3.22.1/bin/ninja cmTC_08602 && [1/2] Building C object CMakeFiles/cmTC_08602.dir/CheckSymbolExists.c.o
[2/2] Linking C executable cmTC_08602


File /home/runner/work/MightyMike-Android/MightyMike-Android/android/app/.cxx/Debug/1h5k5w5j/x86_64/CMakeFiles/CMakeTmp/CheckSymbolExists.c:
/* */
#include <float.h>
#include <iconv.h>
#include <inttypes.h>
#include <limits.h>
#include <malloc.h>
#include <math.h>
#include <memory.h>
#include <signal.h>
#include <stdarg.h>
#include <stdbool.h>
#include <stddef.h>
#include <stdint.h>
#include <stdio.h>
#include <stdlib.h>
#include <string.h>
#include <strings.h>
#include <sys/types.h>
#include <time.h>
#include <wchar.h>

int main(int argc, char** argv)
{
  (void)argv;
#ifndef memcmp
  return ((int*)(&memcmp))[argc];
#else
  (void)argc;
  return 0;
#endif
}
Determining if the memcpy exist passed with the following output:
Change Dir: /home/runner/work/MightyMike-Android/MightyMike-Android/android/app/.cxx/Debug/1h5k5w5j/x86_64/CMakeFiles/CMakeTmp

Run Build Command(s):/usr/local/lib/android/sdk/cmake/3.22.1/bin/ninja cmTC_a3bcc && [1/2] Building C object CMakeFiles/cmTC_a3bcc.dir/CheckSymbolExists.c.o
[2/2] Linking C executable cmTC_a3bcc


File /home/runner/work/MightyMike-Android/MightyMike-Android/android/app/.cxx/Debug/1h5k5w5j/x86_64/CMakeFiles/CMakeTmp/CheckSymbolExists.c:
/* */
#include <float.h>
#include <iconv.h>
#include <inttypes.h>
#include <limits.h>
#include <malloc.h>
#include <math.h>
#include <memory.h>
#include <signal.h>
#include <stdarg.h>
#include <stdbool.h>
#include <stddef.h>
#include <stdint.h>
#include <stdio.h>
#include <stdlib.h>
#include <string.h>
#include <strings.h>
#include <sys/types.h>
#include <time.h>
#include <wchar.h>

int main(int argc, char** argv)
{
  (void)argv;
#ifndef memcpy
  return ((int*)(&memcpy))[argc];
#else
  (void)argc;
  return 0;
#endif
}
Determining if the memmove exist passed with the following output:
Change Dir: /home/runner/work/MightyMike-Android/MightyMike-Android/android/app/.cxx/Debug/1h5k5w5j/x86_64/CMakeFiles/CMakeTmp

Run Build Command(s):/usr/local/lib/android/sdk/cmake/3.22.1/bin/ninja cmTC_af520 && [1/2] Building C object CMakeFiles/cmTC_af520.dir/CheckSymbolExists.c.o
[2/2] Linking C executable cmTC_af520


File /home/runner/work/MightyMike-Android/MightyMike-Android/android/app/.cxx/Debug/1h5k5w5j/x86_64/CMakeFiles/CMakeTmp/CheckSymbolExists.c:
/* */
#include <float.h>
#include <iconv.h>
#include <inttypes.h>
#include <limits.h>
#include <malloc.h>
#include <math.h>
#include <memory.h>
#include <signal.h>
#include <stdarg.h>
#include <stdbool.h>
#include <stddef.h>
#include <stdint.h>
#include <stdio.h>
#include <stdlib.h>
#include <string.h>
#include <strings.h>
#include <sys/types.h>
#include <time.h>
#include <wchar.h>

int main(int argc, char** argv)
{
  (void)argv;
#ifndef memmove
  return ((int*)(&memmove))[argc];
#else
  (void)argc;
  return 0;
#endif
}
Determining if the memset exist passed with the following output:
Change Dir: /home/runner/work/MightyMike-Android/MightyMike-Android/android/app/.cxx/Debug/1h5k5w5j/x86_64/CMakeFiles/CMakeTmp

Run Build Command(s):/usr/local/lib/android/sdk/cmake/3.22.1/bin/ninja cmTC_fd4f3 && [1/2] Building C object CMakeFiles/cmTC_fd4f3.dir/CheckSymbolExists.c.o
[2/2] Linking C executable cmTC_fd4f3


File /home/runner/work/MightyMike-Android/MightyMike-Android/android/app/.cxx/Debug/1h5k5w5j/x86_64/CMakeFiles/CMakeTmp/CheckSymbolExists.c:
/* */
#include <float.h>
#include <iconv.h>
#include <inttypes.h>
#include <limits.h>
#include <malloc.h>
#include <math.h>
#include <memory.h>
#include <signal.h>
#include <stdarg.h>
#include <stdbool.h>
#include <stddef.h>
#include <stdint.h>
#include <stdio.h>
#include <stdlib.h>
#include <string.h>
#include <strings.h>
#include <sys/types.h>
#include <time.h>
#include <wchar.h>

int main(int argc, char** argv)
{
  (void)argv;
#ifndef memset
  return ((int*)(&memset))[argc];
#else
  (void)argc;
  return 0;
#endif
}
Determining if the modf exist passed with the following output:
Change Dir: /home/runner/work/MightyMike-Android/MightyMike-Android/android/app/.cxx/Debug/1h5k5w5j/x86_64/CMakeFiles/CMakeTmp

Run Build Command(s):/usr/local/lib/android/sdk/cmake/3.22.1/bin/ninja cmTC_c006b && [1/2] Building C object CMakeFiles/cmTC_c006b.dir/CheckSymbolExists.c.o
[2/2] Linking C executable cmTC_c006b


File /home/runner/work/MightyMike-Android/MightyMike-Android/android/app/.cxx/Debug/1h5k5w5j/x86_64/CMakeFiles/CMakeTmp/CheckSymbolExists.c:
/* */
#include <float.h>
#include <iconv.h>
#include <inttypes.h>
#include <limits.h>
#include <malloc.h>
#include <math.h>
#include <memory.h>
#include <signal.h>
#include <stdarg.h>
#include <stdbool.h>
#include <stddef.h>
#include <stdint.h>
#include <stdio.h>
#include <stdlib.h>
#include <string.h>
#include <strings.h>
#include <sys/types.h>
#include <time.h>
#include <wchar.h>

int main(int argc, char** argv)
{
  (void)argv;
#ifndef modf
  return ((int*)(&modf))[argc];
#else
  (void)argc;
  return 0;
#endif
}
Determining if the modff exist passed with the following output:
Change Dir: /home/runner/work/MightyMike-Android/MightyMike-Android/android/app/.cxx/Debug/1h5k5w5j/x86_64/CMakeFiles/CMakeTmp

Run Build Command(s):/usr/local/lib/android/sdk/cmake/3.22.1/bin/ninja cmTC_4273e && [1/2] Building C object CMakeFiles/cmTC_4273e.dir/CheckSymbolExists.c.o
[2/2] Linking C executable cmTC_4273e


File /home/runner/work/MightyMike-Android/MightyMike-Android/android/app/.cxx/Debug/1h5k5w5j/x86_64/CMakeFiles/CMakeTmp/CheckSymbolExists.c:
/* */
#include <float.h>
#include <iconv.h>
#include <inttypes.h>
#include <limits.h>
#include <malloc.h>
#include <math.h>
#include <memory.h>
#include <signal.h>
#include <stdarg.h>
#include <stdbool.h>
#include <stddef.h>
#include <stdint.h>
#include <stdio.h>
#include <stdlib.h>
#include <string.h>
#include <strings.h>
#include <sys/types.h>
#include <time.h>
#include <wchar.h>

int main(int argc, char** argv)
{
  (void)argv;
#ifndef modff
  return ((int*)(&modff))[argc];
#else
  (void)argc;
  return 0;
#endif
}
Determining if the pow exist passed with the following output:
Change Dir: /home/runner/work/MightyMike-Android/MightyMike-Android/android/app/.cxx/Debug/1h5k5w5j/x86_64/CMakeFiles/CMakeTmp

Run Build Command(s):/usr/local/lib/android/sdk/cmake/3.22.1/bin/ninja cmTC_987d7 && [1/2] Building C object CMakeFiles/cmTC_987d7.dir/CheckSymbolExists.c.o
[2/2] Linking C executable cmTC_987d7


File /home/runner/work/MightyMike-Android/MightyMike-Android/android/app/.cxx/Debug/1h5k5w5j/x86_64/CMakeFiles/CMakeTmp/CheckSymbolExists.c:
/* */
#include <float.h>
#include <iconv.h>
#include <inttypes.h>
#include <limits.h>
#include <malloc.h>
#include <math.h>
#include <memory.h>
#include <signal.h>
#include <stdarg.h>
#include <stdbool.h>
#include <stddef.h>
#include <stdint.h>
#include <stdio.h>
#include <stdlib.h>
#include <string.h>
#include <strings.h>
#include <sys/types.h>
#include <time.h>
#include <wchar.h>

int main(int argc, char** argv)
{
  (void)argv;
#ifndef pow
  return ((int*)(&pow))[argc];
#else
  (void)argc;
  return 0;
#endif
}
Determining if the powf exist passed with the following output:
Change Dir: /home/runner/work/MightyMike-Android/MightyMike-Android/android/app/.cxx/Debug/1h5k5w5j/x86_64/CMakeFiles/CMakeTmp

Run Build Command(s):/usr/local/lib/android/sdk/cmake/3.22.1/bin/ninja cmTC_14e29 && [1/2] Building C object CMakeFiles/cmTC_14e29.dir/CheckSymbolExists.c.o
[2/2] Linking C executable cmTC_14e29


File /home/runner/work/MightyMike-Android/MightyMike-Android/android/app/.cxx/Debug/1h5k5w5j/x86_64/CMakeFiles/CMakeTmp/CheckSymbolExists.c:
/* */
#include <float.h>
#include <iconv.h>
#include <inttypes.h>
#include <limits.h>
#include <malloc.h>
#include <math.h>
#include <memory.h>
#include <signal.h>
#include <stdarg.h>
#include <stdbool.h>
#include <stddef.h>
#include <stdint.h>
#include <stdio.h>
#include <stdlib.h>
#include <string.h>
#include <strings.h>
#include <sys/types.h>
#include <time.h>
#include <wchar.h>

int main(int argc, char** argv)
{
  (void)argv;
#ifndef powf
  return ((int*)(&powf))[argc];
#else
  (void)argc;
  return 0;
#endif
}
Determining if the putenv exist passed with the following output:
Change Dir: /home/runner/work/MightyMike-Android/MightyMike-Android/android/app/.cxx/Debug/1h5k5w5j/x86_64/CMakeFiles/CMakeTmp

Run Build Command(s):/usr/local/lib/android/sdk/cmake/3.22.1/bin/ninja cmTC_4f4a8 && [1/2] Building C object CMakeFiles/cmTC_4f4a8.dir/CheckSymbolExists.c.o
[2/2] Linking C executable cmTC_4f4a8


File /home/runner/work/MightyMike-Android/MightyMike-Android/android/app/.cxx/Debug/1h5k5w5j/x86_64/CMakeFiles/CMakeTmp/CheckSymbolExists.c:
/* */
#include <float.h>
#include <iconv.h>
#include <inttypes.h>
#include <limits.h>
#include <malloc.h>
#include <math.h>
#include <memory.h>
#include <signal.h>
#include <stdarg.h>
#include <stdbool.h>
#include <stddef.h>
#include <stdint.h>
#include <stdio.h>
#include <stdlib.h>
#include <string.h>
#include <strings.h>
#include <sys/types.h>
#include <time.h>
#include <wchar.h>

int main(int argc, char** argv)
{
  (void)argv;
#ifndef putenv
  return ((int*)(&putenv))[argc];
#else
  (void)argc;
  return 0;
#endif
}
Determining if the round exist passed with the following output:
Change Dir: /home/runner/work/MightyMike-Android/MightyMike-Android/android/app/.cxx/Debug/1h5k5w5j/x86_64/CMakeFiles/CMakeTmp

Run Build Command(s):/usr/local/lib/android/sdk/cmake/3.22.1/bin/ninja cmTC_2261c && [1/2] Building C object CMakeFiles/cmTC_2261c.dir/CheckSymbolExists.c.o
[2/2] Linking C executable cmTC_2261c


File /home/runner/work/MightyMike-Android/MightyMike-Android/android/app/.cxx/Debug/1h5k5w5j/x86_64/CMakeFiles/CMakeTmp/CheckSymbolExists.c:
/* */
#include <float.h>
#include <iconv.h>
#include <inttypes.h>
#include <limits.h>
#include <malloc.h>
#include <math.h>
#include <memory.h>
#include <signal.h>
#include <stdarg.h>
#include <stdbool.h>
#include <stddef.h>
#include <stdint.h>
#include <stdio.h>
#include <stdlib.h>
#include <string.h>
#include <strings.h>
#include <sys/types.h>
#include <time.h>
#include <wchar.h>

int main(int argc, char** argv)
{
  (void)argv;
#ifndef round
  return ((int*)(&round))[argc];
#else
  (void)argc;
  return 0;
#endif
}
Determining if the roundf exist passed with the following output:
Change Dir: /home/runner/work/MightyMike-Android/MightyMike-Android/android/app/.cxx/Debug/1h5k5w5j/x86_64/CMakeFiles/CMakeTmp

Run Build Command(s):/usr/local/lib/android/sdk/cmake/3.22.1/bin/ninja cmTC_49208 && [1/2] Building C object CMakeFiles/cmTC_49208.dir/CheckSymbolExists.c.o
[2/2] Linking C executable cmTC_49208


File /home/runner/work/MightyMike-Android/MightyMike-Android/android/app/.cxx/Debug/1h5k5w5j/x86_64/CMakeFiles/CMakeTmp/CheckSymbolExists.c:
/* */
#include <float.h>
#include <iconv.h>
#include <inttypes.h>
#include <limits.h>
#include <malloc.h>
#include <math.h>
#include <memory.h>
#include <signal.h>
#include <stdarg.h>
#include <stdbool.h>
#include <stddef.h>
#include <stdint.h>
#include <stdio.h>
#include <stdlib.h>
#include <string.h>
#include <strings.h>
#include <sys/types.h>
#include <time.h>
#include <wchar.h>

int main(int argc, char** argv)
{
  (void)argv;
#ifndef roundf
  return ((int*)(&roundf))[argc];
#else
  (void)argc;
  return 0;
#endif
}
Determining if the scalbn exist passed with the following output:
Change Dir: /home/runner/work/MightyMike-Android/MightyMike-Android/android/app/.cxx/Debug/1h5k5w5j/x86_64/CMakeFiles/CMakeTmp

Run Build Command(s):/usr/local/lib/android/sdk/cmake/3.22.1/bin/ninja cmTC_b8be6 && [1/2] Building C object CMakeFiles/cmTC_b8be6.dir/CheckSymbolExists.c.o
[2/2] Linking C executable cmTC_b8be6


File /home/runner/work/MightyMike-Android/MightyMike-Android/android/app/.cxx/Debug/1h5k5w5j/x86_64/CMakeFiles/CMakeTmp/CheckSymbolExists.c:
/* */
#include <float.h>
#include <iconv.h>
#include <inttypes.h>
#include <limits.h>
#include <malloc.h>
#include <math.h>
#include <memory.h>
#include <signal.h>
#include <stdarg.h>
#include <stdbool.h>
#include <stddef.h>
#include <stdint.h>
#include <stdio.h>
#include <stdlib.h>
#include <string.h>
#include <strings.h>
#include <sys/types.h>
#include <time.h>
#include <wchar.h>

int main(int argc, char** argv)
{
  (void)argv;
#ifndef scalbn
  return ((int*)(&scalbn))[argc];
#else
  (void)argc;
  return 0;
#endif
}
Determining if the scalbnf exist passed with the following output:
Change Dir: /home/runner/work/MightyMike-Android/MightyMike-Android/android/app/.cxx/Debug/1h5k5w5j/x86_64/CMakeFiles/CMakeTmp

Run Build Command(s):/usr/local/lib/android/sdk/cmake/3.22.1/bin/ninja cmTC_72506 && [1/2] Building C object CMakeFiles/cmTC_72506.dir/CheckSymbolExists.c.o
[2/2] Linking C executable cmTC_72506


File /home/runner/work/MightyMike-Android/MightyMike-Android/android/app/.cxx/Debug/1h5k5w5j/x86_64/CMakeFiles/CMakeTmp/CheckSymbolExists.c:
/* */
#include <float.h>
#include <iconv.h>
#include <inttypes.h>
#include <limits.h>
#include <malloc.h>
#include <math.h>
#include <memory.h>
#include <signal.h>
#include <stdarg.h>
#include <stdbool.h>
#include <stddef.h>
#include <stdint.h>
#include <stdio.h>
#include <stdlib.h>
#include <string.h>
#include <strings.h>
#include <sys/types.h>
#include <time.h>
#include <wchar.h>

int main(int argc, char** argv)
{
  (void)argv;
#ifndef scalbnf
  return ((int*)(&scalbnf))[argc];
#else
  (void)argc;
  return 0;
#endif
}
Determining if the setenv exist passed with the following output:
Change Dir: /home/runner/work/MightyMike-Android/MightyMike-Android/android/app/.cxx/Debug/1h5k5w5j/x86_64/CMakeFiles/CMakeTmp

Run Build Command(s):/usr/local/lib/android/sdk/cmake/3.22.1/bin/ninja cmTC_ffb13 && [1/2] Building C object CMakeFiles/cmTC_ffb13.dir/CheckSymbolExists.c.o
[2/2] Linking C executable cmTC_ffb13


File /home/runner/work/MightyMike-Android/MightyMike-Android/android/app/.cxx/Debug/1h5k5w5j/x86_64/CMakeFiles/CMakeTmp/CheckSymbolExists.c:
/* */
#include <float.h>
#include <iconv.h>
#include <inttypes.h>
#include <limits.h>
#include <malloc.h>
#include <math.h>
#include <memory.h>
#include <signal.h>
#include <stdarg.h>
#include <stdbool.h>
#include <stddef.h>
#include <stdint.h>
#include <stdio.h>
#include <stdlib.h>
#include <string.h>
#include <strings.h>
#include <sys/types.h>
#include <time.h>
#include <wchar.h>

int main(int argc, char** argv)
{
  (void)argv;
#ifndef setenv
  return ((int*)(&setenv))[argc];
#else
  (void)argc;
  return 0;
#endif
}
Determining if the sin exist passed with the following output:
Change Dir: /home/runner/work/MightyMike-Android/MightyMike-Android/android/app/.cxx/Debug/1h5k5w5j/x86_64/CMakeFiles/CMakeTmp

Run Build Command(s):/usr/local/lib/android/sdk/cmake/3.22.1/bin/ninja cmTC_3da1b && [1/2] Building C object CMakeFiles/cmTC_3da1b.dir/CheckSymbolExists.c.o
[2/2] Linking C executable cmTC_3da1b


File /home/runner/work/MightyMike-Android/MightyMike-Android/android/app/.cxx/Debug/1h5k5w5j/x86_64/CMakeFiles/CMakeTmp/CheckSymbolExists.c:
/* */
#include <float.h>
#include <iconv.h>
#include <inttypes.h>
#include <limits.h>
#include <malloc.h>
#include <math.h>
#include <memory.h>
#include <signal.h>
#include <stdarg.h>
#include <stdbool.h>
#include <stddef.h>
#include <stdint.h>
#include <stdio.h>
#include <stdlib.h>
#include <string.h>
#include <strings.h>
#include <sys/types.h>
#include <time.h>
#include <wchar.h>

int main(int argc, char** argv)
{
  (void)argv;
#ifndef sin
  return ((int*)(&sin))[argc];
#else
  (void)argc;
  return 0;
#endif
}
Determining if the sinf exist passed with the following output:
Change Dir: /home/runner/work/MightyMike-Android/MightyMike-Android/android/app/.cxx/Debug/1h5k5w5j/x86_64/CMakeFiles/CMakeTmp

Run Build Command(s):/usr/local/lib/android/sdk/cmake/3.22.1/bin/ninja cmTC_9f3ca && [1/2] Building C object CMakeFiles/cmTC_9f3ca.dir/CheckSymbolExists.c.o
[2/2] Linking C executable cmTC_9f3ca


File /home/runner/work/MightyMike-Android/MightyMike-Android/android/app/.cxx/Debug/1h5k5w5j/x86_64/CMakeFiles/CMakeTmp/CheckSymbolExists.c:
/* */
#include <float.h>
#include <iconv.h>
#include <inttypes.h>
#include <limits.h>
#include <malloc.h>
#include <math.h>
#include <memory.h>
#include <signal.h>
#include <stdarg.h>
#include <stdbool.h>
#include <stddef.h>
#include <stdint.h>
#include <stdio.h>
#include <stdlib.h>
#include <string.h>
#include <strings.h>
#include <sys/types.h>
#include <time.h>
#include <wchar.h>

int main(int argc, char** argv)
{
  (void)argv;
#ifndef sinf
  return ((int*)(&sinf))[argc];
#else
  (void)argc;
  return 0;
#endif
}
Determining if the sqrt exist passed with the following output:
Change Dir: /home/runner/work/MightyMike-Android/MightyMike-Android/android/app/.cxx/Debug/1h5k5w5j/x86_64/CMakeFiles/CMakeTmp

Run Build Command(s):/usr/local/lib/android/sdk/cmake/3.22.1/bin/ninja cmTC_e123e && [1/2] Building C object CMakeFiles/cmTC_e123e.dir/CheckSymbolExists.c.o
[2/2] Linking C executable cmTC_e123e


File /home/runner/work/MightyMike-Android/MightyMike-Android/android/app/.cxx/Debug/1h5k5w5j/x86_64/CMakeFiles/CMakeTmp/CheckSymbolExists.c:
/* */
#include <float.h>
#include <iconv.h>
#include <inttypes.h>
#include <limits.h>
#include <malloc.h>
#include <math.h>
#include <memory.h>
#include <signal.h>
#include <stdarg.h>
#include <stdbool.h>
#include <stddef.h>
#include <stdint.h>
#include <stdio.h>
#include <stdlib.h>
#include <string.h>
#include <strings.h>
#include <sys/types.h>
#include <time.h>
#include <wchar.h>

int main(int argc, char** argv)
{
  (void)argv;
#ifndef sqrt
  return ((int*)(&sqrt))[argc];
#else
  (void)argc;
  return 0;
#endif
}
Determining if the sqrtf exist passed with the following output:
Change Dir: /home/runner/work/MightyMike-Android/MightyMike-Android/android/app/.cxx/Debug/1h5k5w5j/x86_64/CMakeFiles/CMakeTmp

Run Build Command(s):/usr/local/lib/android/sdk/cmake/3.22.1/bin/ninja cmTC_eb5a1 && [1/2] Building C object CMakeFiles/cmTC_eb5a1.dir/CheckSymbolExists.c.o
[2/2] Linking C executable cmTC_eb5a1


File /home/runner/work/MightyMike-Android/MightyMike-Android/android/app/.cxx/Debug/1h5k5w5j/x86_64/CMakeFiles/CMakeTmp/CheckSymbolExists.c:
/* */
#include <float.h>
#include <iconv.h>
#include <inttypes.h>
#include <limits.h>
#include <malloc.h>
#include <math.h>
#include <memory.h>
#include <signal.h>
#include <stdarg.h>
#include <stdbool.h>
#include <stddef.h>
#include <stdint.h>
#include <stdio.h>
#include <stdlib.h>
#include <string.h>
#include <strings.h>
#include <sys/types.h>
#include <time.h>
#include <wchar.h>

int main(int argc, char** argv)
{
  (void)argv;
#ifndef sqrtf
  return ((int*)(&sqrtf))[argc];
#else
  (void)argc;
  return 0;
#endif
}
Determining if the sscanf exist passed with the following output:
Change Dir: /home/runner/work/MightyMike-Android/MightyMike-Android/android/app/.cxx/Debug/1h5k5w5j/x86_64/CMakeFiles/CMakeTmp

Run Build Command(s):/usr/local/lib/android/sdk/cmake/3.22.1/bin/ninja cmTC_c5753 && [1/2] Building C object CMakeFiles/cmTC_c5753.dir/CheckSymbolExists.c.o
[2/2] Linking C executable cmTC_c5753


File /home/runner/work/MightyMike-Android/MightyMike-Android/android/app/.cxx/Debug/1h5k5w5j/x86_64/CMakeFiles/CMakeTmp/CheckSymbolExists.c:
/* */
#include <float.h>
#include <iconv.h>
#include <inttypes.h>
#include <limits.h>
#include <malloc.h>
#include <math.h>
#include <memory.h>
#include <signal.h>
#include <stdarg.h>
#include <stdbool.h>
#include <stddef.h>
#include <stdint.h>
#include <stdio.h>
#include <stdlib.h>
#include <string.h>
#include <strings.h>
#include <sys/types.h>
#include <time.h>
#include <wchar.h>

int main(int argc, char** argv)
{
  (void)argv;
#ifndef sscanf
  return ((int*)(&sscanf))[argc];
#else
  (void)argc;
  return 0;
#endif
}
Determining if the strchr exist passed with the following output:
Change Dir: /home/runner/work/MightyMike-Android/MightyMike-Android/android/app/.cxx/Debug/1h5k5w5j/x86_64/CMakeFiles/CMakeTmp

Run Build Command(s):/usr/local/lib/android/sdk/cmake/3.22.1/bin/ninja cmTC_3ada0 && [1/2] Building C object CMakeFiles/cmTC_3ada0.dir/CheckSymbolExists.c.o
[2/2] Linking C executable cmTC_3ada0


File /home/runner/work/MightyMike-Android/MightyMike-Android/android/app/.cxx/Debug/1h5k5w5j/x86_64/CMakeFiles/CMakeTmp/CheckSymbolExists.c:
/* */
#include <float.h>
#include <iconv.h>
#include <inttypes.h>
#include <limits.h>
#include <malloc.h>
#include <math.h>
#include <memory.h>
#include <signal.h>
#include <stdarg.h>
#include <stdbool.h>
#include <stddef.h>
#include <stdint.h>
#include <stdio.h>
#include <stdlib.h>
#include <string.h>
#include <strings.h>
#include <sys/types.h>
#include <time.h>
#include <wchar.h>

int main(int argc, char** argv)
{
  (void)argv;
#ifndef strchr
  return ((int*)(&strchr))[argc];
#else
  (void)argc;
  return 0;
#endif
}
Determining if the strcmp exist passed with the following output:
Change Dir: /home/runner/work/MightyMike-Android/MightyMike-Android/android/app/.cxx/Debug/1h5k5w5j/x86_64/CMakeFiles/CMakeTmp

Run Build Command(s):/usr/local/lib/android/sdk/cmake/3.22.1/bin/ninja cmTC_92887 && [1/2] Building C object CMakeFiles/cmTC_92887.dir/CheckSymbolExists.c.o
[2/2] Linking C executable cmTC_92887


File /home/runner/work/MightyMike-Android/MightyMike-Android/android/app/.cxx/Debug/1h5k5w5j/x86_64/CMakeFiles/CMakeTmp/CheckSymbolExists.c:
/* */
#include <float.h>
#include <iconv.h>
#include <inttypes.h>
#include <limits.h>
#include <malloc.h>
#include <math.h>
#include <memory.h>
#include <signal.h>
#include <stdarg.h>
#include <stdbool.h>
#include <stddef.h>
#include <stdint.h>
#include <stdio.h>
#include <stdlib.h>
#include <string.h>
#include <strings.h>
#include <sys/types.h>
#include <time.h>
#include <wchar.h>

int main(int argc, char** argv)
{
  (void)argv;
#ifndef strcmp
  return ((int*)(&strcmp))[argc];
#else
  (void)argc;
  return 0;
#endif
}
Determining if the strlcat exist passed with the following output:
Change Dir: /home/runner/work/MightyMike-Android/MightyMike-Android/android/app/.cxx/Debug/1h5k5w5j/x86_64/CMakeFiles/CMakeTmp

Run Build Command(s):/usr/local/lib/android/sdk/cmake/3.22.1/bin/ninja cmTC_4ab81 && [1/2] Building C object CMakeFiles/cmTC_4ab81.dir/CheckSymbolExists.c.o
[2/2] Linking C executable cmTC_4ab81


File /home/runner/work/MightyMike-Android/MightyMike-Android/android/app/.cxx/Debug/1h5k5w5j/x86_64/CMakeFiles/CMakeTmp/CheckSymbolExists.c:
/* */
#include <float.h>
#include <iconv.h>
#include <inttypes.h>
#include <limits.h>
#include <malloc.h>
#include <math.h>
#include <memory.h>
#include <signal.h>
#include <stdarg.h>
#include <stdbool.h>
#include <stddef.h>
#include <stdint.h>
#include <stdio.h>
#include <stdlib.h>
#include <string.h>
#include <strings.h>
#include <sys/types.h>
#include <time.h>
#include <wchar.h>

int main(int argc, char** argv)
{
  (void)argv;
#ifndef strlcat
  return ((int*)(&strlcat))[argc];
#else
  (void)argc;
  return 0;
#endif
}
Determining if the strlcpy exist passed with the following output:
Change Dir: /home/runner/work/MightyMike-Android/MightyMike-Android/android/app/.cxx/Debug/1h5k5w5j/x86_64/CMakeFiles/CMakeTmp

Run Build Command(s):/usr/local/lib/android/sdk/cmake/3.22.1/bin/ninja cmTC_ea912 && [1/2] Building C object CMakeFiles/cmTC_ea912.dir/CheckSymbolExists.c.o
[2/2] Linking C executable cmTC_ea912


File /home/runner/work/MightyMike-Android/MightyMike-Android/android/app/.cxx/Debug/1h5k5w5j/x86_64/CMakeFiles/CMakeTmp/CheckSymbolExists.c:
/* */
#include <float.h>
#include <iconv.h>
#include <inttypes.h>
#include <limits.h>
#include <malloc.h>
#include <math.h>
#include <memory.h>
#include <signal.h>
#include <stdarg.h>
#include <stdbool.h>
#include <stddef.h>
#include <stdint.h>
#include <stdio.h>
#include <stdlib.h>
#include <string.h>
#include <strings.h>
#include <sys/types.h>
#include <time.h>
#include <wchar.h>

int main(int argc, char** argv)
{
  (void)argv;
#ifndef strlcpy
  return ((int*)(&strlcpy))[argc];
#else
  (void)argc;
  return 0;
#endif
}
Determining if the strlen exist passed with the following output:
Change Dir: /home/runner/work/MightyMike-Android/MightyMike-Android/android/app/.cxx/Debug/1h5k5w5j/x86_64/CMakeFiles/CMakeTmp

Run Build Command(s):/usr/local/lib/android/sdk/cmake/3.22.1/bin/ninja cmTC_9560b && [1/2] Building C object CMakeFiles/cmTC_9560b.dir/CheckSymbolExists.c.o
[2/2] Linking C executable cmTC_9560b


File /home/runner/work/MightyMike-Android/MightyMike-Android/android/app/.cxx/Debug/1h5k5w5j/x86_64/CMakeFiles/CMakeTmp/CheckSymbolExists.c:
/* */
#include <float.h>
#include <iconv.h>
#include <inttypes.h>
#include <limits.h>
#include <malloc.h>
#include <math.h>
#include <memory.h>
#include <signal.h>
#include <stdarg.h>
#include <stdbool.h>
#include <stddef.h>
#include <stdint.h>
#include <stdio.h>
#include <stdlib.h>
#include <string.h>
#include <strings.h>
#include <sys/types.h>
#include <time.h>
#include <wchar.h>

int main(int argc, char** argv)
{
  (void)argv;
#ifndef strlen
  return ((int*)(&strlen))[argc];
#else
  (void)argc;
  return 0;
#endif
}
Determining if the strncmp exist passed with the following output:
Change Dir: /home/runner/work/MightyMike-Android/MightyMike-Android/android/app/.cxx/Debug/1h5k5w5j/x86_64/CMakeFiles/CMakeTmp

Run Build Command(s):/usr/local/lib/android/sdk/cmake/3.22.1/bin/ninja cmTC_f894a && [1/2] Building C object CMakeFiles/cmTC_f894a.dir/CheckSymbolExists.c.o
[2/2] Linking C executable cmTC_f894a


File /home/runner/work/MightyMike-Android/MightyMike-Android/android/app/.cxx/Debug/1h5k5w5j/x86_64/CMakeFiles/CMakeTmp/CheckSymbolExists.c:
/* */
#include <float.h>
#include <iconv.h>
#include <inttypes.h>
#include <limits.h>
#include <malloc.h>
#include <math.h>
#include <memory.h>
#include <signal.h>
#include <stdarg.h>
#include <stdbool.h>
#include <stddef.h>
#include <stdint.h>
#include <stdio.h>
#include <stdlib.h>
#include <string.h>
#include <strings.h>
#include <sys/types.h>
#include <time.h>
#include <wchar.h>

int main(int argc, char** argv)
{
  (void)argv;
#ifndef strncmp
  return ((int*)(&strncmp))[argc];
#else
  (void)argc;
  return 0;
#endif
}
Determining if the strnlen exist passed with the following output:
Change Dir: /home/runner/work/MightyMike-Android/MightyMike-Android/android/app/.cxx/Debug/1h5k5w5j/x86_64/CMakeFiles/CMakeTmp

Run Build Command(s):/usr/local/lib/android/sdk/cmake/3.22.1/bin/ninja cmTC_e42a6 && [1/2] Building C object CMakeFiles/cmTC_e42a6.dir/CheckSymbolExists.c.o
[2/2] Linking C executable cmTC_e42a6


File /home/runner/work/MightyMike-Android/MightyMike-Android/android/app/.cxx/Debug/1h5k5w5j/x86_64/CMakeFiles/CMakeTmp/CheckSymbolExists.c:
/* */
#include <float.h>
#include <iconv.h>
#include <inttypes.h>
#include <limits.h>
#include <malloc.h>
#include <math.h>
#include <memory.h>
#include <signal.h>
#include <stdarg.h>
#include <stdbool.h>
#include <stddef.h>
#include <stdint.h>
#include <stdio.h>
#include <stdlib.h>
#include <string.h>
#include <strings.h>
#include <sys/types.h>
#include <time.h>
#include <wchar.h>

int main(int argc, char** argv)
{
  (void)argv;
#ifndef strnlen
  return ((int*)(&strnlen))[argc];
#else
  (void)argc;
  return 0;
#endif
}
Determining if the strpbrk exist passed with the following output:
Change Dir: /home/runner/work/MightyMike-Android/MightyMike-Android/android/app/.cxx/Debug/1h5k5w5j/x86_64/CMakeFiles/CMakeTmp

Run Build Command(s):/usr/local/lib/android/sdk/cmake/3.22.1/bin/ninja cmTC_180bb && [1/2] Building C object CMakeFiles/cmTC_180bb.dir/CheckSymbolExists.c.o
[2/2] Linking C executable cmTC_180bb


File /home/runner/work/MightyMike-Android/MightyMike-Android/android/app/.cxx/Debug/1h5k5w5j/x86_64/CMakeFiles/CMakeTmp/CheckSymbolExists.c:
/* */
#include <float.h>
#include <iconv.h>
#include <inttypes.h>
#include <limits.h>
#include <malloc.h>
#include <math.h>
#include <memory.h>
#include <signal.h>
#include <stdarg.h>
#include <stdbool.h>
#include <stddef.h>
#include <stdint.h>
#include <stdio.h>
#include <stdlib.h>
#include <string.h>
#include <strings.h>
#include <sys/types.h>
#include <time.h>
#include <wchar.h>

int main(int argc, char** argv)
{
  (void)argv;
#ifndef strpbrk
  return ((int*)(&strpbrk))[argc];
#else
  (void)argc;
  return 0;
#endif
}
Determining if the strrchr exist passed with the following output:
Change Dir: /home/runner/work/MightyMike-Android/MightyMike-Android/android/app/.cxx/Debug/1h5k5w5j/x86_64/CMakeFiles/CMakeTmp

Run Build Command(s):/usr/local/lib/android/sdk/cmake/3.22.1/bin/ninja cmTC_ed6fa && [1/2] Building C object CMakeFiles/cmTC_ed6fa.dir/CheckSymbolExists.c.o
[2/2] Linking C executable cmTC_ed6fa


File /home/runner/work/MightyMike-Android/MightyMike-Android/android/app/.cxx/Debug/1h5k5w5j/x86_64/CMakeFiles/CMakeTmp/CheckSymbolExists.c:
/* */
#include <float.h>
#include <iconv.h>
#include <inttypes.h>
#include <limits.h>
#include <malloc.h>
#include <math.h>
#include <memory.h>
#include <signal.h>
#include <stdarg.h>
#include <stdbool.h>
#include <stddef.h>
#include <stdint.h>
#include <stdio.h>
#include <stdlib.h>
#include <string.h>
#include <strings.h>
#include <sys/types.h>
#include <time.h>
#include <wchar.h>

int main(int argc, char** argv)
{
  (void)argv;
#ifndef strrchr
  return ((int*)(&strrchr))[argc];
#else
  (void)argc;
  return 0;
#endif
}
Determining if the strstr exist passed with the following output:
Change Dir: /home/runner/work/MightyMike-Android/MightyMike-Android/android/app/.cxx/Debug/1h5k5w5j/x86_64/CMakeFiles/CMakeTmp

Run Build Command(s):/usr/local/lib/android/sdk/cmake/3.22.1/bin/ninja cmTC_14a31 && [1/2] Building C object CMakeFiles/cmTC_14a31.dir/CheckSymbolExists.c.o
[2/2] Linking C executable cmTC_14a31


File /home/runner/work/MightyMike-Android/MightyMike-Android/android/app/.cxx/Debug/1h5k5w5j/x86_64/CMakeFiles/CMakeTmp/CheckSymbolExists.c:
/* */
#include <float.h>
#include <iconv.h>
#include <inttypes.h>
#include <limits.h>
#include <malloc.h>
#include <math.h>
#include <memory.h>
#include <signal.h>
#include <stdarg.h>
#include <stdbool.h>
#include <stddef.h>
#include <stdint.h>
#include <stdio.h>
#include <stdlib.h>
#include <string.h>
#include <strings.h>
#include <sys/types.h>
#include <time.h>
#include <wchar.h>

int main(int argc, char** argv)
{
  (void)argv;
#ifndef strstr
  return ((int*)(&strstr))[argc];
#else
  (void)argc;
  return 0;
#endif
}
Determining if the strtod exist passed with the following output:
Change Dir: /home/runner/work/MightyMike-Android/MightyMike-Android/android/app/.cxx/Debug/1h5k5w5j/x86_64/CMakeFiles/CMakeTmp

Run Build Command(s):/usr/local/lib/android/sdk/cmake/3.22.1/bin/ninja cmTC_c2bb4 && [1/2] Building C object CMakeFiles/cmTC_c2bb4.dir/CheckSymbolExists.c.o
[2/2] Linking C executable cmTC_c2bb4


File /home/runner/work/MightyMike-Android/MightyMike-Android/android/app/.cxx/Debug/1h5k5w5j/x86_64/CMakeFiles/CMakeTmp/CheckSymbolExists.c:
/* */
#include <float.h>
#include <iconv.h>
#include <inttypes.h>
#include <limits.h>
#include <malloc.h>
#include <math.h>
#include <memory.h>
#include <signal.h>
#include <stdarg.h>
#include <stdbool.h>
#include <stddef.h>
#include <stdint.h>
#include <stdio.h>
#include <stdlib.h>
#include <string.h>
#include <strings.h>
#include <sys/types.h>
#include <time.h>
#include <wchar.h>

int main(int argc, char** argv)
{
  (void)argv;
#ifndef strtod
  return ((int*)(&strtod))[argc];
#else
  (void)argc;
  return 0;
#endif
}
Determining if the strtok_r exist passed with the following output:
Change Dir: /home/runner/work/MightyMike-Android/MightyMike-Android/android/app/.cxx/Debug/1h5k5w5j/x86_64/CMakeFiles/CMakeTmp

Run Build Command(s):/usr/local/lib/android/sdk/cmake/3.22.1/bin/ninja cmTC_278b5 && [1/2] Building C object CMakeFiles/cmTC_278b5.dir/CheckSymbolExists.c.o
[2/2] Linking C executable cmTC_278b5


File /home/runner/work/MightyMike-Android/MightyMike-Android/android/app/.cxx/Debug/1h5k5w5j/x86_64/CMakeFiles/CMakeTmp/CheckSymbolExists.c:
/* */
#include <float.h>
#include <iconv.h>
#include <inttypes.h>
#include <limits.h>
#include <malloc.h>
#include <math.h>
#include <memory.h>
#include <signal.h>
#include <stdarg.h>
#include <stdbool.h>
#include <stddef.h>
#include <stdint.h>
#include <stdio.h>
#include <stdlib.h>
#include <string.h>
#include <strings.h>
#include <sys/types.h>
#include <time.h>
#include <wchar.h>

int main(int argc, char** argv)
{
  (void)argv;
#ifndef strtok_r
  return ((int*)(&strtok_r))[argc];
#else
  (void)argc;
  return 0;
#endif
}
Determining if the strtol exist passed with the following output:
Change Dir: /home/runner/work/MightyMike-Android/MightyMike-Android/android/app/.cxx/Debug/1h5k5w5j/x86_64/CMakeFiles/CMakeTmp

Run Build Command(s):/usr/local/lib/android/sdk/cmake/3.22.1/bin/ninja cmTC_9d60f && [1/2] Building C object CMakeFiles/cmTC_9d60f.dir/CheckSymbolExists.c.o
[2/2] Linking C executable cmTC_9d60f


File /home/runner/work/MightyMike-Android/MightyMike-Android/android/app/.cxx/Debug/1h5k5w5j/x86_64/CMakeFiles/CMakeTmp/CheckSymbolExists.c:
/* */
#include <float.h>
#include <iconv.h>
#include <inttypes.h>
#include <limits.h>
#include <malloc.h>
#include <math.h>
#include <memory.h>
#include <signal.h>
#include <stdarg.h>
#include <stdbool.h>
#include <stddef.h>
#include <stdint.h>
#include <stdio.h>
#include <stdlib.h>
#include <string.h>
#include <strings.h>
#include <sys/types.h>
#include <time.h>
#include <wchar.h>

int main(int argc, char** argv)
{
  (void)argv;
#ifndef strtol
  return ((int*)(&strtol))[argc];
#else
  (void)argc;
  return 0;
#endif
}
Determining if the strtoll exist passed with the following output:
Change Dir: /home/runner/work/MightyMike-Android/MightyMike-Android/android/app/.cxx/Debug/1h5k5w5j/x86_64/CMakeFiles/CMakeTmp

Run Build Command(s):/usr/local/lib/android/sdk/cmake/3.22.1/bin/ninja cmTC_227de && [1/2] Building C object CMakeFiles/cmTC_227de.dir/CheckSymbolExists.c.o
[2/2] Linking C executable cmTC_227de


File /home/runner/work/MightyMike-Android/MightyMike-Android/android/app/.cxx/Debug/1h5k5w5j/x86_64/CMakeFiles/CMakeTmp/CheckSymbolExists.c:
/* */
#include <float.h>
#include <iconv.h>
#include <inttypes.h>
#include <limits.h>
#include <malloc.h>
#include <math.h>
#include <memory.h>
#include <signal.h>
#include <stdarg.h>
#include <stdbool.h>
#include <stddef.h>
#include <stdint.h>
#include <stdio.h>
#include <stdlib.h>
#include <string.h>
#include <strings.h>
#include <sys/types.h>
#include <time.h>
#include <wchar.h>

int main(int argc, char** argv)
{
  (void)argv;
#ifndef strtoll
  return ((int*)(&strtoll))[argc];
#else
  (void)argc;
  return 0;
#endif
}
Determining if the strtoul exist passed with the following output:
Change Dir: /home/runner/work/MightyMike-Android/MightyMike-Android/android/app/.cxx/Debug/1h5k5w5j/x86_64/CMakeFiles/CMakeTmp

Run Build Command(s):/usr/local/lib/android/sdk/cmake/3.22.1/bin/ninja cmTC_79239 && [1/2] Building C object CMakeFiles/cmTC_79239.dir/CheckSymbolExists.c.o
[2/2] Linking C executable cmTC_79239


File /home/runner/work/MightyMike-Android/MightyMike-Android/android/app/.cxx/Debug/1h5k5w5j/x86_64/CMakeFiles/CMakeTmp/CheckSymbolExists.c:
/* */
#include <float.h>
#include <iconv.h>
#include <inttypes.h>
#include <limits.h>
#include <malloc.h>
#include <math.h>
#include <memory.h>
#include <signal.h>
#include <stdarg.h>
#include <stdbool.h>
#include <stddef.h>
#include <stdint.h>
#include <stdio.h>
#include <stdlib.h>
#include <string.h>
#include <strings.h>
#include <sys/types.h>
#include <time.h>
#include <wchar.h>

int main(int argc, char** argv)
{
  (void)argv;
#ifndef strtoul
  return ((int*)(&strtoul))[argc];
#else
  (void)argc;
  return 0;
#endif
}
Determining if the strtoull exist passed with the following output:
Change Dir: /home/runner/work/MightyMike-Android/MightyMike-Android/android/app/.cxx/Debug/1h5k5w5j/x86_64/CMakeFiles/CMakeTmp

Run Build Command(s):/usr/local/lib/android/sdk/cmake/3.22.1/bin/ninja cmTC_339e5 && [1/2] Building C object CMakeFiles/cmTC_339e5.dir/CheckSymbolExists.c.o
[2/2] Linking C executable cmTC_339e5


File /home/runner/work/MightyMike-Android/MightyMike-Android/android/app/.cxx/Debug/1h5k5w5j/x86_64/CMakeFiles/CMakeTmp/CheckSymbolExists.c:
/* */
#include <float.h>
#include <iconv.h>
#include <inttypes.h>
#include <limits.h>
#include <malloc.h>
#include <math.h>
#include <memory.h>
#include <signal.h>
#include <stdarg.h>
#include <stdbool.h>
#include <stddef.h>
#include <stdint.h>
#include <stdio.h>
#include <stdlib.h>
#include <string.h>
#include <strings.h>
#include <sys/types.h>
#include <time.h>
#include <wchar.h>

int main(int argc, char** argv)
{
  (void)argv;
#ifndef strtoull
  return ((int*)(&strtoull))[argc];
#else
  (void)argc;
  return 0;
#endif
}
Determining if the tan exist passed with the following output:
Change Dir: /home/runner/work/MightyMike-Android/MightyMike-Android/android/app/.cxx/Debug/1h5k5w5j/x86_64/CMakeFiles/CMakeTmp

Run Build Command(s):/usr/local/lib/android/sdk/cmake/3.22.1/bin/ninja cmTC_69dac && [1/2] Building C object CMakeFiles/cmTC_69dac.dir/CheckSymbolExists.c.o
[2/2] Linking C executable cmTC_69dac


File /home/runner/work/MightyMike-Android/MightyMike-Android/android/app/.cxx/Debug/1h5k5w5j/x86_64/CMakeFiles/CMakeTmp/CheckSymbolExists.c:
/* */
#include <float.h>
#include <iconv.h>
#include <inttypes.h>
#include <limits.h>
#include <malloc.h>
#include <math.h>
#include <memory.h>
#include <signal.h>
#include <stdarg.h>
#include <stdbool.h>
#include <stddef.h>
#include <stdint.h>
#include <stdio.h>
#include <stdlib.h>
#include <string.h>
#include <strings.h>
#include <sys/types.h>
#include <time.h>
#include <wchar.h>

int main(int argc, char** argv)
{
  (void)argv;
#ifndef tan
  return ((int*)(&tan))[argc];
#else
  (void)argc;
  return 0;
#endif
}
Determining if the tanf exist passed with the following output:
Change Dir: /home/runner/work/MightyMike-Android/MightyMike-Android/android/app/.cxx/Debug/1h5k5w5j/x86_64/CMakeFiles/CMakeTmp

Run Build Command(s):/usr/local/lib/android/sdk/cmake/3.22.1/bin/ninja cmTC_38210 && [1/2] Building C object CMakeFiles/cmTC_38210.dir/CheckSymbolExists.c.o
[2/2] Linking C executable cmTC_38210


File /home/runner/work/MightyMike-Android/MightyMike-Android/android/app/.cxx/Debug/1h5k5w5j/x86_64/CMakeFiles/CMakeTmp/CheckSymbolExists.c:
/* */
#include <float.h>
#include <iconv.h>
#include <inttypes.h>
#include <limits.h>
#include <malloc.h>
#include <math.h>
#include <memory.h>
#include <signal.h>
#include <stdarg.h>
#include <stdbool.h>
#include <stddef.h>
#include <stdint.h>
#include <stdio.h>
#include <stdlib.h>
#include <string.h>
#include <strings.h>
#include <sys/types.h>
#include <time.h>
#include <wchar.h>

int main(int argc, char** argv)
{
  (void)argv;
#ifndef tanf
  return ((int*)(&tanf))[argc];
#else
  (void)argc;
  return 0;
#endif
}
Determining if the trunc exist passed with the following output:
Change Dir: /home/runner/work/MightyMike-Android/MightyMike-Android/android/app/.cxx/Debug/1h5k5w5j/x86_64/CMakeFiles/CMakeTmp

Run Build Command(s):/usr/local/lib/android/sdk/cmake/3.22.1/bin/ninja cmTC_4fbe1 && [1/2] Building C object CMakeFiles/cmTC_4fbe1.dir/CheckSymbolExists.c.o
[2/2] Linking C executable cmTC_4fbe1


File /home/runner/work/MightyMike-Android/MightyMike-Android/android/app/.cxx/Debug/1h5k5w5j/x86_64/CMakeFiles/CMakeTmp/CheckSymbolExists.c:
/* */
#include <float.h>
#include <iconv.h>
#include <inttypes.h>
#include <limits.h>
#include <malloc.h>
#include <math.h>
#include <memory.h>
#include <signal.h>
#include <stdarg.h>
#include <stdbool.h>
#include <stddef.h>
#include <stdint.h>
#include <stdio.h>
#include <stdlib.h>
#include <string.h>
#include <strings.h>
#include <sys/types.h>
#include <time.h>
#include <wchar.h>

int main(int argc, char** argv)
{
  (void)argv;
#ifndef trunc
  return ((int*)(&trunc))[argc];
#else
  (void)argc;
  return 0;
#endif
}
Determining if the truncf exist passed with the following output:
Change Dir: /home/runner/work/MightyMike-Android/MightyMike-Android/android/app/.cxx/Debug/1h5k5w5j/x86_64/CMakeFiles/CMakeTmp

Run Build Command(s):/usr/local/lib/android/sdk/cmake/3.22.1/bin/ninja cmTC_10906 && [1/2] Building C object CMakeFiles/cmTC_10906.dir/CheckSymbolExists.c.o
[2/2] Linking C executable cmTC_10906


File /home/runner/work/MightyMike-Android/MightyMike-Android/android/app/.cxx/Debug/1h5k5w5j/x86_64/CMakeFiles/CMakeTmp/CheckSymbolExists.c:
/* */
#include <float.h>
#include <iconv.h>
#include <inttypes.h>
#include <limits.h>
#include <malloc.h>
#include <math.h>
#include <memory.h>
#include <signal.h>
#include <stdarg.h>
#include <stdbool.h>
#include <stddef.h>
#include <stdint.h>
#include <stdio.h>
#include <stdlib.h>
#include <string.h>
#include <strings.h>
#include <sys/types.h>
#include <time.h>
#include <wchar.h>

int main(int argc, char** argv)
{
  (void)argv;
#ifndef truncf
  return ((int*)(&truncf))[argc];
#else
  (void)argc;
  return 0;
#endif
}
Determining if the unsetenv exist passed with the following output:
Change Dir: /home/runner/work/MightyMike-Android/MightyMike-Android/android/app/.cxx/Debug/1h5k5w5j/x86_64/CMakeFiles/CMakeTmp

Run Build Command(s):/usr/local/lib/android/sdk/cmake/3.22.1/bin/ninja cmTC_ebb1e && [1/2] Building C object CMakeFiles/cmTC_ebb1e.dir/CheckSymbolExists.c.o
[2/2] Linking C executable cmTC_ebb1e


File /home/runner/work/MightyMike-Android/MightyMike-Android/android/app/.cxx/Debug/1h5k5w5j/x86_64/CMakeFiles/CMakeTmp/CheckSymbolExists.c:
/* */
#include <float.h>
#include <iconv.h>
#include <inttypes.h>
#include <limits.h>
#include <malloc.h>
#include <math.h>
#include <memory.h>
#include <signal.h>
#include <stdarg.h>
#include <stdbool.h>
#include <stddef.h>
#include <stdint.h>
#include <stdio.h>
#include <stdlib.h>
#include <string.h>
#include <strings.h>
#include <sys/types.h>
#include <time.h>
#include <wchar.h>

int main(int argc, char** argv)
{
  (void)argv;
#ifndef unsetenv
  return ((int*)(&unsetenv))[argc];
#else
  (void)argc;
  return 0;
#endif
}
Determining if the vsnprintf exist passed with the following output:
Change Dir: /home/runner/work/MightyMike-Android/MightyMike-Android/android/app/.cxx/Debug/1h5k5w5j/x86_64/CMakeFiles/CMakeTmp

Run Build Command(s):/usr/local/lib/android/sdk/cmake/3.22.1/bin/ninja cmTC_1aa5f && [1/2] Building C object CMakeFiles/cmTC_1aa5f.dir/CheckSymbolExists.c.o
[2/2] Linking C executable cmTC_1aa5f


File /home/runner/work/MightyMike-Android/MightyMike-Android/android/app/.cxx/Debug/1h5k5w5j/x86_64/CMakeFiles/CMakeTmp/CheckSymbolExists.c:
/* */
#include <float.h>
#include <iconv.h>
#include <inttypes.h>
#include <limits.h>
#include <malloc.h>
#include <math.h>
#include <memory.h>
#include <signal.h>
#include <stdarg.h>
#include <stdbool.h>
#include <stddef.h>
#include <stdint.h>
#include <stdio.h>
#include <stdlib.h>
#include <string.h>
#include <strings.h>
#include <sys/types.h>
#include <time.h>
#include <wchar.h>

int main(int argc, char** argv)
{
  (void)argv;
#ifndef vsnprintf
  return ((int*)(&vsnprintf))[argc];
#else
  (void)argc;
  return 0;
#endif
}
Determining if the vsscanf exist passed with the following output:
Change Dir: /home/runner/work/MightyMike-Android/MightyMike-Android/android/app/.cxx/Debug/1h5k5w5j/x86_64/CMakeFiles/CMakeTmp

Run Build Command(s):/usr/local/lib/android/sdk/cmake/3.22.1/bin/ninja cmTC_44e11 && [1/2] Building C object CMakeFiles/cmTC_44e11.dir/CheckSymbolExists.c.o
[2/2] Linking C executable cmTC_44e11


File /home/runner/work/MightyMike-Android/MightyMike-Android/android/app/.cxx/Debug/1h5k5w5j/x86_64/CMakeFiles/CMakeTmp/CheckSymbolExists.c:
/* */
#include <float.h>
#include <iconv.h>
#include <inttypes.h>
#include <limits.h>
#include <malloc.h>
#include <math.h>
#include <memory.h>
#include <signal.h>
#include <stdarg.h>
#include <stdbool.h>
#include <stddef.h>
#include <stdint.h>
#include <stdio.h>
#include <stdlib.h>
#include <string.h>
#include <strings.h>
#include <sys/types.h>
#include <time.h>
#include <wchar.h>

int main(int argc, char** argv)
{
  (void)argv;
#ifndef vsscanf
  return ((int*)(&vsscanf))[argc];
#else
  (void)argc;
  return 0;
#endif
}
Determining if the wcsnlen exist passed with the following output:
Change Dir: /home/runner/work/MightyMike-Android/MightyMike-Android/android/app/.cxx/Debug/1h5k5w5j/x86_64/CMakeFiles/CMakeTmp

Run Build Command(s):/usr/local/lib/android/sdk/cmake/3.22.1/bin/ninja cmTC_4be1e && [1/2] Building C object CMakeFiles/cmTC_4be1e.dir/CheckSymbolExists.c.o
[2/2] Linking C executable cmTC_4be1e


File /home/runner/work/MightyMike-Android/MightyMike-Android/android/app/.cxx/Debug/1h5k5w5j/x86_64/CMakeFiles/CMakeTmp/CheckSymbolExists.c:
/* */
#include <float.h>
#include <iconv.h>
#include <inttypes.h>
#include <limits.h>
#include <malloc.h>
#include <math.h>
#include <memory.h>
#include <signal.h>
#include <stdarg.h>
#include <stdbool.h>
#include <stddef.h>
#include <stdint.h>
#include <stdio.h>
#include <stdlib.h>
#include <string.h>
#include <strings.h>
#include <sys/types.h>
#include <time.h>
#include <wchar.h>

int main(int argc, char** argv)
{
  (void)argv;
#ifndef wcsnlen
  return ((int*)(&wcsnlen))[argc];
#else
  (void)argc;
  return 0;
#endif
}
Determining if the wcscmp exist passed with the following output:
Change Dir: /home/runner/work/MightyMike-Android/MightyMike-Android/android/app/.cxx/Debug/1h5k5w5j/x86_64/CMakeFiles/CMakeTmp

Run Build Command(s):/usr/local/lib/android/sdk/cmake/3.22.1/bin/ninja cmTC_28c1c && [1/2] Building C object CMakeFiles/cmTC_28c1c.dir/CheckSymbolExists.c.o
[2/2] Linking C executable cmTC_28c1c


File /home/runner/work/MightyMike-Android/MightyMike-Android/android/app/.cxx/Debug/1h5k5w5j/x86_64/CMakeFiles/CMakeTmp/CheckSymbolExists.c:
/* */
#include <float.h>
#include <iconv.h>
#include <inttypes.h>
#include <limits.h>
#include <malloc.h>
#include <math.h>
#include <memory.h>
#include <signal.h>
#include <stdarg.h>
#include <stdbool.h>
#include <stddef.h>
#include <stdint.h>
#include <stdio.h>
#include <stdlib.h>
#include <string.h>
#include <strings.h>
#include <sys/types.h>
#include <time.h>
#include <wchar.h>

int main(int argc, char** argv)
{
  (void)argv;
#ifndef wcscmp
  return ((int*)(&wcscmp))[argc];
#else
  (void)argc;
  return 0;
#endif
}
Determining if the wcsdup exist passed with the following output:
Change Dir: /home/runner/work/MightyMike-Android/MightyMike-Android/android/app/.cxx/Debug/1h5k5w5j/x86_64/CMakeFiles/CMakeTmp

Run Build Command(s):/usr/local/lib/android/sdk/cmake/3.22.1/bin/ninja cmTC_8a053 && [1/2] Building C object CMakeFiles/cmTC_8a053.dir/CheckSymbolExists.c.o
[2/2] Linking C executable cmTC_8a053


File /home/runner/work/MightyMike-Android/MightyMike-Android/android/app/.cxx/Debug/1h5k5w5j/x86_64/CMakeFiles/CMakeTmp/CheckSymbolExists.c:
/* */
#include <float.h>
#include <iconv.h>
#include <inttypes.h>
#include <limits.h>
#include <malloc.h>
#include <math.h>
#include <memory.h>
#include <signal.h>
#include <stdarg.h>
#include <stdbool.h>
#include <stddef.h>
#include <stdint.h>
#include <stdio.h>
#include <stdlib.h>
#include <string.h>
#include <strings.h>
#include <sys/types.h>
#include <time.h>
#include <wchar.h>

int main(int argc, char** argv)
{
  (void)argv;
#ifndef wcsdup
  return ((int*)(&wcsdup))[argc];
#else
  (void)argc;
  return 0;
#endif
}
Determining if the wcslcat exist passed with the following output:
Change Dir: /home/runner/work/MightyMike-Android/MightyMike-Android/android/app/.cxx/Debug/1h5k5w5j/x86_64/CMakeFiles/CMakeTmp

Run Build Command(s):/usr/local/lib/android/sdk/cmake/3.22.1/bin/ninja cmTC_7e52f && [1/2] Building C object CMakeFiles/cmTC_7e52f.dir/CheckSymbolExists.c.o
[2/2] Linking C executable cmTC_7e52f


File /home/runner/work/MightyMike-Android/MightyMike-Android/android/app/.cxx/Debug/1h5k5w5j/x86_64/CMakeFiles/CMakeTmp/CheckSymbolExists.c:
/* */
#include <float.h>
#include <iconv.h>
#include <inttypes.h>
#include <limits.h>
#include <malloc.h>
#include <math.h>
#include <memory.h>
#include <signal.h>
#include <stdarg.h>
#include <stdbool.h>
#include <stddef.h>
#include <stdint.h>
#include <stdio.h>
#include <stdlib.h>
#include <string.h>
#include <strings.h>
#include <sys/types.h>
#include <time.h>
#include <wchar.h>

int main(int argc, char** argv)
{
  (void)argv;
#ifndef wcslcat
  return ((int*)(&wcslcat))[argc];
#else
  (void)argc;
  return 0;
#endif
}
Determining if the wcslcpy exist passed with the following output:
Change Dir: /home/runner/work/MightyMike-Android/MightyMike-Android/android/app/.cxx/Debug/1h5k5w5j/x86_64/CMakeFiles/CMakeTmp

Run Build Command(s):/usr/local/lib/android/sdk/cmake/3.22.1/bin/ninja cmTC_de2b1 && [1/2] Building C object CMakeFiles/cmTC_de2b1.dir/CheckSymbolExists.c.o
[2/2] Linking C executable cmTC_de2b1


File /home/runner/work/MightyMike-Android/MightyMike-Android/android/app/.cxx/Debug/1h5k5w5j/x86_64/CMakeFiles/CMakeTmp/CheckSymbolExists.c:
/* */
#include <float.h>
#include <iconv.h>
#include <inttypes.h>
#include <limits.h>
#include <malloc.h>
#include <math.h>
#include <memory.h>
#include <signal.h>
#include <stdarg.h>
#include <stdbool.h>
#include <stddef.h>
#include <stdint.h>
#include <stdio.h>
#include <stdlib.h>
#include <string.h>
#include <strings.h>
#include <sys/types.h>
#include <time.h>
#include <wchar.h>

int main(int argc, char** argv)
{
  (void)argv;
#ifndef wcslcpy
  return ((int*)(&wcslcpy))[argc];
#else
  (void)argc;
  return 0;
#endif
}
Determining if the wcslen exist passed with the following output:
Change Dir: /home/runner/work/MightyMike-Android/MightyMike-Android/android/app/.cxx/Debug/1h5k5w5j/x86_64/CMakeFiles/CMakeTmp

Run Build Command(s):/usr/local/lib/android/sdk/cmake/3.22.1/bin/ninja cmTC_22f7a && [1/2] Building C object CMakeFiles/cmTC_22f7a.dir/CheckSymbolExists.c.o
[2/2] Linking C executable cmTC_22f7a


File /home/runner/work/MightyMike-Android/MightyMike-Android/android/app/.cxx/Debug/1h5k5w5j/x86_64/CMakeFiles/CMakeTmp/CheckSymbolExists.c:
/* */
#include <float.h>
#include <iconv.h>
#include <inttypes.h>
#include <limits.h>
#include <malloc.h>
#include <math.h>
#include <memory.h>
#include <signal.h>
#include <stdarg.h>
#include <stdbool.h>
#include <stddef.h>
#include <stdint.h>
#include <stdio.h>
#include <stdlib.h>
#include <string.h>
#include <strings.h>
#include <sys/types.h>
#include <time.h>
#include <wchar.h>

int main(int argc, char** argv)
{
  (void)argv;
#ifndef wcslen
  return ((int*)(&wcslen))[argc];
#else
  (void)argc;
  return 0;
#endif
}
Determining if the wcsncmp exist passed with the following output:
Change Dir: /home/runner/work/MightyMike-Android/MightyMike-Android/android/app/.cxx/Debug/1h5k5w5j/x86_64/CMakeFiles/CMakeTmp

Run Build Command(s):/usr/local/lib/android/sdk/cmake/3.22.1/bin/ninja cmTC_92d22 && [1/2] Building C object CMakeFiles/cmTC_92d22.dir/CheckSymbolExists.c.o
[2/2] Linking C executable cmTC_92d22


File /home/runner/work/MightyMike-Android/MightyMike-Android/android/app/.cxx/Debug/1h5k5w5j/x86_64/CMakeFiles/CMakeTmp/CheckSymbolExists.c:
/* */
#include <float.h>
#include <iconv.h>
#include <inttypes.h>
#include <limits.h>
#include <malloc.h>
#include <math.h>
#include <memory.h>
#include <signal.h>
#include <stdarg.h>
#include <stdbool.h>
#include <stddef.h>
#include <stdint.h>
#include <stdio.h>
#include <stdlib.h>
#include <string.h>
#include <strings.h>
#include <sys/types.h>
#include <time.h>
#include <wchar.h>

int main(int argc, char** argv)
{
  (void)argv;
#ifndef wcsncmp
  return ((int*)(&wcsncmp))[argc];
#else
  (void)argc;
  return 0;
#endif
}
Determining if the wcsstr exist passed with the following output:
Change Dir: /home/runner/work/MightyMike-Android/MightyMike-Android/android/app/.cxx/Debug/1h5k5w5j/x86_64/CMakeFiles/CMakeTmp

Run Build Command(s):/usr/local/lib/android/sdk/cmake/3.22.1/bin/ninja cmTC_fca07 && [1/2] Building C object CMakeFiles/cmTC_fca07.dir/CheckSymbolExists.c.o
[2/2] Linking C executable cmTC_fca07


File /home/runner/work/MightyMike-Android/MightyMike-Android/android/app/.cxx/Debug/1h5k5w5j/x86_64/CMakeFiles/CMakeTmp/CheckSymbolExists.c:
/* */
#include <float.h>
#include <iconv.h>
#include <inttypes.h>
#include <limits.h>
#include <malloc.h>
#include <math.h>
#include <memory.h>
#include <signal.h>
#include <stdarg.h>
#include <stdbool.h>
#include <stddef.h>
#include <stdint.h>
#include <stdio.h>
#include <stdlib.h>
#include <string.h>
#include <strings.h>
#include <sys/types.h>
#include <time.h>
#include <wchar.h>

int main(int argc, char** argv)
{
  (void)argv;
#ifndef wcsstr
  return ((int*)(&wcsstr))[argc];
#else
  (void)argc;
  return 0;
#endif
}
Determining if the wcstol exist passed with the following output:
Change Dir: /home/runner/work/MightyMike-Android/MightyMike-Android/android/app/.cxx/Debug/1h5k5w5j/x86_64/CMakeFiles/CMakeTmp

Run Build Command(s):/usr/local/lib/android/sdk/cmake/3.22.1/bin/ninja cmTC_2ddf1 && [1/2] Building C object CMakeFiles/cmTC_2ddf1.dir/CheckSymbolExists.c.o
[2/2] Linking C executable cmTC_2ddf1


File /home/runner/work/MightyMike-Android/MightyMike-Android/android/app/.cxx/Debug/1h5k5w5j/x86_64/CMakeFiles/CMakeTmp/CheckSymbolExists.c:
/* */
#include <float.h>
#include <iconv.h>
#include <inttypes.h>
#include <limits.h>
#include <malloc.h>
#include <math.h>
#include <memory.h>
#include <signal.h>
#include <stdarg.h>
#include <stdbool.h>
#include <stddef.h>
#include <stdint.h>
#include <stdio.h>
#include <stdlib.h>
#include <string.h>
#include <strings.h>
#include <sys/types.h>
#include <time.h>
#include <wchar.h>

int main(int argc, char** argv)
{
  (void)argv;
#ifndef wcstol
  return ((int*)(&wcstol))[argc];
#else
  (void)argc;
  return 0;
#endif
}
Determining if the strcasestr exist passed with the following output:
Change Dir: /home/runner/work/MightyMike-Android/MightyMike-Android/android/app/.cxx/Debug/1h5k5w5j/x86_64/CMakeFiles/CMakeTmp

Run Build Command(s):/usr/local/lib/android/sdk/cmake/3.22.1/bin/ninja cmTC_ab8f9 && [1/2] Building C object CMakeFiles/cmTC_ab8f9.dir/CheckSymbolExists.c.o
[2/2] Linking C executable cmTC_ab8f9


File /home/runner/work/MightyMike-Android/MightyMike-Android/android/app/.cxx/Debug/1h5k5w5j/x86_64/CMakeFiles/CMakeTmp/CheckSymbolExists.c:
/* */
#include <float.h>
#include <iconv.h>
#include <inttypes.h>
#include <limits.h>
#include <malloc.h>
#include <math.h>
#include <memory.h>
#include <signal.h>
#include <stdarg.h>
#include <stdbool.h>
#include <stddef.h>
#include <stdint.h>
#include <stdio.h>
#include <stdlib.h>
#include <string.h>
#include <strings.h>
#include <sys/types.h>
#include <time.h>
#include <wchar.h>

int main(int argc, char** argv)
{
  (void)argv;
#ifndef strcasestr
  return ((int*)(&strcasestr))[argc];
#else
  (void)argc;
  return 0;
#endif
}
Performing C SOURCE FILE Test LIBC_HAS_ISINF succeeded with the following output:
Change Dir: /home/runner/work/MightyMike-Android/MightyMike-Android/android/app/.cxx/Debug/1h5k5w5j/x86_64/CMakeFiles/CMakeTmp

Run Build Command(s):/usr/local/lib/android/sdk/cmake/3.22.1/bin/ninja cmTC_ee362 && [1/2] Building C object CMakeFiles/cmTC_ee362.dir/src.c.o
[2/2] Linking C executable cmTC_ee362


Source file was:

        #include <math.h>
        int main() {
          double d = 3.14159;
          return isinf(d);
        }
      
Performing C SOURCE FILE Test LIBC_ISINF_HANDLES_FLOAT succeeded with the following output:
Change Dir: /home/runner/work/MightyMike-Android/MightyMike-Android/android/app/.cxx/Debug/1h5k5w5j/x86_64/CMakeFiles/CMakeTmp

Run Build Command(s):/usr/local/lib/android/sdk/cmake/3.22.1/bin/ninja cmTC_c8e3d && [1/2] Building C object CMakeFiles/cmTC_c8e3d.dir/src.c.o
[2/2] Linking C executable cmTC_c8e3d


Source file was:

      #include <math.h>
      int main() {
        float f = 3.14159f;
        return isinf(f);
      }
    
Performing C SOURCE FILE Test LIBC_HAS_ISNAN succeeded with the following output:
Change Dir: /home/runner/work/MightyMike-Android/MightyMike-Android/android/app/.cxx/Debug/1h5k5w5j/x86_64/CMakeFiles/CMakeTmp

Run Build Command(s):/usr/local/lib/android/sdk/cmake/3.22.1/bin/ninja cmTC_526ff && [1/2] Building C object CMakeFiles/cmTC_526ff.dir/src.c.o
[2/2] Linking C executable cmTC_526ff


Source file was:

        #include <math.h>
        int main() {
          double d = 3.14159;
          return isnan(d);
        }
      
Performing C SOURCE FILE Test LIBC_ISNAN_HANDLES_FLOAT succeeded with the following output:
Change Dir: /home/runner/work/MightyMike-Android/MightyMike-Android/android/app/.cxx/Debug/1h5k5w5j/x86_64/CMakeFiles/CMakeTmp

Run Build Command(s):/usr/local/lib/android/sdk/cmake/3.22.1/bin/ninja cmTC_b4b3f && [1/2] Building C object CMakeFiles/cmTC_b4b3f.dir/src.c.o
[2/2] Linking C executable cmTC_b4b3f


Source file was:

      #include <math.h>
      int main() {
        float f = 3.14159f;
        return isnan(f);
      }
    
Performing C SOURCE FILE Test LIBC_HAS_ISNANF succeeded with the following output:
Change Dir: /home/runner/work/MightyMike-Android/MightyMike-Android/android/app/.cxx/Debug/1h5k5w5j/x86_64/CMakeFiles/CMakeTmp

Run Build Command(s):/usr/local/lib/android/sdk/cmake/3.22.1/bin/ninja cmTC_07496 && [1/2] Building C object CMakeFiles/cmTC_07496.dir/src.c.o
[2/2] Linking C executable cmTC_07496


Source file was:

      #include <math.h>
      int main() {
        float f = 3.14159f;
        return isnanf(f);
      }
    
Determining if the fdatasync exist passed with the following output:
Change Dir: /home/runner/work/MightyMike-Android/MightyMike-Android/android/app/.cxx/Debug/1h5k5w5j/x86_64/CMakeFiles/CMakeTmp

Run Build Command(s):/usr/local/lib/android/sdk/cmake/3.22.1/bin/ninja cmTC_08999 && [1/2] Building C object CMakeFiles/cmTC_08999.dir/CheckSymbolExists.c.o
[2/2] Linking C executable cmTC_08999


File /home/runner/work/MightyMike-Android/MightyMike-Android/android/app/.cxx/Debug/1h5k5w5j/x86_64/CMakeFiles/CMakeTmp/CheckSymbolExists.c:
/* */
#include <unistd.h>

int main(int argc, char** argv)
{
  (void)argv;
#ifndef fdatasync
  return ((int*)(&fdatasync))[argc];
#else
  (void)argc;
  return 0;
#endif
}
Determining if the gethostname exist passed with the following output:
Change Dir: /home/runner/work/MightyMike-Android/MightyMike-Android/android/app/.cxx/Debug/1h5k5w5j/x86_64/CMakeFiles/CMakeTmp

Run Build Command(s):/usr/local/lib/android/sdk/cmake/3.22.1/bin/ninja cmTC_3c065 && [1/2] Building C object CMakeFiles/cmTC_3c065.dir/CheckSymbolExists.c.o
[2/2] Linking C executable cmTC_3c065


File /home/runner/work/MightyMike-Android/MightyMike-Android/android/app/.cxx/Debug/1h5k5w5j/x86_64/CMakeFiles/CMakeTmp/CheckSymbolExists.c:
/* */
#include <unistd.h>

int main(int argc, char** argv)
{
  (void)argv;
#ifndef gethostname
  return ((int*)(&gethostname))[argc];
#else
  (void)argc;
  return 0;
#endif
}
Determining if the getpagesize exist passed with the following output:
Change Dir: /home/runner/work/MightyMike-Android/MightyMike-Android/android/app/.cxx/Debug/1h5k5w5j/x86_64/CMakeFiles/CMakeTmp

Run Build Command(s):/usr/local/lib/android/sdk/cmake/3.22.1/bin/ninja cmTC_cba76 && [1/2] Building C object CMakeFiles/cmTC_cba76.dir/CheckSymbolExists.c.o
[2/2] Linking C executable cmTC_cba76


File /home/runner/work/MightyMike-Android/MightyMike-Android/android/app/.cxx/Debug/1h5k5w5j/x86_64/CMakeFiles/CMakeTmp/CheckSymbolExists.c:
/* */
#include <unistd.h>

int main(int argc, char** argv)
{
  (void)argv;
#ifndef getpagesize
  return ((int*)(&getpagesize))[argc];
#else
  (void)argc;
  return 0;
#endif
}
Determining if the getresgid exist passed with the following output:
Change Dir: /home/runner/work/MightyMike-Android/MightyMike-Android/android/app/.cxx/Debug/1h5k5w5j/x86_64/CMakeFiles/CMakeTmp

Run Build Command(s):/usr/local/lib/android/sdk/cmake/3.22.1/bin/ninja cmTC_8b447 && [1/2] Building C object CMakeFiles/cmTC_8b447.dir/CheckSymbolExists.c.o
[2/2] Linking C executable cmTC_8b447


File /home/runner/work/MightyMike-Android/MightyMike-Android/android/app/.cxx/Debug/1h5k5w5j/x86_64/CMakeFiles/CMakeTmp/CheckSymbolExists.c:
/* */
#include <unistd.h>

int main(int argc, char** argv)
{
  (void)argv;
#ifndef getresgid
  return ((int*)(&getresgid))[argc];
#else
  (void)argc;
  return 0;
#endif
}
Determining if the getresuid exist passed with the following output:
Change Dir: /home/runner/work/MightyMike-Android/MightyMike-Android/android/app/.cxx/Debug/1h5k5w5j/x86_64/CMakeFiles/CMakeTmp

Run Build Command(s):/usr/local/lib/android/sdk/cmake/3.22.1/bin/ninja cmTC_2ccc9 && [1/2] Building C object CMakeFiles/cmTC_2ccc9.dir/CheckSymbolExists.c.o
[2/2] Linking C executable cmTC_2ccc9


File /home/runner/work/MightyMike-Android/MightyMike-Android/android/app/.cxx/Debug/1h5k5w5j/x86_64/CMakeFiles/CMakeTmp/CheckSymbolExists.c:
/* */
#include <unistd.h>

int main(int argc, char** argv)
{
  (void)argv;
#ifndef getresuid
  return ((int*)(&getresuid))[argc];
#else
  (void)argc;
  return 0;
#endif
}
Determining if the sigaction exist passed with the following output:
Change Dir: /home/runner/work/MightyMike-Android/MightyMike-Android/android/app/.cxx/Debug/1h5k5w5j/x86_64/CMakeFiles/CMakeTmp

Run Build Command(s):/usr/local/lib/android/sdk/cmake/3.22.1/bin/ninja cmTC_3b1cd && [1/2] Building C object CMakeFiles/cmTC_3b1cd.dir/CheckSymbolExists.c.o
[2/2] Linking C executable cmTC_3b1cd


File /home/runner/work/MightyMike-Android/MightyMike-Android/android/app/.cxx/Debug/1h5k5w5j/x86_64/CMakeFiles/CMakeTmp/CheckSymbolExists.c:
/* */
#include <signal.h>

int main(int argc, char** argv)
{
  (void)argv;
#ifndef sigaction
  return ((int*)(&sigaction))[argc];
#else
  (void)argc;
  return 0;
#endif
}
Determining if the sigtimedwait exist passed with the following output:
Change Dir: /home/runner/work/MightyMike-Android/MightyMike-Android/android/app/.cxx/Debug/1h5k5w5j/x86_64/CMakeFiles/CMakeTmp

Run Build Command(s):/usr/local/lib/android/sdk/cmake/3.22.1/bin/ninja cmTC_c031b && [1/2] Building C object CMakeFiles/cmTC_c031b.dir/CheckSymbolExists.c.o
[2/2] Linking C executable cmTC_c031b


File /home/runner/work/MightyMike-Android/MightyMike-Android/android/app/.cxx/Debug/1h5k5w5j/x86_64/CMakeFiles/CMakeTmp/CheckSymbolExists.c:
/* */
#include <signal.h>

int main(int argc, char** argv)
{
  (void)argv;
#ifndef sigtimedwait
  return ((int*)(&sigtimedwait))[argc];
#else
  (void)argc;
  return 0;
#endif
}
Determining if the setjmp exist passed with the following output:
Change Dir: /home/runner/work/MightyMike-Android/MightyMike-Android/android/app/.cxx/Debug/1h5k5w5j/x86_64/CMakeFiles/CMakeTmp

Run Build Command(s):/usr/local/lib/android/sdk/cmake/3.22.1/bin/ninja cmTC_44c9b && [1/2] Building C object CMakeFiles/cmTC_44c9b.dir/CheckSymbolExists.c.o
[2/2] Linking C executable cmTC_44c9b


File /home/runner/work/MightyMike-Android/MightyMike-Android/android/app/.cxx/Debug/1h5k5w5j/x86_64/CMakeFiles/CMakeTmp/CheckSymbolExists.c:
/* */
#include <setjmp.h>

int main(int argc, char** argv)
{
  (void)argv;
#ifndef setjmp
  return ((int*)(&setjmp))[argc];
#else
  (void)argc;
  return 0;
#endif
}
Determining if the nanosleep exist passed with the following output:
Change Dir: /home/runner/work/MightyMike-Android/MightyMike-Android/android/app/.cxx/Debug/1h5k5w5j/x86_64/CMakeFiles/CMakeTmp

Run Build Command(s):/usr/local/lib/android/sdk/cmake/3.22.1/bin/ninja cmTC_2e67c && [1/2] Building C object CMakeFiles/cmTC_2e67c.dir/CheckSymbolExists.c.o
[2/2] Linking C executable cmTC_2e67c


File /home/runner/work/MightyMike-Android/MightyMike-Android/android/app/.cxx/Debug/1h5k5w5j/x86_64/CMakeFiles/CMakeTmp/CheckSymbolExists.c:
/* */
#include <time.h>

int main(int argc, char** argv)
{
  (void)argv;
#ifndef nanosleep
  return ((int*)(&nanosleep))[argc];
#else
  (void)argc;
  return 0;
#endif
}
Determining if the gmtime_r exist passed with the following output:
Change Dir: /home/runner/work/MightyMike-Android/MightyMike-Android/android/app/.cxx/Debug/1h5k5w5j/x86_64/CMakeFiles/CMakeTmp

Run Build Command(s):/usr/local/lib/android/sdk/cmake/3.22.1/bin/ninja cmTC_6b1e4 && [1/2] Building C object CMakeFiles/cmTC_6b1e4.dir/CheckSymbolExists.c.o
[2/2] Linking C executable cmTC_6b1e4


File /home/runner/work/MightyMike-Android/MightyMike-Android/android/app/.cxx/Debug/1h5k5w5j/x86_64/CMakeFiles/CMakeTmp/CheckSymbolExists.c:
/* */
#include <time.h>

int main(int argc, char** argv)
{
  (void)argv;
#ifndef gmtime_r
  return ((int*)(&gmtime_r))[argc];
#else
  (void)argc;
  return 0;
#endif
}
Determining if the localtime_r exist passed with the following output:
Change Dir: /home/runner/work/MightyMike-Android/MightyMike-Android/android/app/.cxx/Debug/1h5k5w5j/x86_64/CMakeFiles/CMakeTmp

Run Build Command(s):/usr/local/lib/android/sdk/cmake/3.22.1/bin/ninja cmTC_de2b7 && [1/2] Building C object CMakeFiles/cmTC_de2b7.dir/CheckSymbolExists.c.o
[2/2] Linking C executable cmTC_de2b7


File /home/runner/work/MightyMike-Android/MightyMike-Android/android/app/.cxx/Debug/1h5k5w5j/x86_64/CMakeFiles/CMakeTmp/CheckSymbolExists.c:
/* */
#include <time.h>

int main(int argc, char** argv)
{
  (void)argv;
#ifndef localtime_r
  return ((int*)(&localtime_r))[argc];
#else
  (void)argc;
  return 0;
#endif
}
Determining if the sysconf exist passed with the following output:
Change Dir: /home/runner/work/MightyMike-Android/MightyMike-Android/android/app/.cxx/Debug/1h5k5w5j/x86_64/CMakeFiles/CMakeTmp

Run Build Command(s):/usr/local/lib/android/sdk/cmake/3.22.1/bin/ninja cmTC_f0757 && [1/2] Building C object CMakeFiles/cmTC_f0757.dir/CheckSymbolExists.c.o
[2/2] Linking C executable cmTC_f0757


File /home/runner/work/MightyMike-Android/MightyMike-Android/android/app/.cxx/Debug/1h5k5w5j/x86_64/CMakeFiles/CMakeTmp/CheckSymbolExists.c:
/* */
#include <unistd.h>

int main(int argc, char** argv)
{
  (void)argv;
#ifndef sysconf
  return ((int*)(&sysconf))[argc];
#else
  (void)argc;
  return 0;
#endif
}
Determining if the getauxval exist passed with the following output:
Change Dir: /home/runner/work/MightyMike-Android/MightyMike-Android/android/app/.cxx/Debug/1h5k5w5j/x86_64/CMakeFiles/CMakeTmp

Run Build Command(s):/usr/local/lib/android/sdk/cmake/3.22.1/bin/ninja cmTC_447e1 && [1/2] Building C object CMakeFiles/cmTC_447e1.dir/CheckSymbolExists.c.o
[2/2] Linking C executable cmTC_447e1


File /home/runner/work/MightyMike-Android/MightyMike-Android/android/app/.cxx/Debug/1h5k5w5j/x86_64/CMakeFiles/CMakeTmp/CheckSymbolExists.c:
/* */
#include <sys/auxv.h>

int main(int argc, char** argv)
{
  (void)argv;
#ifndef getauxval
  return ((int*)(&getauxval))[argc];
#else
  (void)argc;
  return 0;
#endif
}
Determining if the ppoll exist passed with the following output:
Change Dir: /home/runner/work/MightyMike-Android/MightyMike-Android/android/app/.cxx/Debug/1h5k5w5j/x86_64/CMakeFiles/CMakeTmp

Run Build Command(s):/usr/local/lib/android/sdk/cmake/3.22.1/bin/ninja cmTC_9fd3d && [1/2] Building C object CMakeFiles/cmTC_9fd3d.dir/CheckSymbolExists.c.o
[2/2] Linking C executable cmTC_9fd3d


File /home/runner/work/MightyMike-Android/MightyMike-Android/android/app/.cxx/Debug/1h5k5w5j/x86_64/CMakeFiles/CMakeTmp/CheckSymbolExists.c:
/* */
#include <poll.h>

int main(int argc, char** argv)
{
  (void)argv;
#ifndef ppoll
  return ((int*)(&ppoll))[argc];
#else
  (void)argc;
  return 0;
#endif
}
Determining if the posix_fallocate exist passed with the following output:
Change Dir: /home/runner/work/MightyMike-Android/MightyMike-Android/android/app/.cxx/Debug/1h5k5w5j/x86_64/CMakeFiles/CMakeTmp

Run Build Command(s):/usr/local/lib/android/sdk/cmake/3.22.1/bin/ninja cmTC_5cfd5 && [1/2] Building C object CMakeFiles/cmTC_5cfd5.dir/CheckSymbolExists.c.o
[2/2] Linking C executable cmTC_5cfd5


File /home/runner/work/MightyMike-Android/MightyMike-Android/android/app/.cxx/Debug/1h5k5w5j/x86_64/CMakeFiles/CMakeTmp/CheckSymbolExists.c:
/* */
#include <fcntl.h>

int main(int argc, char** argv)
{
  (void)argv;
#ifndef posix_fallocate
  return ((int*)(&posix_fallocate))[argc];
#else
  (void)argc;
  return 0;
#endif
}
Performing C SOURCE FILE Test HAVE_SA_SIGACTION succeeded with the following output:
Change Dir: /home/runner/work/MightyMike-Android/MightyMike-Android/android/app/.cxx/Debug/1h5k5w5j/x86_64/CMakeFiles/CMakeTmp

Run Build Command(s):/usr/local/lib/android/sdk/cmake/3.22.1/bin/ninja cmTC_9469a && [1/2] Building C object CMakeFiles/cmTC_9469a.dir/src.c.o
[2/2] Linking C executable cmTC_9469a


Source file was:

#include <signal.h>

int main()
{
  (void)sizeof(((struct sigaction *)0)->sa_sigaction);
  return 0;
}

Performing C SOURCE FILE Test HAVE_ST_MTIM succeeded with the following output:
Change Dir: /home/runner/work/MightyMike-Android/MightyMike-Android/android/app/.cxx/Debug/1h5k5w5j/x86_64/CMakeFiles/CMakeTmp

Run Build Command(s):/usr/local/lib/android/sdk/cmake/3.22.1/bin/ninja cmTC_bf8f0 && [1/2] Building C object CMakeFiles/cmTC_bf8f0.dir/src.c.o
[2/2] Linking C executable cmTC_bf8f0


Source file was:

#include <sys/stat.h>

int main()
{
  (void)sizeof(((struct stat *)0)->st_mtim);
  return 0;
}

Determining if the dlopen exist passed with the following output:
Change Dir: /home/runner/work/MightyMike-Android/MightyMike-Android/android/app/.cxx/Debug/1h5k5w5j/x86_64/CMakeFiles/CMakeTmp

Run Build Command(s):/usr/local/lib/android/sdk/cmake/3.22.1/bin/ninja cmTC_20a8c && [1/2] Building C object CMakeFiles/cmTC_20a8c.dir/CheckSymbolExists.c.o
[2/2] Linking C executable cmTC_20a8c


File /home/runner/work/MightyMike-Android/MightyMike-Android/android/app/.cxx/Debug/1h5k5w5j/x86_64/CMakeFiles/CMakeTmp/CheckSymbolExists.c:
/* */
#include <dlfcn.h>

int main(int argc, char** argv)
{
  (void)argv;
#ifndef dlopen
  return ((int*)(&dlopen))[argc];
#else
  (void)argc;
  return 0;
#endif
}
Performing C SOURCE FILE Test HAVE_O_CLOEXEC succeeded with the following output:
Change Dir: /home/runner/work/MightyMike-Android/MightyMike-Android/android/app/.cxx/Debug/1h5k5w5j/x86_64/CMakeFiles/CMakeTmp

Run Build Command(s):/usr/local/lib/android/sdk/cmake/3.22.1/bin/ninja cmTC_16c79 && [1/2] Building C object CMakeFiles/cmTC_16c79.dir/src.c.o
[2/2] Linking C executable cmTC_16c79


Source file was:

    #include <fcntl.h>
    int flag = O_CLOEXEC;
    int main(int argc, char **argv) { return 0; }
Performing C SOURCE FILE Test VULKAN_PASSED_ANDROID_CHECKS succeeded with the following output:
Change Dir: /home/runner/work/MightyMike-Android/MightyMike-Android/android/app/.cxx/Debug/1h5k5w5j/x86_64/CMakeFiles/CMakeTmp

Run Build Command(s):/usr/local/lib/android/sdk/cmake/3.22.1/bin/ninja cmTC_a87eb && [1/2] Building C object CMakeFiles/cmTC_a87eb.dir/src.c.o
[2/2] Linking C executable cmTC_a87eb


Source file was:

      #if defined(__ARM_ARCH) && __ARM_ARCH < 7
      #error Vulkan doesn't work on this configuration
      #endif
      int main(int argc, char **argv) { return 0; }
      
Performing C SOURCE FILE Test HAVE_PTHREADS succeeded with the following output:
Change Dir: /home/runner/work/MightyMike-Android/MightyMike-Android/android/app/.cxx/Debug/1h5k5w5j/x86_64/CMakeFiles/CMakeTmp

Run Build Command(s):/usr/local/lib/android/sdk/cmake/3.22.1/bin/ninja cmTC_c4407 && [1/2] Building C object CMakeFiles/cmTC_c4407.dir/src.c.o
[2/2] Linking C executable cmTC_c4407


Source file was:

        #include <pthread.h>
        int main(int argc, char** argv) {
          pthread_attr_t type;
          pthread_attr_init(&type);
          return 0;
        }
Performing C SOURCE FILE Test HAVE_RECURSIVE_MUTEXES succeeded with the following output:
Change Dir: /home/runner/work/MightyMike-Android/MightyMike-Android/android/app/.cxx/Debug/1h5k5w5j/x86_64/CMakeFiles/CMakeTmp

Run Build Command(s):/usr/local/lib/android/sdk/cmake/3.22.1/bin/ninja cmTC_934ea && [1/2] Building C object CMakeFiles/cmTC_934ea.dir/src.c.o
[2/2] Linking C executable cmTC_934ea


Source file was:

        #include <pthread.h>
        int main(int argc, char **argv) {
          pthread_mutexattr_t attr;
          pthread_mutexattr_settype(&attr, PTHREAD_MUTEX_RECURSIVE);
          return 0;
        }
Performing C SOURCE FILE Test HAVE_PTHREADS_SEM succeeded with the following output:
Change Dir: /home/runner/work/MightyMike-Android/MightyMike-Android/android/app/.cxx/Debug/1h5k5w5j/x86_64/CMakeFiles/CMakeTmp

Run Build Command(s):/usr/local/lib/android/sdk/cmake/3.22.1/bin/ninja cmTC_0303e && [1/2] Building C object CMakeFiles/cmTC_0303e.dir/src.c.o
[2/2] Linking C executable cmTC_0303e


Source file was:
#include <pthread.h>
                                 #include <semaphore.h>
                                 int main(int argc, char **argv) { return 0; }
Performing C SOURCE FILE Test COMPILER_HAS_SEM_TIMEDWAIT succeeded with the following output:
Change Dir: /home/runner/work/MightyMike-Android/MightyMike-Android/android/app/.cxx/Debug/1h5k5w5j/x86_64/CMakeFiles/CMakeTmp

Run Build Command(s):/usr/local/lib/android/sdk/cmake/3.22.1/bin/ninja cmTC_3d5fa && [1/2] Building C object CMakeFiles/cmTC_3d5fa.dir/src.c.o
/home/runner/work/MightyMike-Android/MightyMike-Android/android/app/.cxx/Debug/1h5k5w5j/x86_64/CMakeFiles/CMakeTmp/src.c:5:33: warning: null passed to a callee that requires a non-null argument [-Wnonnull]
    5 |                   sem_timedwait(NULL, NULL);
      |                                 ^~~~
/usr/local/lib/android/sdk/ndk/27.2.12479018/toolchains/llvm/prebuilt/linux-x86_64/lib/clang/18/include/__stddef_null.h:26:14: note: expanded from macro 'NULL'
   26 | #define NULL ((void*)0)
      |              ^~~~~~~~~~
/home/runner/work/MightyMike-Android/MightyMike-Android/android/app/.cxx/Debug/1h5k5w5j/x86_64/CMakeFiles/CMakeTmp/src.c:5:39: warning: null passed to a callee that requires a non-null argument [-Wnonnull]
    5 |                   sem_timedwait(NULL, NULL);
      |                                       ^~~~
/usr/local/lib/android/sdk/ndk/27.2.12479018/toolchains/llvm/prebuilt/linux-x86_64/lib/clang/18/include/__stddef_null.h:26:14: note: expanded from macro 'NULL'
   26 | #define NULL ((void*)0)
      |              ^~~~~~~~~~
2 warnings generated.
[2/2] Linking C executable cmTC_3d5fa


Source file was:

              #include <pthread.h>
              #include <semaphore.h>
              int main(int argc, char **argv) {
                  sem_timedwait(NULL, NULL);
                  return 0;
              }
Determining if the include file pthread.h exists passed with the following output:
Change Dir: /home/runner/work/MightyMike-Android/MightyMike-Android/android/app/.cxx/Debug/1h5k5w5j/x86_64/CMakeFiles/CMakeTmp

Run Build Command(s):/usr/local/lib/android/sdk/cmake/3.22.1/bin/ninja cmTC_8c78d && [1/2] Building C object CMakeFiles/cmTC_8c78d.dir/CheckIncludeFile.c.o
[2/2] Linking C executable cmTC_8c78d



Performing C SOURCE FILE Test HAVE_PTHREAD_SETNAME_NP succeeded with the following output:
Change Dir: /home/runner/work/MightyMike-Android/MightyMike-Android/android/app/.cxx/Debug/1h5k5w5j/x86_64/CMakeFiles/CMakeTmp

Run Build Command(s):/usr/local/lib/android/sdk/cmake/3.22.1/bin/ninja cmTC_fffaf && [1/2] Building C object CMakeFiles/cmTC_fffaf.dir/src.c.o
[2/2] Linking C executable cmTC_fffaf


Source file was:

            #include <pthread.h>
            int main(int argc, char **argv) {
              #ifdef __APPLE__
              pthread_setname_np("");
              #else
              pthread_setname_np(pthread_self(),"");
              #endif
              return 0;
            }
