The target system is: Android - 1 - aarch64
The host system is: Linux - 6.11.0-1018-azure - x86_64
Compiling the C compiler identification source file "CMakeCCompilerId.c" succeeded.
Compiler: /usr/local/lib/android/sdk/ndk/27.2.12479018/toolchains/llvm/prebuilt/linux-x86_64/bin/clang 
Build flags: -g;-DANDROID;-fdata-sections;-ffunction-sections;-funwind-tables;-fstack-protector-strong;-no-canonical-prefixes;-D_FORTIFY_SOURCE=2;-Wformat;-Werror=format-security;
Id flags: -c;--target=aarch64-none-linux-android24 

The output was:
0


Compilation of the C compiler identification source "CMakeCCompilerId.c" produced "CMakeCCompilerId.o"

The C compiler identification is Clang, found in "/home/runner/work/MightyMike-Android/MightyMike-Android/android/app/.cxx/Debug/1h5k5w5j/arm64-v8a/CMakeFiles/3.22.1-g37088a8/CompilerIdC/CMakeCCompilerId.o"

Compiling the CXX compiler identification source file "CMakeCXXCompilerId.cpp" succeeded.
Compiler: /usr/local/lib/android/sdk/ndk/27.2.12479018/toolchains/llvm/prebuilt/linux-x86_64/bin/clang++ 
Build flags: -g;-DANDROID;-fdata-sections;-ffunction-sections;-funwind-tables;-fstack-protector-strong;-no-canonical-prefixes;-D_FORTIFY_SOURCE=2;-Wformat;-Werror=format-security;;
Id flags: -c;--target=aarch64-none-linux-android24 

The output was:
0


Compilation of the CXX compiler identification source "CMakeCXXCompilerId.cpp" produced "CMakeCXXCompilerId.o"

The CXX compiler identification is Clang, found in "/home/runner/work/MightyMike-Android/MightyMike-Android/android/app/.cxx/Debug/1h5k5w5j/arm64-v8a/CMakeFiles/3.22.1-g37088a8/CompilerIdCXX/CMakeCXXCompilerId.o"

Detecting C compiler ABI info compiled with the following output:
Change Dir: /home/runner/work/MightyMike-Android/MightyMike-Android/android/app/.cxx/Debug/1h5k5w5j/arm64-v8a/CMakeFiles/CMakeTmp

Run Build Command(s):/usr/local/lib/android/sdk/cmake/3.22.1/bin/ninja cmTC_8e518 && [1/2] Building C object CMakeFiles/cmTC_8e518.dir/CMakeCCompilerABI.c.o
Android (12470979, +pgo, +bolt, +lto, +mlgo, based on r522817c) clang version 18.0.3 (https://android.googlesource.com/toolchain/llvm-project d8003a456d14a3deb8054cdaa529ffbf02d9b262)
Target: aarch64-none-linux-android24
Thread model: posix
InstalledDir: /usr/local/lib/android/sdk/ndk/27.2.12479018/toolchains/llvm/prebuilt/linux-x86_64/bin
 (in-process)
 "/usr/local/lib/android/sdk/ndk/27.2.12479018/toolchains/llvm/prebuilt/linux-x86_64/bin/clang" -cc1 -triple aarch64-none-linux-android24 -emit-obj -mrelax-all -disable-free -clear-ast-before-backend -disable-llvm-verifier -discard-value-names -main-file-name CMakeCCompilerABI.c -mrelocation-model pic -pic-level 2 -pic-is-pie -mframe-pointer=non-leaf -ffp-contract=on -fno-rounding-math -mconstructor-aliases -funwind-tables=2 -target-cpu generic -target-feature +neon -target-feature +v8a -target-feature +fix-cortex-a53-835769 -target-abi aapcs -debug-info-kind=constructor -dwarf-version=4 -debugger-tuning=gdb -fdebug-compilation-dir=/home/runner/work/MightyMike-Android/MightyMike-Android/android/app/.cxx/Debug/1h5k5w5j/arm64-v8a/CMakeFiles/CMakeTmp -v -ffunction-sections -fdata-sections -fcoverage-compilation-dir=/home/runner/work/MightyMike-Android/MightyMike-Android/android/app/.cxx/Debug/1h5k5w5j/arm64-v8a/CMakeFiles/CMakeTmp -resource-dir /usr/local/lib/android/sdk/ndk/27.2.12479018/toolchains/llvm/prebuilt/linux-x86_64/lib/clang/18 -dependency-file CMakeFiles/cmTC_8e518.dir/CMakeCCompilerABI.c.o.d -MT CMakeFiles/cmTC_8e518.dir/CMakeCCompilerABI.c.o -sys-header-deps -D ANDROID -D _FORTIFY_SOURCE=2 -isysroot /usr/local/lib/android/sdk/ndk/27.2.12479018/toolchains/llvm/prebuilt/linux-x86_64/sysroot -internal-isystem /usr/local/lib/android/sdk/ndk/27.2.12479018/toolchains/llvm/prebuilt/linux-x86_64/lib/clang/18/include -internal-isystem /usr/local/lib/android/sdk/ndk/27.2.12479018/toolchains/llvm/prebuilt/linux-x86_64/sysroot/usr/local/include -internal-externc-isystem /usr/local/lib/android/sdk/ndk/27.2.12479018/toolchains/llvm/prebuilt/linux-x86_64/sysroot/usr/include/aarch64-linux-android -internal-externc-isystem /usr/local/lib/android/sdk/ndk/27.2.12479018/toolchains/llvm/prebuilt/linux-x86_64/sysroot/include -internal-externc-isystem /usr/local/lib/android/sdk/ndk/27.2.12479018/toolchains/llvm/prebuilt/linux-x86_64/sysroot/usr/include -Wformat -ferror-limit 19 -femulated-tls -stack-protector 2 -fno-signed-char -fgnuc-version=4.2.1 -target-feature +outline-atomics -D__GCC_HAVE_DWARF2_CFI_ASM=1 -o CMakeFiles/cmTC_8e518.dir/CMakeCCompilerABI.c.o -x c /usr/local/lib/android/sdk/cmake/3.22.1/share/cmake-3.22/Modules/CMakeCCompilerABI.c
clang -cc1 version 18.0.3 based upon LLVM 18.0.3 default target x86_64-unknown-linux-gnu
ignoring nonexistent directory "/usr/local/lib/android/sdk/ndk/27.2.12479018/toolchains/llvm/prebuilt/linux-x86_64/sysroot/usr/local/include"
ignoring nonexistent directory "/usr/local/lib/android/sdk/ndk/27.2.12479018/toolchains/llvm/prebuilt/linux-x86_64/sysroot/include"
#include "..." search starts here:
#include <...> search starts here:
 /usr/local/lib/android/sdk/ndk/27.2.12479018/toolchains/llvm/prebuilt/linux-x86_64/lib/clang/18/include
 /usr/local/lib/android/sdk/ndk/27.2.12479018/toolchains/llvm/prebuilt/linux-x86_64/sysroot/usr/include/aarch64-linux-android
 /usr/local/lib/android/sdk/ndk/27.2.12479018/toolchains/llvm/prebuilt/linux-x86_64/sysroot/usr/include
End of search list.
[2/2] Linking C executable cmTC_8e518
Android (12470979, +pgo, +bolt, +lto, +mlgo, based on r522817c) clang version 18.0.3 (https://android.googlesource.com/toolchain/llvm-project d8003a456d14a3deb8054cdaa529ffbf02d9b262)
Target: aarch64-none-linux-android24
Thread model: posix
InstalledDir: /usr/local/lib/android/sdk/ndk/27.2.12479018/toolchains/llvm/prebuilt/linux-x86_64/bin
 "/usr/local/lib/android/sdk/ndk/27.2.12479018/toolchains/llvm/prebuilt/linux-x86_64/bin/ld.lld" --sysroot=/usr/local/lib/android/sdk/ndk/27.2.12479018/toolchains/llvm/prebuilt/linux-x86_64/sysroot -EL --fix-cortex-a53-843419 -z now -z relro -z max-page-size=4096 --hash-style=gnu --eh-frame-hdr -m aarch64linux -pie -dynamic-linker /system/bin/linker64 -o cmTC_8e518 /usr/local/lib/android/sdk/ndk/27.2.12479018/toolchains/llvm/prebuilt/linux-x86_64/sysroot/usr/lib/aarch64-linux-android/24/crtbegin_dynamic.o -L/usr/local/lib/android/sdk/ndk/27.2.12479018/toolchains/llvm/prebuilt/linux-x86_64/lib/clang/18/lib/linux/aarch64 -L/usr/local/lib/android/sdk/ndk/27.2.12479018/toolchains/llvm/prebuilt/linux-x86_64/sysroot/usr/lib/aarch64-linux-android/24 -L/usr/local/lib/android/sdk/ndk/27.2.12479018/toolchains/llvm/prebuilt/linux-x86_64/sysroot/usr/lib/aarch64-linux-android -L/usr/local/lib/android/sdk/ndk/27.2.12479018/toolchains/llvm/prebuilt/linux-x86_64/sysroot/usr/lib --build-id=sha1 --no-rosegment --no-undefined-version --fatal-warnings --no-undefined CMakeFiles/cmTC_8e518.dir/CMakeCCompilerABI.c.o /usr/local/lib/android/sdk/ndk/27.2.12479018/toolchains/llvm/prebuilt/linux-x86_64/lib/clang/18/lib/linux/libclang_rt.builtins-aarch64-android.a -l:libunwind.a -ldl -lc /usr/local/lib/android/sdk/ndk/27.2.12479018/toolchains/llvm/prebuilt/linux-x86_64/lib/clang/18/lib/linux/libclang_rt.builtins-aarch64-android.a -l:libunwind.a -ldl /usr/local/lib/android/sdk/ndk/27.2.12479018/toolchains/llvm/prebuilt/linux-x86_64/sysroot/usr/lib/aarch64-linux-android/24/crtend_android.o



Parsed C implicit include dir info from above output: rv=done
  found start of include info
  found start of implicit include info
    add: [/usr/local/lib/android/sdk/ndk/27.2.12479018/toolchains/llvm/prebuilt/linux-x86_64/lib/clang/18/include]
    add: [/usr/local/lib/android/sdk/ndk/27.2.12479018/toolchains/llvm/prebuilt/linux-x86_64/sysroot/usr/include/aarch64-linux-android]
    add: [/usr/local/lib/android/sdk/ndk/27.2.12479018/toolchains/llvm/prebuilt/linux-x86_64/sysroot/usr/include]
  end of search list found
  collapse include dir [/usr/local/lib/android/sdk/ndk/27.2.12479018/toolchains/llvm/prebuilt/linux-x86_64/lib/clang/18/include] ==> [/usr/local/lib/android/sdk/ndk/27.2.12479018/toolchains/llvm/prebuilt/linux-x86_64/lib/clang/18/include]
  collapse include dir [/usr/local/lib/android/sdk/ndk/27.2.12479018/toolchains/llvm/prebuilt/linux-x86_64/sysroot/usr/include/aarch64-linux-android] ==> [/usr/local/lib/android/sdk/ndk/27.2.12479018/toolchains/llvm/prebuilt/linux-x86_64/sysroot/usr/include/aarch64-linux-android]
  collapse include dir [/usr/local/lib/android/sdk/ndk/27.2.12479018/toolchains/llvm/prebuilt/linux-x86_64/sysroot/usr/include] ==> [/usr/local/lib/android/sdk/ndk/27.2.12479018/toolchains/llvm/prebuilt/linux-x86_64/sysroot/usr/include]
  implicit include dirs: [/usr/local/lib/android/sdk/ndk/27.2.12479018/toolchains/llvm/prebuilt/linux-x86_64/lib/clang/18/include;/usr/local/lib/android/sdk/ndk/27.2.12479018/toolchains/llvm/prebuilt/linux-x86_64/sysroot/usr/include/aarch64-linux-android;/usr/local/lib/android/sdk/ndk/27.2.12479018/toolchains/llvm/prebuilt/linux-x86_64/sysroot/usr/include]


Parsed C implicit link information from above output:
  link line regex: [^( *|.*[/\])(ld\.lld|CMAKE_LINK_STARTFILE-NOTFOUND|([^/\]+-)?ld|collect2)[^/\]*( |$)]
  ignore line: [Change Dir: /home/runner/work/MightyMike-Android/MightyMike-Android/android/app/.cxx/Debug/1h5k5w5j/arm64-v8a/CMakeFiles/CMakeTmp]
  ignore line: []
  ignore line: [Run Build Command(s):/usr/local/lib/android/sdk/cmake/3.22.1/bin/ninja cmTC_8e518 && [1/2] Building C object CMakeFiles/cmTC_8e518.dir/CMakeCCompilerABI.c.o]
  ignore line: [Android (12470979  +pgo  +bolt  +lto  +mlgo  based on r522817c) clang version 18.0.3 (https://android.googlesource.com/toolchain/llvm-project d8003a456d14a3deb8054cdaa529ffbf02d9b262)]
  ignore line: [Target: aarch64-none-linux-android24]
  ignore line: [Thread model: posix]
  ignore line: [InstalledDir: /usr/local/lib/android/sdk/ndk/27.2.12479018/toolchains/llvm/prebuilt/linux-x86_64/bin]
  ignore line: [ (in-process)]
  ignore line: [ "/usr/local/lib/android/sdk/ndk/27.2.12479018/toolchains/llvm/prebuilt/linux-x86_64/bin/clang" -cc1 -triple aarch64-none-linux-android24 -emit-obj -mrelax-all -disable-free -clear-ast-before-backend -disable-llvm-verifier -discard-value-names -main-file-name CMakeCCompilerABI.c -mrelocation-model pic -pic-level 2 -pic-is-pie -mframe-pointer=non-leaf -ffp-contract=on -fno-rounding-math -mconstructor-aliases -funwind-tables=2 -target-cpu generic -target-feature +neon -target-feature +v8a -target-feature +fix-cortex-a53-835769 -target-abi aapcs -debug-info-kind=constructor -dwarf-version=4 -debugger-tuning=gdb -fdebug-compilation-dir=/home/runner/work/MightyMike-Android/MightyMike-Android/android/app/.cxx/Debug/1h5k5w5j/arm64-v8a/CMakeFiles/CMakeTmp -v -ffunction-sections -fdata-sections -fcoverage-compilation-dir=/home/runner/work/MightyMike-Android/MightyMike-Android/android/app/.cxx/Debug/1h5k5w5j/arm64-v8a/CMakeFiles/CMakeTmp -resource-dir /usr/local/lib/android/sdk/ndk/27.2.12479018/toolchains/llvm/prebuilt/linux-x86_64/lib/clang/18 -dependency-file CMakeFiles/cmTC_8e518.dir/CMakeCCompilerABI.c.o.d -MT CMakeFiles/cmTC_8e518.dir/CMakeCCompilerABI.c.o -sys-header-deps -D ANDROID -D _FORTIFY_SOURCE=2 -isysroot /usr/local/lib/android/sdk/ndk/27.2.12479018/toolchains/llvm/prebuilt/linux-x86_64/sysroot -internal-isystem /usr/local/lib/android/sdk/ndk/27.2.12479018/toolchains/llvm/prebuilt/linux-x86_64/lib/clang/18/include -internal-isystem /usr/local/lib/android/sdk/ndk/27.2.12479018/toolchains/llvm/prebuilt/linux-x86_64/sysroot/usr/local/include -internal-externc-isystem /usr/local/lib/android/sdk/ndk/27.2.12479018/toolchains/llvm/prebuilt/linux-x86_64/sysroot/usr/include/aarch64-linux-android -internal-externc-isystem /usr/local/lib/android/sdk/ndk/27.2.12479018/toolchains/llvm/prebuilt/linux-x86_64/sysroot/include -internal-externc-isystem /usr/local/lib/android/sdk/ndk/27.2.12479018/toolchains/llvm/prebuilt/linux-x86_64/sysroot/usr/include -Wformat -ferror-limit 19 -femulated-tls -stack-protector 2 -fno-signed-char -fgnuc-version=4.2.1 -target-feature +outline-atomics -D__GCC_HAVE_DWARF2_CFI_ASM=1 -o CMakeFiles/cmTC_8e518.dir/CMakeCCompilerABI.c.o -x c /usr/local/lib/android/sdk/cmake/3.22.1/share/cmake-3.22/Modules/CMakeCCompilerABI.c]
  ignore line: [clang -cc1 version 18.0.3 based upon LLVM 18.0.3 default target x86_64-unknown-linux-gnu]
  ignore line: [ignoring nonexistent directory "/usr/local/lib/android/sdk/ndk/27.2.12479018/toolchains/llvm/prebuilt/linux-x86_64/sysroot/usr/local/include"]
  ignore line: [ignoring nonexistent directory "/usr/local/lib/android/sdk/ndk/27.2.12479018/toolchains/llvm/prebuilt/linux-x86_64/sysroot/include"]
  ignore line: [#include "..." search starts here:]
  ignore line: [#include <...> search starts here:]
  ignore line: [ /usr/local/lib/android/sdk/ndk/27.2.12479018/toolchains/llvm/prebuilt/linux-x86_64/lib/clang/18/include]
  ignore line: [ /usr/local/lib/android/sdk/ndk/27.2.12479018/toolchains/llvm/prebuilt/linux-x86_64/sysroot/usr/include/aarch64-linux-android]
  ignore line: [ /usr/local/lib/android/sdk/ndk/27.2.12479018/toolchains/llvm/prebuilt/linux-x86_64/sysroot/usr/include]
  ignore line: [End of search list.]
  ignore line: [[2/2] Linking C executable cmTC_8e518]
  ignore line: [Android (12470979  +pgo  +bolt  +lto  +mlgo  based on r522817c) clang version 18.0.3 (https://android.googlesource.com/toolchain/llvm-project d8003a456d14a3deb8054cdaa529ffbf02d9b262)]
  ignore line: [Target: aarch64-none-linux-android24]
  ignore line: [Thread model: posix]
  ignore line: [InstalledDir: /usr/local/lib/android/sdk/ndk/27.2.12479018/toolchains/llvm/prebuilt/linux-x86_64/bin]
  link line: [ "/usr/local/lib/android/sdk/ndk/27.2.12479018/toolchains/llvm/prebuilt/linux-x86_64/bin/ld.lld" --sysroot=/usr/local/lib/android/sdk/ndk/27.2.12479018/toolchains/llvm/prebuilt/linux-x86_64/sysroot -EL --fix-cortex-a53-843419 -z now -z relro -z max-page-size=4096 --hash-style=gnu --eh-frame-hdr -m aarch64linux -pie -dynamic-linker /system/bin/linker64 -o cmTC_8e518 /usr/local/lib/android/sdk/ndk/27.2.12479018/toolchains/llvm/prebuilt/linux-x86_64/sysroot/usr/lib/aarch64-linux-android/24/crtbegin_dynamic.o -L/usr/local/lib/android/sdk/ndk/27.2.12479018/toolchains/llvm/prebuilt/linux-x86_64/lib/clang/18/lib/linux/aarch64 -L/usr/local/lib/android/sdk/ndk/27.2.12479018/toolchains/llvm/prebuilt/linux-x86_64/sysroot/usr/lib/aarch64-linux-android/24 -L/usr/local/lib/android/sdk/ndk/27.2.12479018/toolchains/llvm/prebuilt/linux-x86_64/sysroot/usr/lib/aarch64-linux-android -L/usr/local/lib/android/sdk/ndk/27.2.12479018/toolchains/llvm/prebuilt/linux-x86_64/sysroot/usr/lib --build-id=sha1 --no-rosegment --no-undefined-version --fatal-warnings --no-undefined CMakeFiles/cmTC_8e518.dir/CMakeCCompilerABI.c.o /usr/local/lib/android/sdk/ndk/27.2.12479018/toolchains/llvm/prebuilt/linux-x86_64/lib/clang/18/lib/linux/libclang_rt.builtins-aarch64-android.a -l:libunwind.a -ldl -lc /usr/local/lib/android/sdk/ndk/27.2.12479018/toolchains/llvm/prebuilt/linux-x86_64/lib/clang/18/lib/linux/libclang_rt.builtins-aarch64-android.a -l:libunwind.a -ldl /usr/local/lib/android/sdk/ndk/27.2.12479018/toolchains/llvm/prebuilt/linux-x86_64/sysroot/usr/lib/aarch64-linux-android/24/crtend_android.o]
    arg [/usr/local/lib/android/sdk/ndk/27.2.12479018/toolchains/llvm/prebuilt/linux-x86_64/bin/ld.lld] ==> ignore
    arg [--sysroot=/usr/local/lib/android/sdk/ndk/27.2.12479018/toolchains/llvm/prebuilt/linux-x86_64/sysroot] ==> ignore
    arg [-EL] ==> ignore
    arg [--fix-cortex-a53-843419] ==> ignore
    arg [-znow] ==> ignore
    arg [-zrelro] ==> ignore
    arg [-zmax-page-size=4096] ==> ignore
    arg [--hash-style=gnu] ==> ignore
    arg [--eh-frame-hdr] ==> ignore
    arg [-m] ==> ignore
    arg [aarch64linux] ==> ignore
    arg [-pie] ==> ignore
    arg [-dynamic-linker] ==> ignore
    arg [/system/bin/linker64] ==> ignore
    arg [-o] ==> ignore
    arg [cmTC_8e518] ==> ignore
    arg [/usr/local/lib/android/sdk/ndk/27.2.12479018/toolchains/llvm/prebuilt/linux-x86_64/sysroot/usr/lib/aarch64-linux-android/24/crtbegin_dynamic.o] ==> obj [/usr/local/lib/android/sdk/ndk/27.2.12479018/toolchains/llvm/prebuilt/linux-x86_64/sysroot/usr/lib/aarch64-linux-android/24/crtbegin_dynamic.o]
    arg [-L/usr/local/lib/android/sdk/ndk/27.2.12479018/toolchains/llvm/prebuilt/linux-x86_64/lib/clang/18/lib/linux/aarch64] ==> dir [/usr/local/lib/android/sdk/ndk/27.2.12479018/toolchains/llvm/prebuilt/linux-x86_64/lib/clang/18/lib/linux/aarch64]
    arg [-L/usr/local/lib/android/sdk/ndk/27.2.12479018/toolchains/llvm/prebuilt/linux-x86_64/sysroot/usr/lib/aarch64-linux-android/24] ==> dir [/usr/local/lib/android/sdk/ndk/27.2.12479018/toolchains/llvm/prebuilt/linux-x86_64/sysroot/usr/lib/aarch64-linux-android/24]
    arg [-L/usr/local/lib/android/sdk/ndk/27.2.12479018/toolchains/llvm/prebuilt/linux-x86_64/sysroot/usr/lib/aarch64-linux-android] ==> dir [/usr/local/lib/android/sdk/ndk/27.2.12479018/toolchains/llvm/prebuilt/linux-x86_64/sysroot/usr/lib/aarch64-linux-android]
    arg [-L/usr/local/lib/android/sdk/ndk/27.2.12479018/toolchains/llvm/prebuilt/linux-x86_64/sysroot/usr/lib] ==> dir [/usr/local/lib/android/sdk/ndk/27.2.12479018/toolchains/llvm/prebuilt/linux-x86_64/sysroot/usr/lib]
    arg [--build-id=sha1] ==> ignore
    arg [--no-rosegment] ==> ignore
    arg [--no-undefined-version] ==> ignore
    arg [--fatal-warnings] ==> ignore
    arg [--no-undefined] ==> ignore
    arg [CMakeFiles/cmTC_8e518.dir/CMakeCCompilerABI.c.o] ==> ignore
    arg [/usr/local/lib/android/sdk/ndk/27.2.12479018/toolchains/llvm/prebuilt/linux-x86_64/lib/clang/18/lib/linux/libclang_rt.builtins-aarch64-android.a] ==> lib [/usr/local/lib/android/sdk/ndk/27.2.12479018/toolchains/llvm/prebuilt/linux-x86_64/lib/clang/18/lib/linux/libclang_rt.builtins-aarch64-android.a]
    arg [-l:libunwind.a] ==> lib [-l:libunwind.a]
    arg [-ldl] ==> lib [dl]
    arg [-lc] ==> lib [c]
    arg [/usr/local/lib/android/sdk/ndk/27.2.12479018/toolchains/llvm/prebuilt/linux-x86_64/lib/clang/18/lib/linux/libclang_rt.builtins-aarch64-android.a] ==> lib [/usr/local/lib/android/sdk/ndk/27.2.12479018/toolchains/llvm/prebuilt/linux-x86_64/lib/clang/18/lib/linux/libclang_rt.builtins-aarch64-android.a]
    arg [-l:libunwind.a] ==> lib [-l:libunwind.a]
    arg [-ldl] ==> lib [dl]
    arg [/usr/local/lib/android/sdk/ndk/27.2.12479018/toolchains/llvm/prebuilt/linux-x86_64/sysroot/usr/lib/aarch64-linux-android/24/crtend_android.o] ==> obj [/usr/local/lib/android/sdk/ndk/27.2.12479018/toolchains/llvm/prebuilt/linux-x86_64/sysroot/usr/lib/aarch64-linux-android/24/crtend_android.o]
  remove lib [/usr/local/lib/android/sdk/ndk/27.2.12479018/toolchains/llvm/prebuilt/linux-x86_64/lib/clang/18/lib/linux/libclang_rt.builtins-aarch64-android.a]
  remove lib [/usr/local/lib/android/sdk/ndk/27.2.12479018/toolchains/llvm/prebuilt/linux-x86_64/lib/clang/18/lib/linux/libclang_rt.builtins-aarch64-android.a]
  collapse library dir [/usr/local/lib/android/sdk/ndk/27.2.12479018/toolchains/llvm/prebuilt/linux-x86_64/lib/clang/18/lib/linux/aarch64] ==> [/usr/local/lib/android/sdk/ndk/27.2.12479018/toolchains/llvm/prebuilt/linux-x86_64/lib/clang/18/lib/linux/aarch64]
  collapse library dir [/usr/local/lib/android/sdk/ndk/27.2.12479018/toolchains/llvm/prebuilt/linux-x86_64/sysroot/usr/lib/aarch64-linux-android/24] ==> [/usr/local/lib/android/sdk/ndk/27.2.12479018/toolchains/llvm/prebuilt/linux-x86_64/sysroot/usr/lib/aarch64-linux-android/24]
  collapse library dir [/usr/local/lib/android/sdk/ndk/27.2.12479018/toolchains/llvm/prebuilt/linux-x86_64/sysroot/usr/lib/aarch64-linux-android] ==> [/usr/local/lib/android/sdk/ndk/27.2.12479018/toolchains/llvm/prebuilt/linux-x86_64/sysroot/usr/lib/aarch64-linux-android]
  collapse library dir [/usr/local/lib/android/sdk/ndk/27.2.12479018/toolchains/llvm/prebuilt/linux-x86_64/sysroot/usr/lib] ==> [/usr/local/lib/android/sdk/ndk/27.2.12479018/toolchains/llvm/prebuilt/linux-x86_64/sysroot/usr/lib]
  implicit libs: [-l:libunwind.a;dl;c;-l:libunwind.a;dl]
  implicit objs: [/usr/local/lib/android/sdk/ndk/27.2.12479018/toolchains/llvm/prebuilt/linux-x86_64/sysroot/usr/lib/aarch64-linux-android/24/crtbegin_dynamic.o;/usr/local/lib/android/sdk/ndk/27.2.12479018/toolchains/llvm/prebuilt/linux-x86_64/sysroot/usr/lib/aarch64-linux-android/24/crtend_android.o]
  implicit dirs: [/usr/local/lib/android/sdk/ndk/27.2.12479018/toolchains/llvm/prebuilt/linux-x86_64/lib/clang/18/lib/linux/aarch64;/usr/local/lib/android/sdk/ndk/27.2.12479018/toolchains/llvm/prebuilt/linux-x86_64/sysroot/usr/lib/aarch64-linux-android/24;/usr/local/lib/android/sdk/ndk/27.2.12479018/toolchains/llvm/prebuilt/linux-x86_64/sysroot/usr/lib/aarch64-linux-android;/usr/local/lib/android/sdk/ndk/27.2.12479018/toolchains/llvm/prebuilt/linux-x86_64/sysroot/usr/lib]
  implicit fwks: []


Detecting CXX compiler ABI info compiled with the following output:
Change Dir: /home/runner/work/MightyMike-Android/MightyMike-Android/android/app/.cxx/Debug/1h5k5w5j/arm64-v8a/CMakeFiles/CMakeTmp

Run Build Command(s):/usr/local/lib/android/sdk/cmake/3.22.1/bin/ninja cmTC_692ef && [1/2] Building CXX object CMakeFiles/cmTC_692ef.dir/CMakeCXXCompilerABI.cpp.o
Android (12470979, +pgo, +bolt, +lto, +mlgo, based on r522817c) clang version 18.0.3 (https://android.googlesource.com/toolchain/llvm-project d8003a456d14a3deb8054cdaa529ffbf02d9b262)
Target: aarch64-none-linux-android24
Thread model: posix
InstalledDir: /usr/local/lib/android/sdk/ndk/27.2.12479018/toolchains/llvm/prebuilt/linux-x86_64/bin
 (in-process)
 "/usr/local/lib/android/sdk/ndk/27.2.12479018/toolchains/llvm/prebuilt/linux-x86_64/bin/clang++" -cc1 -triple aarch64-none-linux-android24 -emit-obj -mrelax-all -disable-free -clear-ast-before-backend -disable-llvm-verifier -discard-value-names -main-file-name CMakeCXXCompilerABI.cpp -mrelocation-model pic -pic-level 2 -pic-is-pie -mframe-pointer=non-leaf -ffp-contract=on -fno-rounding-math -mconstructor-aliases -funwind-tables=2 -target-cpu generic -target-feature +neon -target-feature +v8a -target-feature +fix-cortex-a53-835769 -target-abi aapcs -debug-info-kind=constructor -dwarf-version=4 -debugger-tuning=gdb -fdebug-compilation-dir=/home/runner/work/MightyMike-Android/MightyMike-Android/android/app/.cxx/Debug/1h5k5w5j/arm64-v8a/CMakeFiles/CMakeTmp -v -ffunction-sections -fdata-sections -fcoverage-compilation-dir=/home/runner/work/MightyMike-Android/MightyMike-Android/android/app/.cxx/Debug/1h5k5w5j/arm64-v8a/CMakeFiles/CMakeTmp -resource-dir /usr/local/lib/android/sdk/ndk/27.2.12479018/toolchains/llvm/prebuilt/linux-x86_64/lib/clang/18 -dependency-file CMakeFiles/cmTC_692ef.dir/CMakeCXXCompilerABI.cpp.o.d -MT CMakeFiles/cmTC_692ef.dir/CMakeCXXCompilerABI.cpp.o -sys-header-deps -D ANDROID -D _FORTIFY_SOURCE=2 -isysroot /usr/local/lib/android/sdk/ndk/27.2.12479018/toolchains/llvm/prebuilt/linux-x86_64/sysroot -internal-isystem /usr/local/lib/android/sdk/ndk/27.2.12479018/toolchains/llvm/prebuilt/linux-x86_64/sysroot/usr/include/c++/v1 -internal-isystem /usr/local/lib/android/sdk/ndk/27.2.12479018/toolchains/llvm/prebuilt/linux-x86_64/lib/clang/18/include -internal-isystem /usr/local/lib/android/sdk/ndk/27.2.12479018/toolchains/llvm/prebuilt/linux-x86_64/sysroot/usr/local/include -internal-externc-isystem /usr/local/lib/android/sdk/ndk/27.2.12479018/toolchains/llvm/prebuilt/linux-x86_64/sysroot/usr/include/aarch64-linux-android -internal-externc-isystem /usr/local/lib/android/sdk/ndk/27.2.12479018/toolchains/llvm/prebuilt/linux-x86_64/sysroot/include -internal-externc-isystem /usr/local/lib/android/sdk/ndk/27.2.12479018/toolchains/llvm/prebuilt/linux-x86_64/sysroot/usr/include -Wformat -std=gnu++20 -fdeprecated-macro -ferror-limit 19 -femulated-tls -stack-protector 2 -fno-signed-char -fgnuc-version=4.2.1 -fno-implicit-modules -fcxx-exceptions -fexceptions -target-feature +outline-atomics -D__GCC_HAVE_DWARF2_CFI_ASM=1 -o CMakeFiles/cmTC_692ef.dir/CMakeCXXCompilerABI.cpp.o -x c++ /usr/local/lib/android/sdk/cmake/3.22.1/share/cmake-3.22/Modules/CMakeCXXCompilerABI.cpp
clang -cc1 version 18.0.3 based upon LLVM 18.0.3 default target x86_64-unknown-linux-gnu
ignoring nonexistent directory "/usr/local/lib/android/sdk/ndk/27.2.12479018/toolchains/llvm/prebuilt/linux-x86_64/sysroot/usr/local/include"
ignoring nonexistent directory "/usr/local/lib/android/sdk/ndk/27.2.12479018/toolchains/llvm/prebuilt/linux-x86_64/sysroot/include"
#include "..." search starts here:
#include <...> search starts here:
 /usr/local/lib/android/sdk/ndk/27.2.12479018/toolchains/llvm/prebuilt/linux-x86_64/sysroot/usr/include/c++/v1
 /usr/local/lib/android/sdk/ndk/27.2.12479018/toolchains/llvm/prebuilt/linux-x86_64/lib/clang/18/include
 /usr/local/lib/android/sdk/ndk/27.2.12479018/toolchains/llvm/prebuilt/linux-x86_64/sysroot/usr/include/aarch64-linux-android
 /usr/local/lib/android/sdk/ndk/27.2.12479018/toolchains/llvm/prebuilt/linux-x86_64/sysroot/usr/include
End of search list.
[2/2] Linking CXX executable cmTC_692ef
Android (12470979, +pgo, +bolt, +lto, +mlgo, based on r522817c) clang version 18.0.3 (https://android.googlesource.com/toolchain/llvm-project d8003a456d14a3deb8054cdaa529ffbf02d9b262)
Target: aarch64-none-linux-android24
Thread model: posix
InstalledDir: /usr/local/lib/android/sdk/ndk/27.2.12479018/toolchains/llvm/prebuilt/linux-x86_64/bin
 "/usr/local/lib/android/sdk/ndk/27.2.12479018/toolchains/llvm/prebuilt/linux-x86_64/bin/ld.lld" --sysroot=/usr/local/lib/android/sdk/ndk/27.2.12479018/toolchains/llvm/prebuilt/linux-x86_64/sysroot -EL --fix-cortex-a53-843419 -z now -z relro -z max-page-size=4096 --hash-style=gnu --eh-frame-hdr -m aarch64linux -pie -dynamic-linker /system/bin/linker64 -o cmTC_692ef /usr/local/lib/android/sdk/ndk/27.2.12479018/toolchains/llvm/prebuilt/linux-x86_64/sysroot/usr/lib/aarch64-linux-android/24/crtbegin_dynamic.o -L/usr/local/lib/android/sdk/ndk/27.2.12479018/toolchains/llvm/prebuilt/linux-x86_64/lib/clang/18/lib/linux/aarch64 -L/usr/local/lib/android/sdk/ndk/27.2.12479018/toolchains/llvm/prebuilt/linux-x86_64/sysroot/usr/lib/aarch64-linux-android/24 -L/usr/local/lib/android/sdk/ndk/27.2.12479018/toolchains/llvm/prebuilt/linux-x86_64/sysroot/usr/lib/aarch64-linux-android -L/usr/local/lib/android/sdk/ndk/27.2.12479018/toolchains/llvm/prebuilt/linux-x86_64/sysroot/usr/lib --build-id=sha1 --no-rosegment --no-undefined-version --fatal-warnings --no-undefined CMakeFiles/cmTC_692ef.dir/CMakeCXXCompilerABI.cpp.o -lc++ -lm /usr/local/lib/android/sdk/ndk/27.2.12479018/toolchains/llvm/prebuilt/linux-x86_64/lib/clang/18/lib/linux/libclang_rt.builtins-aarch64-android.a -l:libunwind.a -ldl -lc /usr/local/lib/android/sdk/ndk/27.2.12479018/toolchains/llvm/prebuilt/linux-x86_64/lib/clang/18/lib/linux/libclang_rt.builtins-aarch64-android.a -l:libunwind.a -ldl /usr/local/lib/android/sdk/ndk/27.2.12479018/toolchains/llvm/prebuilt/linux-x86_64/sysroot/usr/lib/aarch64-linux-android/24/crtend_android.o



Parsed CXX implicit include dir info from above output: rv=done
  found start of include info
  found start of implicit include info
    add: [/usr/local/lib/android/sdk/ndk/27.2.12479018/toolchains/llvm/prebuilt/linux-x86_64/sysroot/usr/include/c++/v1]
    add: [/usr/local/lib/android/sdk/ndk/27.2.12479018/toolchains/llvm/prebuilt/linux-x86_64/lib/clang/18/include]
    add: [/usr/local/lib/android/sdk/ndk/27.2.12479018/toolchains/llvm/prebuilt/linux-x86_64/sysroot/usr/include/aarch64-linux-android]
    add: [/usr/local/lib/android/sdk/ndk/27.2.12479018/toolchains/llvm/prebuilt/linux-x86_64/sysroot/usr/include]
  end of search list found
  collapse include dir [/usr/local/lib/android/sdk/ndk/27.2.12479018/toolchains/llvm/prebuilt/linux-x86_64/sysroot/usr/include/c++/v1] ==> [/usr/local/lib/android/sdk/ndk/27.2.12479018/toolchains/llvm/prebuilt/linux-x86_64/sysroot/usr/include/c++/v1]
  collapse include dir [/usr/local/lib/android/sdk/ndk/27.2.12479018/toolchains/llvm/prebuilt/linux-x86_64/lib/clang/18/include] ==> [/usr/local/lib/android/sdk/ndk/27.2.12479018/toolchains/llvm/prebuilt/linux-x86_64/lib/clang/18/include]
  collapse include dir [/usr/local/lib/android/sdk/ndk/27.2.12479018/toolchains/llvm/prebuilt/linux-x86_64/sysroot/usr/include/aarch64-linux-android] ==> [/usr/local/lib/android/sdk/ndk/27.2.12479018/toolchains/llvm/prebuilt/linux-x86_64/sysroot/usr/include/aarch64-linux-android]
  collapse include dir [/usr/local/lib/android/sdk/ndk/27.2.12479018/toolchains/llvm/prebuilt/linux-x86_64/sysroot/usr/include] ==> [/usr/local/lib/android/sdk/ndk/27.2.12479018/toolchains/llvm/prebuilt/linux-x86_64/sysroot/usr/include]
  implicit include dirs: [/usr/local/lib/android/sdk/ndk/27.2.12479018/toolchains/llvm/prebuilt/linux-x86_64/sysroot/usr/include/c++/v1;/usr/local/lib/android/sdk/ndk/27.2.12479018/toolchains/llvm/prebuilt/linux-x86_64/lib/clang/18/include;/usr/local/lib/android/sdk/ndk/27.2.12479018/toolchains/llvm/prebuilt/linux-x86_64/sysroot/usr/include/aarch64-linux-android;/usr/local/lib/android/sdk/ndk/27.2.12479018/toolchains/llvm/prebuilt/linux-x86_64/sysroot/usr/include]


Parsed CXX implicit link information from above output:
  link line regex: [^( *|.*[/\])(ld\.lld|CMAKE_LINK_STARTFILE-NOTFOUND|([^/\]+-)?ld|collect2)[^/\]*( |$)]
  ignore line: [Change Dir: /home/runner/work/MightyMike-Android/MightyMike-Android/android/app/.cxx/Debug/1h5k5w5j/arm64-v8a/CMakeFiles/CMakeTmp]
  ignore line: []
  ignore line: [Run Build Command(s):/usr/local/lib/android/sdk/cmake/3.22.1/bin/ninja cmTC_692ef && [1/2] Building CXX object CMakeFiles/cmTC_692ef.dir/CMakeCXXCompilerABI.cpp.o]
  ignore line: [Android (12470979  +pgo  +bolt  +lto  +mlgo  based on r522817c) clang version 18.0.3 (https://android.googlesource.com/toolchain/llvm-project d8003a456d14a3deb8054cdaa529ffbf02d9b262)]
  ignore line: [Target: aarch64-none-linux-android24]
  ignore line: [Thread model: posix]
  ignore line: [InstalledDir: /usr/local/lib/android/sdk/ndk/27.2.12479018/toolchains/llvm/prebuilt/linux-x86_64/bin]
  ignore line: [ (in-process)]
  ignore line: [ "/usr/local/lib/android/sdk/ndk/27.2.12479018/toolchains/llvm/prebuilt/linux-x86_64/bin/clang++" -cc1 -triple aarch64-none-linux-android24 -emit-obj -mrelax-all -disable-free -clear-ast-before-backend -disable-llvm-verifier -discard-value-names -main-file-name CMakeCXXCompilerABI.cpp -mrelocation-model pic -pic-level 2 -pic-is-pie -mframe-pointer=non-leaf -ffp-contract=on -fno-rounding-math -mconstructor-aliases -funwind-tables=2 -target-cpu generic -target-feature +neon -target-feature +v8a -target-feature +fix-cortex-a53-835769 -target-abi aapcs -debug-info-kind=constructor -dwarf-version=4 -debugger-tuning=gdb -fdebug-compilation-dir=/home/runner/work/MightyMike-Android/MightyMike-Android/android/app/.cxx/Debug/1h5k5w5j/arm64-v8a/CMakeFiles/CMakeTmp -v -ffunction-sections -fdata-sections -fcoverage-compilation-dir=/home/runner/work/MightyMike-Android/MightyMike-Android/android/app/.cxx/Debug/1h5k5w5j/arm64-v8a/CMakeFiles/CMakeTmp -resource-dir /usr/local/lib/android/sdk/ndk/27.2.12479018/toolchains/llvm/prebuilt/linux-x86_64/lib/clang/18 -dependency-file CMakeFiles/cmTC_692ef.dir/CMakeCXXCompilerABI.cpp.o.d -MT CMakeFiles/cmTC_692ef.dir/CMakeCXXCompilerABI.cpp.o -sys-header-deps -D ANDROID -D _FORTIFY_SOURCE=2 -isysroot /usr/local/lib/android/sdk/ndk/27.2.12479018/toolchains/llvm/prebuilt/linux-x86_64/sysroot -internal-isystem /usr/local/lib/android/sdk/ndk/27.2.12479018/toolchains/llvm/prebuilt/linux-x86_64/sysroot/usr/include/c++/v1 -internal-isystem /usr/local/lib/android/sdk/ndk/27.2.12479018/toolchains/llvm/prebuilt/linux-x86_64/lib/clang/18/include -internal-isystem /usr/local/lib/android/sdk/ndk/27.2.12479018/toolchains/llvm/prebuilt/linux-x86_64/sysroot/usr/local/include -internal-externc-isystem /usr/local/lib/android/sdk/ndk/27.2.12479018/toolchains/llvm/prebuilt/linux-x86_64/sysroot/usr/include/aarch64-linux-android -internal-externc-isystem /usr/local/lib/android/sdk/ndk/27.2.12479018/toolchains/llvm/prebuilt/linux-x86_64/sysroot/include -internal-externc-isystem /usr/local/lib/android/sdk/ndk/27.2.12479018/toolchains/llvm/prebuilt/linux-x86_64/sysroot/usr/include -Wformat -std=gnu++20 -fdeprecated-macro -ferror-limit 19 -femulated-tls -stack-protector 2 -fno-signed-char -fgnuc-version=4.2.1 -fno-implicit-modules -fcxx-exceptions -fexceptions -target-feature +outline-atomics -D__GCC_HAVE_DWARF2_CFI_ASM=1 -o CMakeFiles/cmTC_692ef.dir/CMakeCXXCompilerABI.cpp.o -x c++ /usr/local/lib/android/sdk/cmake/3.22.1/share/cmake-3.22/Modules/CMakeCXXCompilerABI.cpp]
  ignore line: [clang -cc1 version 18.0.3 based upon LLVM 18.0.3 default target x86_64-unknown-linux-gnu]
  ignore line: [ignoring nonexistent directory "/usr/local/lib/android/sdk/ndk/27.2.12479018/toolchains/llvm/prebuilt/linux-x86_64/sysroot/usr/local/include"]
  ignore line: [ignoring nonexistent directory "/usr/local/lib/android/sdk/ndk/27.2.12479018/toolchains/llvm/prebuilt/linux-x86_64/sysroot/include"]
  ignore line: [#include "..." search starts here:]
  ignore line: [#include <...> search starts here:]
  ignore line: [ /usr/local/lib/android/sdk/ndk/27.2.12479018/toolchains/llvm/prebuilt/linux-x86_64/sysroot/usr/include/c++/v1]
  ignore line: [ /usr/local/lib/android/sdk/ndk/27.2.12479018/toolchains/llvm/prebuilt/linux-x86_64/lib/clang/18/include]
  ignore line: [ /usr/local/lib/android/sdk/ndk/27.2.12479018/toolchains/llvm/prebuilt/linux-x86_64/sysroot/usr/include/aarch64-linux-android]
  ignore line: [ /usr/local/lib/android/sdk/ndk/27.2.12479018/toolchains/llvm/prebuilt/linux-x86_64/sysroot/usr/include]
  ignore line: [End of search list.]
  ignore line: [[2/2] Linking CXX executable cmTC_692ef]
  ignore line: [Android (12470979  +pgo  +bolt  +lto  +mlgo  based on r522817c) clang version 18.0.3 (https://android.googlesource.com/toolchain/llvm-project d8003a456d14a3deb8054cdaa529ffbf02d9b262)]
  ignore line: [Target: aarch64-none-linux-android24]
  ignore line: [Thread model: posix]
  ignore line: [InstalledDir: /usr/local/lib/android/sdk/ndk/27.2.12479018/toolchains/llvm/prebuilt/linux-x86_64/bin]
  link line: [ "/usr/local/lib/android/sdk/ndk/27.2.12479018/toolchains/llvm/prebuilt/linux-x86_64/bin/ld.lld" --sysroot=/usr/local/lib/android/sdk/ndk/27.2.12479018/toolchains/llvm/prebuilt/linux-x86_64/sysroot -EL --fix-cortex-a53-843419 -z now -z relro -z max-page-size=4096 --hash-style=gnu --eh-frame-hdr -m aarch64linux -pie -dynamic-linker /system/bin/linker64 -o cmTC_692ef /usr/local/lib/android/sdk/ndk/27.2.12479018/toolchains/llvm/prebuilt/linux-x86_64/sysroot/usr/lib/aarch64-linux-android/24/crtbegin_dynamic.o -L/usr/local/lib/android/sdk/ndk/27.2.12479018/toolchains/llvm/prebuilt/linux-x86_64/lib/clang/18/lib/linux/aarch64 -L/usr/local/lib/android/sdk/ndk/27.2.12479018/toolchains/llvm/prebuilt/linux-x86_64/sysroot/usr/lib/aarch64-linux-android/24 -L/usr/local/lib/android/sdk/ndk/27.2.12479018/toolchains/llvm/prebuilt/linux-x86_64/sysroot/usr/lib/aarch64-linux-android -L/usr/local/lib/android/sdk/ndk/27.2.12479018/toolchains/llvm/prebuilt/linux-x86_64/sysroot/usr/lib --build-id=sha1 --no-rosegment --no-undefined-version --fatal-warnings --no-undefined CMakeFiles/cmTC_692ef.dir/CMakeCXXCompilerABI.cpp.o -lc++ -lm /usr/local/lib/android/sdk/ndk/27.2.12479018/toolchains/llvm/prebuilt/linux-x86_64/lib/clang/18/lib/linux/libclang_rt.builtins-aarch64-android.a -l:libunwind.a -ldl -lc /usr/local/lib/android/sdk/ndk/27.2.12479018/toolchains/llvm/prebuilt/linux-x86_64/lib/clang/18/lib/linux/libclang_rt.builtins-aarch64-android.a -l:libunwind.a -ldl /usr/local/lib/android/sdk/ndk/27.2.12479018/toolchains/llvm/prebuilt/linux-x86_64/sysroot/usr/lib/aarch64-linux-android/24/crtend_android.o]
    arg [/usr/local/lib/android/sdk/ndk/27.2.12479018/toolchains/llvm/prebuilt/linux-x86_64/bin/ld.lld] ==> ignore
    arg [--sysroot=/usr/local/lib/android/sdk/ndk/27.2.12479018/toolchains/llvm/prebuilt/linux-x86_64/sysroot] ==> ignore
    arg [-EL] ==> ignore
    arg [--fix-cortex-a53-843419] ==> ignore
    arg [-znow] ==> ignore
    arg [-zrelro] ==> ignore
    arg [-zmax-page-size=4096] ==> ignore
    arg [--hash-style=gnu] ==> ignore
    arg [--eh-frame-hdr] ==> ignore
    arg [-m] ==> ignore
    arg [aarch64linux] ==> ignore
    arg [-pie] ==> ignore
    arg [-dynamic-linker] ==> ignore
    arg [/system/bin/linker64] ==> ignore
    arg [-o] ==> ignore
    arg [cmTC_692ef] ==> ignore
    arg [/usr/local/lib/android/sdk/ndk/27.2.12479018/toolchains/llvm/prebuilt/linux-x86_64/sysroot/usr/lib/aarch64-linux-android/24/crtbegin_dynamic.o] ==> obj [/usr/local/lib/android/sdk/ndk/27.2.12479018/toolchains/llvm/prebuilt/linux-x86_64/sysroot/usr/lib/aarch64-linux-android/24/crtbegin_dynamic.o]
    arg [-L/usr/local/lib/android/sdk/ndk/27.2.12479018/toolchains/llvm/prebuilt/linux-x86_64/lib/clang/18/lib/linux/aarch64] ==> dir [/usr/local/lib/android/sdk/ndk/27.2.12479018/toolchains/llvm/prebuilt/linux-x86_64/lib/clang/18/lib/linux/aarch64]
    arg [-L/usr/local/lib/android/sdk/ndk/27.2.12479018/toolchains/llvm/prebuilt/linux-x86_64/sysroot/usr/lib/aarch64-linux-android/24] ==> dir [/usr/local/lib/android/sdk/ndk/27.2.12479018/toolchains/llvm/prebuilt/linux-x86_64/sysroot/usr/lib/aarch64-linux-android/24]
    arg [-L/usr/local/lib/android/sdk/ndk/27.2.12479018/toolchains/llvm/prebuilt/linux-x86_64/sysroot/usr/lib/aarch64-linux-android] ==> dir [/usr/local/lib/android/sdk/ndk/27.2.12479018/toolchains/llvm/prebuilt/linux-x86_64/sysroot/usr/lib/aarch64-linux-android]
    arg [-L/usr/local/lib/android/sdk/ndk/27.2.12479018/toolchains/llvm/prebuilt/linux-x86_64/sysroot/usr/lib] ==> dir [/usr/local/lib/android/sdk/ndk/27.2.12479018/toolchains/llvm/prebuilt/linux-x86_64/sysroot/usr/lib]
    arg [--build-id=sha1] ==> ignore
    arg [--no-rosegment] ==> ignore
    arg [--no-undefined-version] ==> ignore
    arg [--fatal-warnings] ==> ignore
    arg [--no-undefined] ==> ignore
    arg [CMakeFiles/cmTC_692ef.dir/CMakeCXXCompilerABI.cpp.o] ==> ignore
    arg [-lc++] ==> lib [c++]
    arg [-lm] ==> lib [m]
    arg [/usr/local/lib/android/sdk/ndk/27.2.12479018/toolchains/llvm/prebuilt/linux-x86_64/lib/clang/18/lib/linux/libclang_rt.builtins-aarch64-android.a] ==> lib [/usr/local/lib/android/sdk/ndk/27.2.12479018/toolchains/llvm/prebuilt/linux-x86_64/lib/clang/18/lib/linux/libclang_rt.builtins-aarch64-android.a]
    arg [-l:libunwind.a] ==> lib [-l:libunwind.a]
    arg [-ldl] ==> lib [dl]
    arg [-lc] ==> lib [c]
    arg [/usr/local/lib/android/sdk/ndk/27.2.12479018/toolchains/llvm/prebuilt/linux-x86_64/lib/clang/18/lib/linux/libclang_rt.builtins-aarch64-android.a] ==> lib [/usr/local/lib/android/sdk/ndk/27.2.12479018/toolchains/llvm/prebuilt/linux-x86_64/lib/clang/18/lib/linux/libclang_rt.builtins-aarch64-android.a]
    arg [-l:libunwind.a] ==> lib [-l:libunwind.a]
    arg [-ldl] ==> lib [dl]
    arg [/usr/local/lib/android/sdk/ndk/27.2.12479018/toolchains/llvm/prebuilt/linux-x86_64/sysroot/usr/lib/aarch64-linux-android/24/crtend_android.o] ==> obj [/usr/local/lib/android/sdk/ndk/27.2.12479018/toolchains/llvm/prebuilt/linux-x86_64/sysroot/usr/lib/aarch64-linux-android/24/crtend_android.o]
  remove lib [/usr/local/lib/android/sdk/ndk/27.2.12479018/toolchains/llvm/prebuilt/linux-x86_64/lib/clang/18/lib/linux/libclang_rt.builtins-aarch64-android.a]
  remove lib [/usr/local/lib/android/sdk/ndk/27.2.12479018/toolchains/llvm/prebuilt/linux-x86_64/lib/clang/18/lib/linux/libclang_rt.builtins-aarch64-android.a]
  collapse library dir [/usr/local/lib/android/sdk/ndk/27.2.12479018/toolchains/llvm/prebuilt/linux-x86_64/lib/clang/18/lib/linux/aarch64] ==> [/usr/local/lib/android/sdk/ndk/27.2.12479018/toolchains/llvm/prebuilt/linux-x86_64/lib/clang/18/lib/linux/aarch64]
  collapse library dir [/usr/local/lib/android/sdk/ndk/27.2.12479018/toolchains/llvm/prebuilt/linux-x86_64/sysroot/usr/lib/aarch64-linux-android/24] ==> [/usr/local/lib/android/sdk/ndk/27.2.12479018/toolchains/llvm/prebuilt/linux-x86_64/sysroot/usr/lib/aarch64-linux-android/24]
  collapse library dir [/usr/local/lib/android/sdk/ndk/27.2.12479018/toolchains/llvm/prebuilt/linux-x86_64/sysroot/usr/lib/aarch64-linux-android] ==> [/usr/local/lib/android/sdk/ndk/27.2.12479018/toolchains/llvm/prebuilt/linux-x86_64/sysroot/usr/lib/aarch64-linux-android]
  collapse library dir [/usr/local/lib/android/sdk/ndk/27.2.12479018/toolchains/llvm/prebuilt/linux-x86_64/sysroot/usr/lib] ==> [/usr/local/lib/android/sdk/ndk/27.2.12479018/toolchains/llvm/prebuilt/linux-x86_64/sysroot/usr/lib]
  implicit libs: [c++;m;-l:libunwind.a;dl;c;-l:libunwind.a;dl]
  implicit objs: [/usr/local/lib/android/sdk/ndk/27.2.12479018/toolchains/llvm/prebuilt/linux-x86_64/sysroot/usr/lib/aarch64-linux-android/24/crtbegin_dynamic.o;/usr/local/lib/android/sdk/ndk/27.2.12479018/toolchains/llvm/prebuilt/linux-x86_64/sysroot/usr/lib/aarch64-linux-android/24/crtend_android.o]
  implicit dirs: [/usr/local/lib/android/sdk/ndk/27.2.12479018/toolchains/llvm/prebuilt/linux-x86_64/lib/clang/18/lib/linux/aarch64;/usr/local/lib/android/sdk/ndk/27.2.12479018/toolchains/llvm/prebuilt/linux-x86_64/sysroot/usr/lib/aarch64-linux-android/24;/usr/local/lib/android/sdk/ndk/27.2.12479018/toolchains/llvm/prebuilt/linux-x86_64/sysroot/usr/lib/aarch64-linux-android;/usr/local/lib/android/sdk/ndk/27.2.12479018/toolchains/llvm/prebuilt/linux-x86_64/sysroot/usr/lib]
  implicit fwks: []


Performing C SOURCE FILE Test HAVE_GCC_WALL succeeded with the following output:
Change Dir: /home/runner/work/MightyMike-Android/MightyMike-Android/android/app/.cxx/Debug/1h5k5w5j/arm64-v8a/CMakeFiles/CMakeTmp

Run Build Command(s):/usr/local/lib/android/sdk/cmake/3.22.1/bin/ninja cmTC_48d34 && [1/2] Building C object CMakeFiles/cmTC_48d34.dir/src.c.o
[2/2] Linking C executable cmTC_48d34


Source file was:
int main(void) { return 0; }
Performing C SOURCE FILE Test HAVE_GCC_WUNDEF succeeded with the following output:
Change Dir: /home/runner/work/MightyMike-Android/MightyMike-Android/android/app/.cxx/Debug/1h5k5w5j/arm64-v8a/CMakeFiles/CMakeTmp

Run Build Command(s):/usr/local/lib/android/sdk/cmake/3.22.1/bin/ninja cmTC_8e94c && [1/2] Building C object CMakeFiles/cmTC_8e94c.dir/src.c.o
[2/2] Linking C executable cmTC_8e94c


Source file was:
int main(void) { return 0; }
Performing C SOURCE FILE Test HAVE_GCC_WFLOAT_CONVERSION succeeded with the following output:
Change Dir: /home/runner/work/MightyMike-Android/MightyMike-Android/android/app/.cxx/Debug/1h5k5w5j/arm64-v8a/CMakeFiles/CMakeTmp

Run Build Command(s):/usr/local/lib/android/sdk/cmake/3.22.1/bin/ninja cmTC_518ad && [1/2] Building C object CMakeFiles/cmTC_518ad.dir/src.c.o
[2/2] Linking C executable cmTC_518ad


Source file was:
int main(void) { return 0; }
Performing C SOURCE FILE Test HAVE_GCC_NO_STRICT_ALIASING succeeded with the following output:
Change Dir: /home/runner/work/MightyMike-Android/MightyMike-Android/android/app/.cxx/Debug/1h5k5w5j/arm64-v8a/CMakeFiles/CMakeTmp

Run Build Command(s):/usr/local/lib/android/sdk/cmake/3.22.1/bin/ninja cmTC_13abd && [1/2] Building C object CMakeFiles/cmTC_13abd.dir/src.c.o
[2/2] Linking C executable cmTC_13abd


Source file was:
int main(void) { return 0; }
Performing C SOURCE FILE Test HAVE_GCC_WDOCUMENTATION succeeded with the following output:
Change Dir: /home/runner/work/MightyMike-Android/MightyMike-Android/android/app/.cxx/Debug/1h5k5w5j/arm64-v8a/CMakeFiles/CMakeTmp

Run Build Command(s):/usr/local/lib/android/sdk/cmake/3.22.1/bin/ninja cmTC_6d837 && [1/2] Building C object CMakeFiles/cmTC_6d837.dir/src.c.o
[2/2] Linking C executable cmTC_6d837


Source file was:
int main(void) { return 0; }
Performing C SOURCE FILE Test HAVE_GCC_WDOCUMENTATION_UNKNOWN_COMMAND succeeded with the following output:
Change Dir: /home/runner/work/MightyMike-Android/MightyMike-Android/android/app/.cxx/Debug/1h5k5w5j/arm64-v8a/CMakeFiles/CMakeTmp

Run Build Command(s):/usr/local/lib/android/sdk/cmake/3.22.1/bin/ninja cmTC_37ff5 && [1/2] Building C object CMakeFiles/cmTC_37ff5.dir/src.c.o
[2/2] Linking C executable cmTC_37ff5


Source file was:
int main(void) { return 0; }
Performing C SOURCE FILE Test HAVE_GCC_COMMENT_BLOCK_COMMANDS succeeded with the following output:
Change Dir: /home/runner/work/MightyMike-Android/MightyMike-Android/android/app/.cxx/Debug/1h5k5w5j/arm64-v8a/CMakeFiles/CMakeTmp

Run Build Command(s):/usr/local/lib/android/sdk/cmake/3.22.1/bin/ninja cmTC_e424f && [1/2] Building C object CMakeFiles/cmTC_e424f.dir/src.c.o
[2/2] Linking C executable cmTC_e424f


Source file was:
int main(void) { return 0; }
Performing C SOURCE FILE Test HAVE_GCC_WSHADOW succeeded with the following output:
Change Dir: /home/runner/work/MightyMike-Android/MightyMike-Android/android/app/.cxx/Debug/1h5k5w5j/arm64-v8a/CMakeFiles/CMakeTmp

Run Build Command(s):/usr/local/lib/android/sdk/cmake/3.22.1/bin/ninja cmTC_83dd3 && [1/2] Building C object CMakeFiles/cmTC_83dd3.dir/src.c.o
[2/2] Linking C executable cmTC_83dd3


Source file was:
int main(void) { return 0; }
Performing C SOURCE FILE Test HAVE_GCC_WUNUSED_LOCAL_TYPEDEFS succeeded with the following output:
Change Dir: /home/runner/work/MightyMike-Android/MightyMike-Android/android/app/.cxx/Debug/1h5k5w5j/arm64-v8a/CMakeFiles/CMakeTmp

Run Build Command(s):/usr/local/lib/android/sdk/cmake/3.22.1/bin/ninja cmTC_b7c66 && [1/2] Building C object CMakeFiles/cmTC_b7c66.dir/src.c.o
[2/2] Linking C executable cmTC_b7c66


Source file was:
int main(void) { return 0; }
Performing C SOURCE FILE Test HAVE_GCC_WIMPLICIT_FALLTHROUGH succeeded with the following output:
Change Dir: /home/runner/work/MightyMike-Android/MightyMike-Android/android/app/.cxx/Debug/1h5k5w5j/arm64-v8a/CMakeFiles/CMakeTmp

Run Build Command(s):/usr/local/lib/android/sdk/cmake/3.22.1/bin/ninja cmTC_8fb4e && [1/2] Building C object CMakeFiles/cmTC_8fb4e.dir/src.c.o
[2/2] Linking C executable cmTC_8fb4e


Source file was:
int main(void) { return 0; }
Performing C SOURCE FILE Test COMPILER_SUPPORTS_FCOLOR_DIAGNOSTICS succeeded with the following output:
Change Dir: /home/runner/work/MightyMike-Android/MightyMike-Android/android/app/.cxx/Debug/1h5k5w5j/arm64-v8a/CMakeFiles/CMakeTmp

Run Build Command(s):/usr/local/lib/android/sdk/cmake/3.22.1/bin/ninja cmTC_4312f && [1/2] Building C object CMakeFiles/cmTC_4312f.dir/src.c.o
[2/2] Linking C executable cmTC_4312f


Source file was:
int main(void) { return 0; }
Performing C SOURCE FILE Test HAVE_WL_VERSION_SCRIPT succeeded with the following output:
Change Dir: /home/runner/work/MightyMike-Android/MightyMike-Android/android/app/.cxx/Debug/1h5k5w5j/arm64-v8a/CMakeFiles/CMakeTmp

Run Build Command(s):/usr/local/lib/android/sdk/cmake/3.22.1/bin/ninja cmTC_5b595 && [1/2] Building C object CMakeFiles/cmTC_5b595.dir/src.c.o
[2/2] Linking C executable cmTC_5b595


Source file was:
int func(void) {return 0;} int main(int argc,char*argv[]){(void)argc;(void)argv;return func();}
Performing C SOURCE FILE Test COMPILER_SUPPORTS_GCC_ATOMICS succeeded with the following output:
Change Dir: /home/runner/work/MightyMike-Android/MightyMike-Android/android/app/.cxx/Debug/1h5k5w5j/arm64-v8a/CMakeFiles/CMakeTmp

Run Build Command(s):/usr/local/lib/android/sdk/cmake/3.22.1/bin/ninja cmTC_4e448 && [1/2] Building C object CMakeFiles/cmTC_4e448.dir/src.c.o
[2/2] Linking C executable cmTC_4e448


Source file was:
int main(int argc, char **argv) {
        int a;
        void *x, *y, *z;
        __sync_lock_test_and_set(&a, 4);
        __sync_lock_test_and_set(&x, y);
        __sync_fetch_and_add(&a, 1);
        __sync_bool_compare_and_swap(&a, 5, 10);
        __sync_bool_compare_and_swap(&x, y, z);
        return 0; }
Performing C SOURCE FILE Test HAVE_GCC_FVISIBILITY succeeded with the following output:
Change Dir: /home/runner/work/MightyMike-Android/MightyMike-Android/android/app/.cxx/Debug/1h5k5w5j/arm64-v8a/CMakeFiles/CMakeTmp

Run Build Command(s):/usr/local/lib/android/sdk/cmake/3.22.1/bin/ninja cmTC_b6327 && [1/2] Building C object CMakeFiles/cmTC_b6327.dir/src.c.o
[2/2] Linking C executable cmTC_b6327


Source file was:

      #if !defined(__GNUC__) || __GNUC__ < 4
      #error SDL only uses visibility attributes in GCC 4 or newer
      #endif
      __attribute__((visibility("default"))) int foo(void);
      __attribute__((visibility("hidden")))  int bar(void);
      int foo(void) { return 0; }
      int bar(void) { return 1; }
      int main(void) { return 0; }
Performing C SOURCE FILE Test LINKER_SUPPORTS_WL_NO_UNDEFINED succeeded with the following output:
Change Dir: /home/runner/work/MightyMike-Android/MightyMike-Android/android/app/.cxx/Debug/1h5k5w5j/arm64-v8a/CMakeFiles/CMakeTmp

Run Build Command(s):/usr/local/lib/android/sdk/cmake/3.22.1/bin/ninja cmTC_876d7 && [1/2] Building C object CMakeFiles/cmTC_876d7.dir/src.c.o
[2/2] Linking C executable cmTC_876d7


Source file was:
int main() { return 0; }
Performing C SOURCE FILE Test COMPILER_SUPPORTS_ARMNEON succeeded with the following output:
Change Dir: /home/runner/work/MightyMike-Android/MightyMike-Android/android/app/.cxx/Debug/1h5k5w5j/arm64-v8a/CMakeFiles/CMakeTmp

Run Build Command(s):/usr/local/lib/android/sdk/cmake/3.22.1/bin/ninja cmTC_0ac04 && [1/2] Building C object CMakeFiles/cmTC_0ac04.dir/src.c.o
[2/2] Linking C executable cmTC_0ac04


Source file was:

    #if 0
    # if defined(__arm__) || defined(__aarch64__)
    #  define test_enabled 1
    # else
    #  define test_enabled 0 /* feign success in Apple multi-arch configs */
    # endif
    #else                    /* test normally */
    # define test_enabled 1
    #endif
    #if test_enabled
          #include <arm_neon.h>
      void floats_add(float *dest, float *a, float *b, unsigned size) {
        for (; size >= 4; size -= 4, dest += 4, a += 4, b += 4) {
          vst1q_f32(dest, vaddq_f32(vld1q_f32(a), vld1q_f32(b)));
        }
      }
      int main(int argc, char *argv[]) {
        floats_add((float*)0, (float*)0, (float*)0, 0);
        return 0;
      }
    #else
    int main(int argc, char *argv[]) {
      (void)argc;
      (void)argv;
      return 0;
    }
    #endif
Determining if the include file alloca.h exists passed with the following output:
Change Dir: /home/runner/work/MightyMike-Android/MightyMike-Android/android/app/.cxx/Debug/1h5k5w5j/arm64-v8a/CMakeFiles/CMakeTmp

Run Build Command(s):/usr/local/lib/android/sdk/cmake/3.22.1/bin/ninja cmTC_40393 && [1/2] Building C object CMakeFiles/cmTC_40393.dir/CheckIncludeFile.c.o
[2/2] Linking C executable cmTC_40393



Determining if the include file float.h exists passed with the following output:
Change Dir: /home/runner/work/MightyMike-Android/MightyMike-Android/android/app/.cxx/Debug/1h5k5w5j/arm64-v8a/CMakeFiles/CMakeTmp

Run Build Command(s):/usr/local/lib/android/sdk/cmake/3.22.1/bin/ninja cmTC_e84e6 && [1/2] Building C object CMakeFiles/cmTC_e84e6.dir/CheckIncludeFile.c.o
[2/2] Linking C executable cmTC_e84e6



Determining if the include file iconv.h exists passed with the following output:
Change Dir: /home/runner/work/MightyMike-Android/MightyMike-Android/android/app/.cxx/Debug/1h5k5w5j/arm64-v8a/CMakeFiles/CMakeTmp

Run Build Command(s):/usr/local/lib/android/sdk/cmake/3.22.1/bin/ninja cmTC_2f526 && [1/2] Building C object CMakeFiles/cmTC_2f526.dir/CheckIncludeFile.c.o
[2/2] Linking C executable cmTC_2f526



Determining if the include file inttypes.h exists passed with the following output:
Change Dir: /home/runner/work/MightyMike-Android/MightyMike-Android/android/app/.cxx/Debug/1h5k5w5j/arm64-v8a/CMakeFiles/CMakeTmp

Run Build Command(s):/usr/local/lib/android/sdk/cmake/3.22.1/bin/ninja cmTC_b0497 && [1/2] Building C object CMakeFiles/cmTC_b0497.dir/CheckIncludeFile.c.o
[2/2] Linking C executable cmTC_b0497



Determining if the include file limits.h exists passed with the following output:
Change Dir: /home/runner/work/MightyMike-Android/MightyMike-Android/android/app/.cxx/Debug/1h5k5w5j/arm64-v8a/CMakeFiles/CMakeTmp

Run Build Command(s):/usr/local/lib/android/sdk/cmake/3.22.1/bin/ninja cmTC_9dc1c && [1/2] Building C object CMakeFiles/cmTC_9dc1c.dir/CheckIncludeFile.c.o
[2/2] Linking C executable cmTC_9dc1c



Determining if the include file malloc.h exists passed with the following output:
Change Dir: /home/runner/work/MightyMike-Android/MightyMike-Android/android/app/.cxx/Debug/1h5k5w5j/arm64-v8a/CMakeFiles/CMakeTmp

Run Build Command(s):/usr/local/lib/android/sdk/cmake/3.22.1/bin/ninja cmTC_0d49c && [1/2] Building C object CMakeFiles/cmTC_0d49c.dir/CheckIncludeFile.c.o
[2/2] Linking C executable cmTC_0d49c



Determining if the include file math.h exists passed with the following output:
Change Dir: /home/runner/work/MightyMike-Android/MightyMike-Android/android/app/.cxx/Debug/1h5k5w5j/arm64-v8a/CMakeFiles/CMakeTmp

Run Build Command(s):/usr/local/lib/android/sdk/cmake/3.22.1/bin/ninja cmTC_3ddaf && [1/2] Building C object CMakeFiles/cmTC_3ddaf.dir/CheckIncludeFile.c.o
[2/2] Linking C executable cmTC_3ddaf



Determining if the include file memory.h exists passed with the following output:
Change Dir: /home/runner/work/MightyMike-Android/MightyMike-Android/android/app/.cxx/Debug/1h5k5w5j/arm64-v8a/CMakeFiles/CMakeTmp

Run Build Command(s):/usr/local/lib/android/sdk/cmake/3.22.1/bin/ninja cmTC_ffb47 && [1/2] Building C object CMakeFiles/cmTC_ffb47.dir/CheckIncludeFile.c.o
[2/2] Linking C executable cmTC_ffb47



Determining if the include file signal.h exists passed with the following output:
Change Dir: /home/runner/work/MightyMike-Android/MightyMike-Android/android/app/.cxx/Debug/1h5k5w5j/arm64-v8a/CMakeFiles/CMakeTmp

Run Build Command(s):/usr/local/lib/android/sdk/cmake/3.22.1/bin/ninja cmTC_37549 && [1/2] Building C object CMakeFiles/cmTC_37549.dir/CheckIncludeFile.c.o
[2/2] Linking C executable cmTC_37549



Determining if the include file stdarg.h exists passed with the following output:
Change Dir: /home/runner/work/MightyMike-Android/MightyMike-Android/android/app/.cxx/Debug/1h5k5w5j/arm64-v8a/CMakeFiles/CMakeTmp

Run Build Command(s):/usr/local/lib/android/sdk/cmake/3.22.1/bin/ninja cmTC_e6df8 && [1/2] Building C object CMakeFiles/cmTC_e6df8.dir/CheckIncludeFile.c.o
[2/2] Linking C executable cmTC_e6df8



Determining if the include file stdbool.h exists passed with the following output:
Change Dir: /home/runner/work/MightyMike-Android/MightyMike-Android/android/app/.cxx/Debug/1h5k5w5j/arm64-v8a/CMakeFiles/CMakeTmp

Run Build Command(s):/usr/local/lib/android/sdk/cmake/3.22.1/bin/ninja cmTC_68b92 && [1/2] Building C object CMakeFiles/cmTC_68b92.dir/CheckIncludeFile.c.o
[2/2] Linking C executable cmTC_68b92



Determining if the include file stddef.h exists passed with the following output:
Change Dir: /home/runner/work/MightyMike-Android/MightyMike-Android/android/app/.cxx/Debug/1h5k5w5j/arm64-v8a/CMakeFiles/CMakeTmp

Run Build Command(s):/usr/local/lib/android/sdk/cmake/3.22.1/bin/ninja cmTC_52152 && [1/2] Building C object CMakeFiles/cmTC_52152.dir/CheckIncludeFile.c.o
[2/2] Linking C executable cmTC_52152



Determining if the include file stdint.h exists passed with the following output:
Change Dir: /home/runner/work/MightyMike-Android/MightyMike-Android/android/app/.cxx/Debug/1h5k5w5j/arm64-v8a/CMakeFiles/CMakeTmp

Run Build Command(s):/usr/local/lib/android/sdk/cmake/3.22.1/bin/ninja cmTC_adc96 && [1/2] Building C object CMakeFiles/cmTC_adc96.dir/CheckIncludeFile.c.o
[2/2] Linking C executable cmTC_adc96



Determining if the include file stdio.h exists passed with the following output:
Change Dir: /home/runner/work/MightyMike-Android/MightyMike-Android/android/app/.cxx/Debug/1h5k5w5j/arm64-v8a/CMakeFiles/CMakeTmp

Run Build Command(s):/usr/local/lib/android/sdk/cmake/3.22.1/bin/ninja cmTC_ee0d5 && [1/2] Building C object CMakeFiles/cmTC_ee0d5.dir/CheckIncludeFile.c.o
[2/2] Linking C executable cmTC_ee0d5



Determining if the include file stdlib.h exists passed with the following output:
Change Dir: /home/runner/work/MightyMike-Android/MightyMike-Android/android/app/.cxx/Debug/1h5k5w5j/arm64-v8a/CMakeFiles/CMakeTmp

Run Build Command(s):/usr/local/lib/android/sdk/cmake/3.22.1/bin/ninja cmTC_d3efb && [1/2] Building C object CMakeFiles/cmTC_d3efb.dir/CheckIncludeFile.c.o
[2/2] Linking C executable cmTC_d3efb



Determining if the include file string.h exists passed with the following output:
Change Dir: /home/runner/work/MightyMike-Android/MightyMike-Android/android/app/.cxx/Debug/1h5k5w5j/arm64-v8a/CMakeFiles/CMakeTmp

Run Build Command(s):/usr/local/lib/android/sdk/cmake/3.22.1/bin/ninja cmTC_824a2 && [1/2] Building C object CMakeFiles/cmTC_824a2.dir/CheckIncludeFile.c.o
[2/2] Linking C executable cmTC_824a2



Determining if the include file strings.h exists passed with the following output:
Change Dir: /home/runner/work/MightyMike-Android/MightyMike-Android/android/app/.cxx/Debug/1h5k5w5j/arm64-v8a/CMakeFiles/CMakeTmp

Run Build Command(s):/usr/local/lib/android/sdk/cmake/3.22.1/bin/ninja cmTC_632e3 && [1/2] Building C object CMakeFiles/cmTC_632e3.dir/CheckIncludeFile.c.o
[2/2] Linking C executable cmTC_632e3



Determining if the include file sys/types.h exists passed with the following output:
Change Dir: /home/runner/work/MightyMike-Android/MightyMike-Android/android/app/.cxx/Debug/1h5k5w5j/arm64-v8a/CMakeFiles/CMakeTmp

Run Build Command(s):/usr/local/lib/android/sdk/cmake/3.22.1/bin/ninja cmTC_d3c40 && [1/2] Building C object CMakeFiles/cmTC_d3c40.dir/CheckIncludeFile.c.o
[2/2] Linking C executable cmTC_d3c40



Determining if the include file time.h exists passed with the following output:
Change Dir: /home/runner/work/MightyMike-Android/MightyMike-Android/android/app/.cxx/Debug/1h5k5w5j/arm64-v8a/CMakeFiles/CMakeTmp

Run Build Command(s):/usr/local/lib/android/sdk/cmake/3.22.1/bin/ninja cmTC_a7001 && [1/2] Building C object CMakeFiles/cmTC_a7001.dir/CheckIncludeFile.c.o
[2/2] Linking C executable cmTC_a7001



Determining if the include file wchar.h exists passed with the following output:
Change Dir: /home/runner/work/MightyMike-Android/MightyMike-Android/android/app/.cxx/Debug/1h5k5w5j/arm64-v8a/CMakeFiles/CMakeTmp

Run Build Command(s):/usr/local/lib/android/sdk/cmake/3.22.1/bin/ninja cmTC_2b153 && [1/2] Building C object CMakeFiles/cmTC_2b153.dir/CheckIncludeFile.c.o
[2/2] Linking C executable cmTC_2b153



Determining if the function pow exists in the m passed with the following output:
Change Dir: /home/runner/work/MightyMike-Android/MightyMike-Android/android/app/.cxx/Debug/1h5k5w5j/arm64-v8a/CMakeFiles/CMakeTmp

Run Build Command(s):/usr/local/lib/android/sdk/cmake/3.22.1/bin/ninja cmTC_93ed9 && [1/2] Building C object CMakeFiles/cmTC_93ed9.dir/CheckFunctionExists.c.o
/usr/local/lib/android/sdk/cmake/3.22.1/share/cmake-3.22/Modules/CheckFunctionExists.c:7:3: warning: incompatible redeclaration of library function 'pow' [-Wincompatible-library-redeclaration]
    7 |   CHECK_FUNCTION_EXISTS(void);
      |   ^
<command line>:3:31: note: expanded from macro 'CHECK_FUNCTION_EXISTS'
    3 | #define CHECK_FUNCTION_EXISTS pow
      |                               ^
/usr/local/lib/android/sdk/cmake/3.22.1/share/cmake-3.22/Modules/CheckFunctionExists.c:7:3: note: 'pow' is a builtin with type 'double (double, double)'
<command line>:3:31: note: expanded from macro 'CHECK_FUNCTION_EXISTS'
    3 | #define CHECK_FUNCTION_EXISTS pow
      |                               ^
1 warning generated.
[2/2] Linking C executable cmTC_93ed9



Determining if the abs exist passed with the following output:
Change Dir: /home/runner/work/MightyMike-Android/MightyMike-Android/android/app/.cxx/Debug/1h5k5w5j/arm64-v8a/CMakeFiles/CMakeTmp

Run Build Command(s):/usr/local/lib/android/sdk/cmake/3.22.1/bin/ninja cmTC_922c3 && [1/2] Building C object CMakeFiles/cmTC_922c3.dir/CheckSymbolExists.c.o
[2/2] Linking C executable cmTC_922c3


File /home/runner/work/MightyMike-Android/MightyMike-Android/android/app/.cxx/Debug/1h5k5w5j/arm64-v8a/CMakeFiles/CMakeTmp/CheckSymbolExists.c:
/* */
#include <float.h>
#include <iconv.h>
#include <inttypes.h>
#include <limits.h>
#include <malloc.h>
#include <math.h>
#include <memory.h>
#include <signal.h>
#include <stdarg.h>
#include <stdbool.h>
#include <stddef.h>
#include <stdint.h>
#include <stdio.h>
#include <stdlib.h>
#include <string.h>
#include <strings.h>
#include <sys/types.h>
#include <time.h>
#include <wchar.h>

int main(int argc, char** argv)
{
  (void)argv;
#ifndef abs
  return ((int*)(&abs))[argc];
#else
  (void)argc;
  return 0;
#endif
}
Determining if the acos exist passed with the following output:
Change Dir: /home/runner/work/MightyMike-Android/MightyMike-Android/android/app/.cxx/Debug/1h5k5w5j/arm64-v8a/CMakeFiles/CMakeTmp

Run Build Command(s):/usr/local/lib/android/sdk/cmake/3.22.1/bin/ninja cmTC_c0996 && [1/2] Building C object CMakeFiles/cmTC_c0996.dir/CheckSymbolExists.c.o
[2/2] Linking C executable cmTC_c0996


File /home/runner/work/MightyMike-Android/MightyMike-Android/android/app/.cxx/Debug/1h5k5w5j/arm64-v8a/CMakeFiles/CMakeTmp/CheckSymbolExists.c:
/* */
#include <float.h>
#include <iconv.h>
#include <inttypes.h>
#include <limits.h>
#include <malloc.h>
#include <math.h>
#include <memory.h>
#include <signal.h>
#include <stdarg.h>
#include <stdbool.h>
#include <stddef.h>
#include <stdint.h>
#include <stdio.h>
#include <stdlib.h>
#include <string.h>
#include <strings.h>
#include <sys/types.h>
#include <time.h>
#include <wchar.h>

int main(int argc, char** argv)
{
  (void)argv;
#ifndef acos
  return ((int*)(&acos))[argc];
#else
  (void)argc;
  return 0;
#endif
}
Determining if the acosf exist passed with the following output:
Change Dir: /home/runner/work/MightyMike-Android/MightyMike-Android/android/app/.cxx/Debug/1h5k5w5j/arm64-v8a/CMakeFiles/CMakeTmp

Run Build Command(s):/usr/local/lib/android/sdk/cmake/3.22.1/bin/ninja cmTC_da6a9 && [1/2] Building C object CMakeFiles/cmTC_da6a9.dir/CheckSymbolExists.c.o
[2/2] Linking C executable cmTC_da6a9


File /home/runner/work/MightyMike-Android/MightyMike-Android/android/app/.cxx/Debug/1h5k5w5j/arm64-v8a/CMakeFiles/CMakeTmp/CheckSymbolExists.c:
/* */
#include <float.h>
#include <iconv.h>
#include <inttypes.h>
#include <limits.h>
#include <malloc.h>
#include <math.h>
#include <memory.h>
#include <signal.h>
#include <stdarg.h>
#include <stdbool.h>
#include <stddef.h>
#include <stdint.h>
#include <stdio.h>
#include <stdlib.h>
#include <string.h>
#include <strings.h>
#include <sys/types.h>
#include <time.h>
#include <wchar.h>

int main(int argc, char** argv)
{
  (void)argv;
#ifndef acosf
  return ((int*)(&acosf))[argc];
#else
  (void)argc;
  return 0;
#endif
}
Determining if the asin exist passed with the following output:
Change Dir: /home/runner/work/MightyMike-Android/MightyMike-Android/android/app/.cxx/Debug/1h5k5w5j/arm64-v8a/CMakeFiles/CMakeTmp

Run Build Command(s):/usr/local/lib/android/sdk/cmake/3.22.1/bin/ninja cmTC_a2d09 && [1/2] Building C object CMakeFiles/cmTC_a2d09.dir/CheckSymbolExists.c.o
[2/2] Linking C executable cmTC_a2d09


File /home/runner/work/MightyMike-Android/MightyMike-Android/android/app/.cxx/Debug/1h5k5w5j/arm64-v8a/CMakeFiles/CMakeTmp/CheckSymbolExists.c:
/* */
#include <float.h>
#include <iconv.h>
#include <inttypes.h>
#include <limits.h>
#include <malloc.h>
#include <math.h>
#include <memory.h>
#include <signal.h>
#include <stdarg.h>
#include <stdbool.h>
#include <stddef.h>
#include <stdint.h>
#include <stdio.h>
#include <stdlib.h>
#include <string.h>
#include <strings.h>
#include <sys/types.h>
#include <time.h>
#include <wchar.h>

int main(int argc, char** argv)
{
  (void)argv;
#ifndef asin
  return ((int*)(&asin))[argc];
#else
  (void)argc;
  return 0;
#endif
}
Determining if the asinf exist passed with the following output:
Change Dir: /home/runner/work/MightyMike-Android/MightyMike-Android/android/app/.cxx/Debug/1h5k5w5j/arm64-v8a/CMakeFiles/CMakeTmp

Run Build Command(s):/usr/local/lib/android/sdk/cmake/3.22.1/bin/ninja cmTC_17e03 && [1/2] Building C object CMakeFiles/cmTC_17e03.dir/CheckSymbolExists.c.o
[2/2] Linking C executable cmTC_17e03


File /home/runner/work/MightyMike-Android/MightyMike-Android/android/app/.cxx/Debug/1h5k5w5j/arm64-v8a/CMakeFiles/CMakeTmp/CheckSymbolExists.c:
/* */
#include <float.h>
#include <iconv.h>
#include <inttypes.h>
#include <limits.h>
#include <malloc.h>
#include <math.h>
#include <memory.h>
#include <signal.h>
#include <stdarg.h>
#include <stdbool.h>
#include <stddef.h>
#include <stdint.h>
#include <stdio.h>
#include <stdlib.h>
#include <string.h>
#include <strings.h>
#include <sys/types.h>
#include <time.h>
#include <wchar.h>

int main(int argc, char** argv)
{
  (void)argv;
#ifndef asinf
  return ((int*)(&asinf))[argc];
#else
  (void)argc;
  return 0;
#endif
}
Determining if the atan exist passed with the following output:
Change Dir: /home/runner/work/MightyMike-Android/MightyMike-Android/android/app/.cxx/Debug/1h5k5w5j/arm64-v8a/CMakeFiles/CMakeTmp

Run Build Command(s):/usr/local/lib/android/sdk/cmake/3.22.1/bin/ninja cmTC_f3e78 && [1/2] Building C object CMakeFiles/cmTC_f3e78.dir/CheckSymbolExists.c.o
[2/2] Linking C executable cmTC_f3e78


File /home/runner/work/MightyMike-Android/MightyMike-Android/android/app/.cxx/Debug/1h5k5w5j/arm64-v8a/CMakeFiles/CMakeTmp/CheckSymbolExists.c:
/* */
#include <float.h>
#include <iconv.h>
#include <inttypes.h>
#include <limits.h>
#include <malloc.h>
#include <math.h>
#include <memory.h>
#include <signal.h>
#include <stdarg.h>
#include <stdbool.h>
#include <stddef.h>
#include <stdint.h>
#include <stdio.h>
#include <stdlib.h>
#include <string.h>
#include <strings.h>
#include <sys/types.h>
#include <time.h>
#include <wchar.h>

int main(int argc, char** argv)
{
  (void)argv;
#ifndef atan
  return ((int*)(&atan))[argc];
#else
  (void)argc;
  return 0;
#endif
}
Determining if the atan2 exist passed with the following output:
Change Dir: /home/runner/work/MightyMike-Android/MightyMike-Android/android/app/.cxx/Debug/1h5k5w5j/arm64-v8a/CMakeFiles/CMakeTmp

Run Build Command(s):/usr/local/lib/android/sdk/cmake/3.22.1/bin/ninja cmTC_d0b3c && [1/2] Building C object CMakeFiles/cmTC_d0b3c.dir/CheckSymbolExists.c.o
[2/2] Linking C executable cmTC_d0b3c


File /home/runner/work/MightyMike-Android/MightyMike-Android/android/app/.cxx/Debug/1h5k5w5j/arm64-v8a/CMakeFiles/CMakeTmp/CheckSymbolExists.c:
/* */
#include <float.h>
#include <iconv.h>
#include <inttypes.h>
#include <limits.h>
#include <malloc.h>
#include <math.h>
#include <memory.h>
#include <signal.h>
#include <stdarg.h>
#include <stdbool.h>
#include <stddef.h>
#include <stdint.h>
#include <stdio.h>
#include <stdlib.h>
#include <string.h>
#include <strings.h>
#include <sys/types.h>
#include <time.h>
#include <wchar.h>

int main(int argc, char** argv)
{
  (void)argv;
#ifndef atan2
  return ((int*)(&atan2))[argc];
#else
  (void)argc;
  return 0;
#endif
}
Determining if the atan2f exist passed with the following output:
Change Dir: /home/runner/work/MightyMike-Android/MightyMike-Android/android/app/.cxx/Debug/1h5k5w5j/arm64-v8a/CMakeFiles/CMakeTmp

Run Build Command(s):/usr/local/lib/android/sdk/cmake/3.22.1/bin/ninja cmTC_37b99 && [1/2] Building C object CMakeFiles/cmTC_37b99.dir/CheckSymbolExists.c.o
[2/2] Linking C executable cmTC_37b99


File /home/runner/work/MightyMike-Android/MightyMike-Android/android/app/.cxx/Debug/1h5k5w5j/arm64-v8a/CMakeFiles/CMakeTmp/CheckSymbolExists.c:
/* */
#include <float.h>
#include <iconv.h>
#include <inttypes.h>
#include <limits.h>
#include <malloc.h>
#include <math.h>
#include <memory.h>
#include <signal.h>
#include <stdarg.h>
#include <stdbool.h>
#include <stddef.h>
#include <stdint.h>
#include <stdio.h>
#include <stdlib.h>
#include <string.h>
#include <strings.h>
#include <sys/types.h>
#include <time.h>
#include <wchar.h>

int main(int argc, char** argv)
{
  (void)argv;
#ifndef atan2f
  return ((int*)(&atan2f))[argc];
#else
  (void)argc;
  return 0;
#endif
}
Determining if the atanf exist passed with the following output:
Change Dir: /home/runner/work/MightyMike-Android/MightyMike-Android/android/app/.cxx/Debug/1h5k5w5j/arm64-v8a/CMakeFiles/CMakeTmp

Run Build Command(s):/usr/local/lib/android/sdk/cmake/3.22.1/bin/ninja cmTC_ea1d7 && [1/2] Building C object CMakeFiles/cmTC_ea1d7.dir/CheckSymbolExists.c.o
[2/2] Linking C executable cmTC_ea1d7


File /home/runner/work/MightyMike-Android/MightyMike-Android/android/app/.cxx/Debug/1h5k5w5j/arm64-v8a/CMakeFiles/CMakeTmp/CheckSymbolExists.c:
/* */
#include <float.h>
#include <iconv.h>
#include <inttypes.h>
#include <limits.h>
#include <malloc.h>
#include <math.h>
#include <memory.h>
#include <signal.h>
#include <stdarg.h>
#include <stdbool.h>
#include <stddef.h>
#include <stdint.h>
#include <stdio.h>
#include <stdlib.h>
#include <string.h>
#include <strings.h>
#include <sys/types.h>
#include <time.h>
#include <wchar.h>

int main(int argc, char** argv)
{
  (void)argv;
#ifndef atanf
  return ((int*)(&atanf))[argc];
#else
  (void)argc;
  return 0;
#endif
}
Determining if the atof exist passed with the following output:
Change Dir: /home/runner/work/MightyMike-Android/MightyMike-Android/android/app/.cxx/Debug/1h5k5w5j/arm64-v8a/CMakeFiles/CMakeTmp

Run Build Command(s):/usr/local/lib/android/sdk/cmake/3.22.1/bin/ninja cmTC_fa3e9 && [1/2] Building C object CMakeFiles/cmTC_fa3e9.dir/CheckSymbolExists.c.o
[2/2] Linking C executable cmTC_fa3e9


File /home/runner/work/MightyMike-Android/MightyMike-Android/android/app/.cxx/Debug/1h5k5w5j/arm64-v8a/CMakeFiles/CMakeTmp/CheckSymbolExists.c:
/* */
#include <float.h>
#include <iconv.h>
#include <inttypes.h>
#include <limits.h>
#include <malloc.h>
#include <math.h>
#include <memory.h>
#include <signal.h>
#include <stdarg.h>
#include <stdbool.h>
#include <stddef.h>
#include <stdint.h>
#include <stdio.h>
#include <stdlib.h>
#include <string.h>
#include <strings.h>
#include <sys/types.h>
#include <time.h>
#include <wchar.h>

int main(int argc, char** argv)
{
  (void)argv;
#ifndef atof
  return ((int*)(&atof))[argc];
#else
  (void)argc;
  return 0;
#endif
}
Determining if the atoi exist passed with the following output:
Change Dir: /home/runner/work/MightyMike-Android/MightyMike-Android/android/app/.cxx/Debug/1h5k5w5j/arm64-v8a/CMakeFiles/CMakeTmp

Run Build Command(s):/usr/local/lib/android/sdk/cmake/3.22.1/bin/ninja cmTC_fdec6 && [1/2] Building C object CMakeFiles/cmTC_fdec6.dir/CheckSymbolExists.c.o
[2/2] Linking C executable cmTC_fdec6


File /home/runner/work/MightyMike-Android/MightyMike-Android/android/app/.cxx/Debug/1h5k5w5j/arm64-v8a/CMakeFiles/CMakeTmp/CheckSymbolExists.c:
/* */
#include <float.h>
#include <iconv.h>
#include <inttypes.h>
#include <limits.h>
#include <malloc.h>
#include <math.h>
#include <memory.h>
#include <signal.h>
#include <stdarg.h>
#include <stdbool.h>
#include <stddef.h>
#include <stdint.h>
#include <stdio.h>
#include <stdlib.h>
#include <string.h>
#include <strings.h>
#include <sys/types.h>
#include <time.h>
#include <wchar.h>

int main(int argc, char** argv)
{
  (void)argv;
#ifndef atoi
  return ((int*)(&atoi))[argc];
#else
  (void)argc;
  return 0;
#endif
}
Determining if the bcopy exist passed with the following output:
Change Dir: /home/runner/work/MightyMike-Android/MightyMike-Android/android/app/.cxx/Debug/1h5k5w5j/arm64-v8a/CMakeFiles/CMakeTmp

Run Build Command(s):/usr/local/lib/android/sdk/cmake/3.22.1/bin/ninja cmTC_1a85c && [1/2] Building C object CMakeFiles/cmTC_1a85c.dir/CheckSymbolExists.c.o
[2/2] Linking C executable cmTC_1a85c


File /home/runner/work/MightyMike-Android/MightyMike-Android/android/app/.cxx/Debug/1h5k5w5j/arm64-v8a/CMakeFiles/CMakeTmp/CheckSymbolExists.c:
/* */
#include <float.h>
#include <iconv.h>
#include <inttypes.h>
#include <limits.h>
#include <malloc.h>
#include <math.h>
#include <memory.h>
#include <signal.h>
#include <stdarg.h>
#include <stdbool.h>
#include <stddef.h>
#include <stdint.h>
#include <stdio.h>
#include <stdlib.h>
#include <string.h>
#include <strings.h>
#include <sys/types.h>
#include <time.h>
#include <wchar.h>

int main(int argc, char** argv)
{
  (void)argv;
#ifndef bcopy
  return ((int*)(&bcopy))[argc];
#else
  (void)argc;
  return 0;
#endif
}
Determining if the ceil exist passed with the following output:
Change Dir: /home/runner/work/MightyMike-Android/MightyMike-Android/android/app/.cxx/Debug/1h5k5w5j/arm64-v8a/CMakeFiles/CMakeTmp

Run Build Command(s):/usr/local/lib/android/sdk/cmake/3.22.1/bin/ninja cmTC_9fa46 && [1/2] Building C object CMakeFiles/cmTC_9fa46.dir/CheckSymbolExists.c.o
[2/2] Linking C executable cmTC_9fa46


File /home/runner/work/MightyMike-Android/MightyMike-Android/android/app/.cxx/Debug/1h5k5w5j/arm64-v8a/CMakeFiles/CMakeTmp/CheckSymbolExists.c:
/* */
#include <float.h>
#include <iconv.h>
#include <inttypes.h>
#include <limits.h>
#include <malloc.h>
#include <math.h>
#include <memory.h>
#include <signal.h>
#include <stdarg.h>
#include <stdbool.h>
#include <stddef.h>
#include <stdint.h>
#include <stdio.h>
#include <stdlib.h>
#include <string.h>
#include <strings.h>
#include <sys/types.h>
#include <time.h>
#include <wchar.h>

int main(int argc, char** argv)
{
  (void)argv;
#ifndef ceil
  return ((int*)(&ceil))[argc];
#else
  (void)argc;
  return 0;
#endif
}
Determining if the ceilf exist passed with the following output:
Change Dir: /home/runner/work/MightyMike-Android/MightyMike-Android/android/app/.cxx/Debug/1h5k5w5j/arm64-v8a/CMakeFiles/CMakeTmp

Run Build Command(s):/usr/local/lib/android/sdk/cmake/3.22.1/bin/ninja cmTC_bddb3 && [1/2] Building C object CMakeFiles/cmTC_bddb3.dir/CheckSymbolExists.c.o
[2/2] Linking C executable cmTC_bddb3


File /home/runner/work/MightyMike-Android/MightyMike-Android/android/app/.cxx/Debug/1h5k5w5j/arm64-v8a/CMakeFiles/CMakeTmp/CheckSymbolExists.c:
/* */
#include <float.h>
#include <iconv.h>
#include <inttypes.h>
#include <limits.h>
#include <malloc.h>
#include <math.h>
#include <memory.h>
#include <signal.h>
#include <stdarg.h>
#include <stdbool.h>
#include <stddef.h>
#include <stdint.h>
#include <stdio.h>
#include <stdlib.h>
#include <string.h>
#include <strings.h>
#include <sys/types.h>
#include <time.h>
#include <wchar.h>

int main(int argc, char** argv)
{
  (void)argv;
#ifndef ceilf
  return ((int*)(&ceilf))[argc];
#else
  (void)argc;
  return 0;
#endif
}
Determining if the copysign exist passed with the following output:
Change Dir: /home/runner/work/MightyMike-Android/MightyMike-Android/android/app/.cxx/Debug/1h5k5w5j/arm64-v8a/CMakeFiles/CMakeTmp

Run Build Command(s):/usr/local/lib/android/sdk/cmake/3.22.1/bin/ninja cmTC_469a9 && [1/2] Building C object CMakeFiles/cmTC_469a9.dir/CheckSymbolExists.c.o
[2/2] Linking C executable cmTC_469a9


File /home/runner/work/MightyMike-Android/MightyMike-Android/android/app/.cxx/Debug/1h5k5w5j/arm64-v8a/CMakeFiles/CMakeTmp/CheckSymbolExists.c:
/* */
#include <float.h>
#include <iconv.h>
#include <inttypes.h>
#include <limits.h>
#include <malloc.h>
#include <math.h>
#include <memory.h>
#include <signal.h>
#include <stdarg.h>
#include <stdbool.h>
#include <stddef.h>
#include <stdint.h>
#include <stdio.h>
#include <stdlib.h>
#include <string.h>
#include <strings.h>
#include <sys/types.h>
#include <time.h>
#include <wchar.h>

int main(int argc, char** argv)
{
  (void)argv;
#ifndef copysign
  return ((int*)(&copysign))[argc];
#else
  (void)argc;
  return 0;
#endif
}
Determining if the copysignf exist passed with the following output:
Change Dir: /home/runner/work/MightyMike-Android/MightyMike-Android/android/app/.cxx/Debug/1h5k5w5j/arm64-v8a/CMakeFiles/CMakeTmp

Run Build Command(s):/usr/local/lib/android/sdk/cmake/3.22.1/bin/ninja cmTC_df5ae && [1/2] Building C object CMakeFiles/cmTC_df5ae.dir/CheckSymbolExists.c.o
[2/2] Linking C executable cmTC_df5ae


File /home/runner/work/MightyMike-Android/MightyMike-Android/android/app/.cxx/Debug/1h5k5w5j/arm64-v8a/CMakeFiles/CMakeTmp/CheckSymbolExists.c:
/* */
#include <float.h>
#include <iconv.h>
#include <inttypes.h>
#include <limits.h>
#include <malloc.h>
#include <math.h>
#include <memory.h>
#include <signal.h>
#include <stdarg.h>
#include <stdbool.h>
#include <stddef.h>
#include <stdint.h>
#include <stdio.h>
#include <stdlib.h>
#include <string.h>
#include <strings.h>
#include <sys/types.h>
#include <time.h>
#include <wchar.h>

int main(int argc, char** argv)
{
  (void)argv;
#ifndef copysignf
  return ((int*)(&copysignf))[argc];
#else
  (void)argc;
  return 0;
#endif
}
Determining if the cos exist passed with the following output:
Change Dir: /home/runner/work/MightyMike-Android/MightyMike-Android/android/app/.cxx/Debug/1h5k5w5j/arm64-v8a/CMakeFiles/CMakeTmp

Run Build Command(s):/usr/local/lib/android/sdk/cmake/3.22.1/bin/ninja cmTC_cb41d && [1/2] Building C object CMakeFiles/cmTC_cb41d.dir/CheckSymbolExists.c.o
[2/2] Linking C executable cmTC_cb41d


File /home/runner/work/MightyMike-Android/MightyMike-Android/android/app/.cxx/Debug/1h5k5w5j/arm64-v8a/CMakeFiles/CMakeTmp/CheckSymbolExists.c:
/* */
#include <float.h>
#include <iconv.h>
#include <inttypes.h>
#include <limits.h>
#include <malloc.h>
#include <math.h>
#include <memory.h>
#include <signal.h>
#include <stdarg.h>
#include <stdbool.h>
#include <stddef.h>
#include <stdint.h>
#include <stdio.h>
#include <stdlib.h>
#include <string.h>
#include <strings.h>
#include <sys/types.h>
#include <time.h>
#include <wchar.h>

int main(int argc, char** argv)
{
  (void)argv;
#ifndef cos
  return ((int*)(&cos))[argc];
#else
  (void)argc;
  return 0;
#endif
}
Determining if the cosf exist passed with the following output:
Change Dir: /home/runner/work/MightyMike-Android/MightyMike-Android/android/app/.cxx/Debug/1h5k5w5j/arm64-v8a/CMakeFiles/CMakeTmp

Run Build Command(s):/usr/local/lib/android/sdk/cmake/3.22.1/bin/ninja cmTC_9381d && [1/2] Building C object CMakeFiles/cmTC_9381d.dir/CheckSymbolExists.c.o
[2/2] Linking C executable cmTC_9381d


File /home/runner/work/MightyMike-Android/MightyMike-Android/android/app/.cxx/Debug/1h5k5w5j/arm64-v8a/CMakeFiles/CMakeTmp/CheckSymbolExists.c:
/* */
#include <float.h>
#include <iconv.h>
#include <inttypes.h>
#include <limits.h>
#include <malloc.h>
#include <math.h>
#include <memory.h>
#include <signal.h>
#include <stdarg.h>
#include <stdbool.h>
#include <stddef.h>
#include <stdint.h>
#include <stdio.h>
#include <stdlib.h>
#include <string.h>
#include <strings.h>
#include <sys/types.h>
#include <time.h>
#include <wchar.h>

int main(int argc, char** argv)
{
  (void)argv;
#ifndef cosf
  return ((int*)(&cosf))[argc];
#else
  (void)argc;
  return 0;
#endif
}
Determining if the _Exit exist passed with the following output:
Change Dir: /home/runner/work/MightyMike-Android/MightyMike-Android/android/app/.cxx/Debug/1h5k5w5j/arm64-v8a/CMakeFiles/CMakeTmp

Run Build Command(s):/usr/local/lib/android/sdk/cmake/3.22.1/bin/ninja cmTC_c326d && [1/2] Building C object CMakeFiles/cmTC_c326d.dir/CheckSymbolExists.c.o
[2/2] Linking C executable cmTC_c326d


File /home/runner/work/MightyMike-Android/MightyMike-Android/android/app/.cxx/Debug/1h5k5w5j/arm64-v8a/CMakeFiles/CMakeTmp/CheckSymbolExists.c:
/* */
#include <float.h>
#include <iconv.h>
#include <inttypes.h>
#include <limits.h>
#include <malloc.h>
#include <math.h>
#include <memory.h>
#include <signal.h>
#include <stdarg.h>
#include <stdbool.h>
#include <stddef.h>
#include <stdint.h>
#include <stdio.h>
#include <stdlib.h>
#include <string.h>
#include <strings.h>
#include <sys/types.h>
#include <time.h>
#include <wchar.h>

int main(int argc, char** argv)
{
  (void)argv;
#ifndef _Exit
  return ((int*)(&_Exit))[argc];
#else
  (void)argc;
  return 0;
#endif
}
Determining if the exp exist passed with the following output:
Change Dir: /home/runner/work/MightyMike-Android/MightyMike-Android/android/app/.cxx/Debug/1h5k5w5j/arm64-v8a/CMakeFiles/CMakeTmp

Run Build Command(s):/usr/local/lib/android/sdk/cmake/3.22.1/bin/ninja cmTC_ffb37 && [1/2] Building C object CMakeFiles/cmTC_ffb37.dir/CheckSymbolExists.c.o
[2/2] Linking C executable cmTC_ffb37


File /home/runner/work/MightyMike-Android/MightyMike-Android/android/app/.cxx/Debug/1h5k5w5j/arm64-v8a/CMakeFiles/CMakeTmp/CheckSymbolExists.c:
/* */
#include <float.h>
#include <iconv.h>
#include <inttypes.h>
#include <limits.h>
#include <malloc.h>
#include <math.h>
#include <memory.h>
#include <signal.h>
#include <stdarg.h>
#include <stdbool.h>
#include <stddef.h>
#include <stdint.h>
#include <stdio.h>
#include <stdlib.h>
#include <string.h>
#include <strings.h>
#include <sys/types.h>
#include <time.h>
#include <wchar.h>

int main(int argc, char** argv)
{
  (void)argv;
#ifndef exp
  return ((int*)(&exp))[argc];
#else
  (void)argc;
  return 0;
#endif
}
Determining if the expf exist passed with the following output:
Change Dir: /home/runner/work/MightyMike-Android/MightyMike-Android/android/app/.cxx/Debug/1h5k5w5j/arm64-v8a/CMakeFiles/CMakeTmp

Run Build Command(s):/usr/local/lib/android/sdk/cmake/3.22.1/bin/ninja cmTC_7b6d2 && [1/2] Building C object CMakeFiles/cmTC_7b6d2.dir/CheckSymbolExists.c.o
[2/2] Linking C executable cmTC_7b6d2


File /home/runner/work/MightyMike-Android/MightyMike-Android/android/app/.cxx/Debug/1h5k5w5j/arm64-v8a/CMakeFiles/CMakeTmp/CheckSymbolExists.c:
/* */
#include <float.h>
#include <iconv.h>
#include <inttypes.h>
#include <limits.h>
#include <malloc.h>
#include <math.h>
#include <memory.h>
#include <signal.h>
#include <stdarg.h>
#include <stdbool.h>
#include <stddef.h>
#include <stdint.h>
#include <stdio.h>
#include <stdlib.h>
#include <string.h>
#include <strings.h>
#include <sys/types.h>
#include <time.h>
#include <wchar.h>

int main(int argc, char** argv)
{
  (void)argv;
#ifndef expf
  return ((int*)(&expf))[argc];
#else
  (void)argc;
  return 0;
#endif
}
Determining if the fabs exist passed with the following output:
Change Dir: /home/runner/work/MightyMike-Android/MightyMike-Android/android/app/.cxx/Debug/1h5k5w5j/arm64-v8a/CMakeFiles/CMakeTmp

Run Build Command(s):/usr/local/lib/android/sdk/cmake/3.22.1/bin/ninja cmTC_21ba9 && [1/2] Building C object CMakeFiles/cmTC_21ba9.dir/CheckSymbolExists.c.o
[2/2] Linking C executable cmTC_21ba9


File /home/runner/work/MightyMike-Android/MightyMike-Android/android/app/.cxx/Debug/1h5k5w5j/arm64-v8a/CMakeFiles/CMakeTmp/CheckSymbolExists.c:
/* */
#include <float.h>
#include <iconv.h>
#include <inttypes.h>
#include <limits.h>
#include <malloc.h>
#include <math.h>
#include <memory.h>
#include <signal.h>
#include <stdarg.h>
#include <stdbool.h>
#include <stddef.h>
#include <stdint.h>
#include <stdio.h>
#include <stdlib.h>
#include <string.h>
#include <strings.h>
#include <sys/types.h>
#include <time.h>
#include <wchar.h>

int main(int argc, char** argv)
{
  (void)argv;
#ifndef fabs
  return ((int*)(&fabs))[argc];
#else
  (void)argc;
  return 0;
#endif
}
Determining if the fabsf exist passed with the following output:
Change Dir: /home/runner/work/MightyMike-Android/MightyMike-Android/android/app/.cxx/Debug/1h5k5w5j/arm64-v8a/CMakeFiles/CMakeTmp

Run Build Command(s):/usr/local/lib/android/sdk/cmake/3.22.1/bin/ninja cmTC_48513 && [1/2] Building C object CMakeFiles/cmTC_48513.dir/CheckSymbolExists.c.o
[2/2] Linking C executable cmTC_48513


File /home/runner/work/MightyMike-Android/MightyMike-Android/android/app/.cxx/Debug/1h5k5w5j/arm64-v8a/CMakeFiles/CMakeTmp/CheckSymbolExists.c:
/* */
#include <float.h>
#include <iconv.h>
#include <inttypes.h>
#include <limits.h>
#include <malloc.h>
#include <math.h>
#include <memory.h>
#include <signal.h>
#include <stdarg.h>
#include <stdbool.h>
#include <stddef.h>
#include <stdint.h>
#include <stdio.h>
#include <stdlib.h>
#include <string.h>
#include <strings.h>
#include <sys/types.h>
#include <time.h>
#include <wchar.h>

int main(int argc, char** argv)
{
  (void)argv;
#ifndef fabsf
  return ((int*)(&fabsf))[argc];
#else
  (void)argc;
  return 0;
#endif
}
Determining if the floor exist passed with the following output:
Change Dir: /home/runner/work/MightyMike-Android/MightyMike-Android/android/app/.cxx/Debug/1h5k5w5j/arm64-v8a/CMakeFiles/CMakeTmp

Run Build Command(s):/usr/local/lib/android/sdk/cmake/3.22.1/bin/ninja cmTC_b4f12 && [1/2] Building C object CMakeFiles/cmTC_b4f12.dir/CheckSymbolExists.c.o
[2/2] Linking C executable cmTC_b4f12


File /home/runner/work/MightyMike-Android/MightyMike-Android/android/app/.cxx/Debug/1h5k5w5j/arm64-v8a/CMakeFiles/CMakeTmp/CheckSymbolExists.c:
/* */
#include <float.h>
#include <iconv.h>
#include <inttypes.h>
#include <limits.h>
#include <malloc.h>
#include <math.h>
#include <memory.h>
#include <signal.h>
#include <stdarg.h>
#include <stdbool.h>
#include <stddef.h>
#include <stdint.h>
#include <stdio.h>
#include <stdlib.h>
#include <string.h>
#include <strings.h>
#include <sys/types.h>
#include <time.h>
#include <wchar.h>

int main(int argc, char** argv)
{
  (void)argv;
#ifndef floor
  return ((int*)(&floor))[argc];
#else
  (void)argc;
  return 0;
#endif
}
Determining if the floorf exist passed with the following output:
Change Dir: /home/runner/work/MightyMike-Android/MightyMike-Android/android/app/.cxx/Debug/1h5k5w5j/arm64-v8a/CMakeFiles/CMakeTmp

Run Build Command(s):/usr/local/lib/android/sdk/cmake/3.22.1/bin/ninja cmTC_6cf59 && [1/2] Building C object CMakeFiles/cmTC_6cf59.dir/CheckSymbolExists.c.o
[2/2] Linking C executable cmTC_6cf59


File /home/runner/work/MightyMike-Android/MightyMike-Android/android/app/.cxx/Debug/1h5k5w5j/arm64-v8a/CMakeFiles/CMakeTmp/CheckSymbolExists.c:
/* */
#include <float.h>
#include <iconv.h>
#include <inttypes.h>
#include <limits.h>
#include <malloc.h>
#include <math.h>
#include <memory.h>
#include <signal.h>
#include <stdarg.h>
#include <stdbool.h>
#include <stddef.h>
#include <stdint.h>
#include <stdio.h>
#include <stdlib.h>
#include <string.h>
#include <strings.h>
#include <sys/types.h>
#include <time.h>
#include <wchar.h>

int main(int argc, char** argv)
{
  (void)argv;
#ifndef floorf
  return ((int*)(&floorf))[argc];
#else
  (void)argc;
  return 0;
#endif
}
Determining if the fmod exist passed with the following output:
Change Dir: /home/runner/work/MightyMike-Android/MightyMike-Android/android/app/.cxx/Debug/1h5k5w5j/arm64-v8a/CMakeFiles/CMakeTmp

Run Build Command(s):/usr/local/lib/android/sdk/cmake/3.22.1/bin/ninja cmTC_9ef50 && [1/2] Building C object CMakeFiles/cmTC_9ef50.dir/CheckSymbolExists.c.o
[2/2] Linking C executable cmTC_9ef50


File /home/runner/work/MightyMike-Android/MightyMike-Android/android/app/.cxx/Debug/1h5k5w5j/arm64-v8a/CMakeFiles/CMakeTmp/CheckSymbolExists.c:
/* */
#include <float.h>
#include <iconv.h>
#include <inttypes.h>
#include <limits.h>
#include <malloc.h>
#include <math.h>
#include <memory.h>
#include <signal.h>
#include <stdarg.h>
#include <stdbool.h>
#include <stddef.h>
#include <stdint.h>
#include <stdio.h>
#include <stdlib.h>
#include <string.h>
#include <strings.h>
#include <sys/types.h>
#include <time.h>
#include <wchar.h>

int main(int argc, char** argv)
{
  (void)argv;
#ifndef fmod
  return ((int*)(&fmod))[argc];
#else
  (void)argc;
  return 0;
#endif
}
Determining if the fmodf exist passed with the following output:
Change Dir: /home/runner/work/MightyMike-Android/MightyMike-Android/android/app/.cxx/Debug/1h5k5w5j/arm64-v8a/CMakeFiles/CMakeTmp

Run Build Command(s):/usr/local/lib/android/sdk/cmake/3.22.1/bin/ninja cmTC_b9936 && [1/2] Building C object CMakeFiles/cmTC_b9936.dir/CheckSymbolExists.c.o
[2/2] Linking C executable cmTC_b9936


File /home/runner/work/MightyMike-Android/MightyMike-Android/android/app/.cxx/Debug/1h5k5w5j/arm64-v8a/CMakeFiles/CMakeTmp/CheckSymbolExists.c:
/* */
#include <float.h>
#include <iconv.h>
#include <inttypes.h>
#include <limits.h>
#include <malloc.h>
#include <math.h>
#include <memory.h>
#include <signal.h>
#include <stdarg.h>
#include <stdbool.h>
#include <stddef.h>
#include <stdint.h>
#include <stdio.h>
#include <stdlib.h>
#include <string.h>
#include <strings.h>
#include <sys/types.h>
#include <time.h>
#include <wchar.h>

int main(int argc, char** argv)
{
  (void)argv;
#ifndef fmodf
  return ((int*)(&fmodf))[argc];
#else
  (void)argc;
  return 0;
#endif
}
Determining if the fopen64 exist passed with the following output:
Change Dir: /home/runner/work/MightyMike-Android/MightyMike-Android/android/app/.cxx/Debug/1h5k5w5j/arm64-v8a/CMakeFiles/CMakeTmp

Run Build Command(s):/usr/local/lib/android/sdk/cmake/3.22.1/bin/ninja cmTC_5916f && [1/2] Building C object CMakeFiles/cmTC_5916f.dir/CheckSymbolExists.c.o
[2/2] Linking C executable cmTC_5916f


File /home/runner/work/MightyMike-Android/MightyMike-Android/android/app/.cxx/Debug/1h5k5w5j/arm64-v8a/CMakeFiles/CMakeTmp/CheckSymbolExists.c:
/* */
#include <float.h>
#include <iconv.h>
#include <inttypes.h>
#include <limits.h>
#include <malloc.h>
#include <math.h>
#include <memory.h>
#include <signal.h>
#include <stdarg.h>
#include <stdbool.h>
#include <stddef.h>
#include <stdint.h>
#include <stdio.h>
#include <stdlib.h>
#include <string.h>
#include <strings.h>
#include <sys/types.h>
#include <time.h>
#include <wchar.h>

int main(int argc, char** argv)
{
  (void)argv;
#ifndef fopen64
  return ((int*)(&fopen64))[argc];
#else
  (void)argc;
  return 0;
#endif
}
Determining if the fseeko exist passed with the following output:
Change Dir: /home/runner/work/MightyMike-Android/MightyMike-Android/android/app/.cxx/Debug/1h5k5w5j/arm64-v8a/CMakeFiles/CMakeTmp

Run Build Command(s):/usr/local/lib/android/sdk/cmake/3.22.1/bin/ninja cmTC_2afd2 && [1/2] Building C object CMakeFiles/cmTC_2afd2.dir/CheckSymbolExists.c.o
[2/2] Linking C executable cmTC_2afd2


File /home/runner/work/MightyMike-Android/MightyMike-Android/android/app/.cxx/Debug/1h5k5w5j/arm64-v8a/CMakeFiles/CMakeTmp/CheckSymbolExists.c:
/* */
#include <float.h>
#include <iconv.h>
#include <inttypes.h>
#include <limits.h>
#include <malloc.h>
#include <math.h>
#include <memory.h>
#include <signal.h>
#include <stdarg.h>
#include <stdbool.h>
#include <stddef.h>
#include <stdint.h>
#include <stdio.h>
#include <stdlib.h>
#include <string.h>
#include <strings.h>
#include <sys/types.h>
#include <time.h>
#include <wchar.h>

int main(int argc, char** argv)
{
  (void)argv;
#ifndef fseeko
  return ((int*)(&fseeko))[argc];
#else
  (void)argc;
  return 0;
#endif
}
Determining if the fseeko64 exist passed with the following output:
Change Dir: /home/runner/work/MightyMike-Android/MightyMike-Android/android/app/.cxx/Debug/1h5k5w5j/arm64-v8a/CMakeFiles/CMakeTmp

Run Build Command(s):/usr/local/lib/android/sdk/cmake/3.22.1/bin/ninja cmTC_6be56 && [1/2] Building C object CMakeFiles/cmTC_6be56.dir/CheckSymbolExists.c.o
[2/2] Linking C executable cmTC_6be56


File /home/runner/work/MightyMike-Android/MightyMike-Android/android/app/.cxx/Debug/1h5k5w5j/arm64-v8a/CMakeFiles/CMakeTmp/CheckSymbolExists.c:
/* */
#include <float.h>
#include <iconv.h>
#include <inttypes.h>
#include <limits.h>
#include <malloc.h>
#include <math.h>
#include <memory.h>
#include <signal.h>
#include <stdarg.h>
#include <stdbool.h>
#include <stddef.h>
#include <stdint.h>
#include <stdio.h>
#include <stdlib.h>
#include <string.h>
#include <strings.h>
#include <sys/types.h>
#include <time.h>
#include <wchar.h>

int main(int argc, char** argv)
{
  (void)argv;
#ifndef fseeko64
  return ((int*)(&fseeko64))[argc];
#else
  (void)argc;
  return 0;
#endif
}
Determining if the getenv exist passed with the following output:
Change Dir: /home/runner/work/MightyMike-Android/MightyMike-Android/android/app/.cxx/Debug/1h5k5w5j/arm64-v8a/CMakeFiles/CMakeTmp

Run Build Command(s):/usr/local/lib/android/sdk/cmake/3.22.1/bin/ninja cmTC_50fd9 && [1/2] Building C object CMakeFiles/cmTC_50fd9.dir/CheckSymbolExists.c.o
[2/2] Linking C executable cmTC_50fd9


File /home/runner/work/MightyMike-Android/MightyMike-Android/android/app/.cxx/Debug/1h5k5w5j/arm64-v8a/CMakeFiles/CMakeTmp/CheckSymbolExists.c:
/* */
#include <float.h>
#include <iconv.h>
#include <inttypes.h>
#include <limits.h>
#include <malloc.h>
#include <math.h>
#include <memory.h>
#include <signal.h>
#include <stdarg.h>
#include <stdbool.h>
#include <stddef.h>
#include <stdint.h>
#include <stdio.h>
#include <stdlib.h>
#include <string.h>
#include <strings.h>
#include <sys/types.h>
#include <time.h>
#include <wchar.h>

int main(int argc, char** argv)
{
  (void)argv;
#ifndef getenv
  return ((int*)(&getenv))[argc];
#else
  (void)argc;
  return 0;
#endif
}
Determining if the log exist passed with the following output:
Change Dir: /home/runner/work/MightyMike-Android/MightyMike-Android/android/app/.cxx/Debug/1h5k5w5j/arm64-v8a/CMakeFiles/CMakeTmp

Run Build Command(s):/usr/local/lib/android/sdk/cmake/3.22.1/bin/ninja cmTC_52d6f && [1/2] Building C object CMakeFiles/cmTC_52d6f.dir/CheckSymbolExists.c.o
[2/2] Linking C executable cmTC_52d6f


File /home/runner/work/MightyMike-Android/MightyMike-Android/android/app/.cxx/Debug/1h5k5w5j/arm64-v8a/CMakeFiles/CMakeTmp/CheckSymbolExists.c:
/* */
#include <float.h>
#include <iconv.h>
#include <inttypes.h>
#include <limits.h>
#include <malloc.h>
#include <math.h>
#include <memory.h>
#include <signal.h>
#include <stdarg.h>
#include <stdbool.h>
#include <stddef.h>
#include <stdint.h>
#include <stdio.h>
#include <stdlib.h>
#include <string.h>
#include <strings.h>
#include <sys/types.h>
#include <time.h>
#include <wchar.h>

int main(int argc, char** argv)
{
  (void)argv;
#ifndef log
  return ((int*)(&log))[argc];
#else
  (void)argc;
  return 0;
#endif
}
Determining if the log10 exist passed with the following output:
Change Dir: /home/runner/work/MightyMike-Android/MightyMike-Android/android/app/.cxx/Debug/1h5k5w5j/arm64-v8a/CMakeFiles/CMakeTmp

Run Build Command(s):/usr/local/lib/android/sdk/cmake/3.22.1/bin/ninja cmTC_fdcca && [1/2] Building C object CMakeFiles/cmTC_fdcca.dir/CheckSymbolExists.c.o
[2/2] Linking C executable cmTC_fdcca


File /home/runner/work/MightyMike-Android/MightyMike-Android/android/app/.cxx/Debug/1h5k5w5j/arm64-v8a/CMakeFiles/CMakeTmp/CheckSymbolExists.c:
/* */
#include <float.h>
#include <iconv.h>
#include <inttypes.h>
#include <limits.h>
#include <malloc.h>
#include <math.h>
#include <memory.h>
#include <signal.h>
#include <stdarg.h>
#include <stdbool.h>
#include <stddef.h>
#include <stdint.h>
#include <stdio.h>
#include <stdlib.h>
#include <string.h>
#include <strings.h>
#include <sys/types.h>
#include <time.h>
#include <wchar.h>

int main(int argc, char** argv)
{
  (void)argv;
#ifndef log10
  return ((int*)(&log10))[argc];
#else
  (void)argc;
  return 0;
#endif
}
Determining if the log10f exist passed with the following output:
Change Dir: /home/runner/work/MightyMike-Android/MightyMike-Android/android/app/.cxx/Debug/1h5k5w5j/arm64-v8a/CMakeFiles/CMakeTmp

Run Build Command(s):/usr/local/lib/android/sdk/cmake/3.22.1/bin/ninja cmTC_bd4dd && [1/2] Building C object CMakeFiles/cmTC_bd4dd.dir/CheckSymbolExists.c.o
[2/2] Linking C executable cmTC_bd4dd


File /home/runner/work/MightyMike-Android/MightyMike-Android/android/app/.cxx/Debug/1h5k5w5j/arm64-v8a/CMakeFiles/CMakeTmp/CheckSymbolExists.c:
/* */
#include <float.h>
#include <iconv.h>
#include <inttypes.h>
#include <limits.h>
#include <malloc.h>
#include <math.h>
#include <memory.h>
#include <signal.h>
#include <stdarg.h>
#include <stdbool.h>
#include <stddef.h>
#include <stdint.h>
#include <stdio.h>
#include <stdlib.h>
#include <string.h>
#include <strings.h>
#include <sys/types.h>
#include <time.h>
#include <wchar.h>

int main(int argc, char** argv)
{
  (void)argv;
#ifndef log10f
  return ((int*)(&log10f))[argc];
#else
  (void)argc;
  return 0;
#endif
}
Determining if the logf exist passed with the following output:
Change Dir: /home/runner/work/MightyMike-Android/MightyMike-Android/android/app/.cxx/Debug/1h5k5w5j/arm64-v8a/CMakeFiles/CMakeTmp

Run Build Command(s):/usr/local/lib/android/sdk/cmake/3.22.1/bin/ninja cmTC_7f606 && [1/2] Building C object CMakeFiles/cmTC_7f606.dir/CheckSymbolExists.c.o
[2/2] Linking C executable cmTC_7f606


File /home/runner/work/MightyMike-Android/MightyMike-Android/android/app/.cxx/Debug/1h5k5w5j/arm64-v8a/CMakeFiles/CMakeTmp/CheckSymbolExists.c:
/* */
#include <float.h>
#include <iconv.h>
#include <inttypes.h>
#include <limits.h>
#include <malloc.h>
#include <math.h>
#include <memory.h>
#include <signal.h>
#include <stdarg.h>
#include <stdbool.h>
#include <stddef.h>
#include <stdint.h>
#include <stdio.h>
#include <stdlib.h>
#include <string.h>
#include <strings.h>
#include <sys/types.h>
#include <time.h>
#include <wchar.h>

int main(int argc, char** argv)
{
  (void)argv;
#ifndef logf
  return ((int*)(&logf))[argc];
#else
  (void)argc;
  return 0;
#endif
}
Determining if the lround exist passed with the following output:
Change Dir: /home/runner/work/MightyMike-Android/MightyMike-Android/android/app/.cxx/Debug/1h5k5w5j/arm64-v8a/CMakeFiles/CMakeTmp

Run Build Command(s):/usr/local/lib/android/sdk/cmake/3.22.1/bin/ninja cmTC_54740 && [1/2] Building C object CMakeFiles/cmTC_54740.dir/CheckSymbolExists.c.o
[2/2] Linking C executable cmTC_54740


File /home/runner/work/MightyMike-Android/MightyMike-Android/android/app/.cxx/Debug/1h5k5w5j/arm64-v8a/CMakeFiles/CMakeTmp/CheckSymbolExists.c:
/* */
#include <float.h>
#include <iconv.h>
#include <inttypes.h>
#include <limits.h>
#include <malloc.h>
#include <math.h>
#include <memory.h>
#include <signal.h>
#include <stdarg.h>
#include <stdbool.h>
#include <stddef.h>
#include <stdint.h>
#include <stdio.h>
#include <stdlib.h>
#include <string.h>
#include <strings.h>
#include <sys/types.h>
#include <time.h>
#include <wchar.h>

int main(int argc, char** argv)
{
  (void)argv;
#ifndef lround
  return ((int*)(&lround))[argc];
#else
  (void)argc;
  return 0;
#endif
}
Determining if the lroundf exist passed with the following output:
Change Dir: /home/runner/work/MightyMike-Android/MightyMike-Android/android/app/.cxx/Debug/1h5k5w5j/arm64-v8a/CMakeFiles/CMakeTmp

Run Build Command(s):/usr/local/lib/android/sdk/cmake/3.22.1/bin/ninja cmTC_056f7 && [1/2] Building C object CMakeFiles/cmTC_056f7.dir/CheckSymbolExists.c.o
[2/2] Linking C executable cmTC_056f7


File /home/runner/work/MightyMike-Android/MightyMike-Android/android/app/.cxx/Debug/1h5k5w5j/arm64-v8a/CMakeFiles/CMakeTmp/CheckSymbolExists.c:
/* */
#include <float.h>
#include <iconv.h>
#include <inttypes.h>
#include <limits.h>
#include <malloc.h>
#include <math.h>
#include <memory.h>
#include <signal.h>
#include <stdarg.h>
#include <stdbool.h>
#include <stddef.h>
#include <stdint.h>
#include <stdio.h>
#include <stdlib.h>
#include <string.h>
#include <strings.h>
#include <sys/types.h>
#include <time.h>
#include <wchar.h>

int main(int argc, char** argv)
{
  (void)argv;
#ifndef lroundf
  return ((int*)(&lroundf))[argc];
#else
  (void)argc;
  return 0;
#endif
}
Determining if the malloc exist passed with the following output:
Change Dir: /home/runner/work/MightyMike-Android/MightyMike-Android/android/app/.cxx/Debug/1h5k5w5j/arm64-v8a/CMakeFiles/CMakeTmp

Run Build Command(s):/usr/local/lib/android/sdk/cmake/3.22.1/bin/ninja cmTC_52ec3 && [1/2] Building C object CMakeFiles/cmTC_52ec3.dir/CheckSymbolExists.c.o
[2/2] Linking C executable cmTC_52ec3


File /home/runner/work/MightyMike-Android/MightyMike-Android/android/app/.cxx/Debug/1h5k5w5j/arm64-v8a/CMakeFiles/CMakeTmp/CheckSymbolExists.c:
/* */
#include <float.h>
#include <iconv.h>
#include <inttypes.h>
#include <limits.h>
#include <malloc.h>
#include <math.h>
#include <memory.h>
#include <signal.h>
#include <stdarg.h>
#include <stdbool.h>
#include <stddef.h>
#include <stdint.h>
#include <stdio.h>
#include <stdlib.h>
#include <string.h>
#include <strings.h>
#include <sys/types.h>
#include <time.h>
#include <wchar.h>

int main(int argc, char** argv)
{
  (void)argv;
#ifndef malloc
  return ((int*)(&malloc))[argc];
#else
  (void)argc;
  return 0;
#endif
}
Determining if the memcmp exist passed with the following output:
Change Dir: /home/runner/work/MightyMike-Android/MightyMike-Android/android/app/.cxx/Debug/1h5k5w5j/arm64-v8a/CMakeFiles/CMakeTmp

Run Build Command(s):/usr/local/lib/android/sdk/cmake/3.22.1/bin/ninja cmTC_62972 && [1/2] Building C object CMakeFiles/cmTC_62972.dir/CheckSymbolExists.c.o
[2/2] Linking C executable cmTC_62972


File /home/runner/work/MightyMike-Android/MightyMike-Android/android/app/.cxx/Debug/1h5k5w5j/arm64-v8a/CMakeFiles/CMakeTmp/CheckSymbolExists.c:
/* */
#include <float.h>
#include <iconv.h>
#include <inttypes.h>
#include <limits.h>
#include <malloc.h>
#include <math.h>
#include <memory.h>
#include <signal.h>
#include <stdarg.h>
#include <stdbool.h>
#include <stddef.h>
#include <stdint.h>
#include <stdio.h>
#include <stdlib.h>
#include <string.h>
#include <strings.h>
#include <sys/types.h>
#include <time.h>
#include <wchar.h>

int main(int argc, char** argv)
{
  (void)argv;
#ifndef memcmp
  return ((int*)(&memcmp))[argc];
#else
  (void)argc;
  return 0;
#endif
}
Determining if the memcpy exist passed with the following output:
Change Dir: /home/runner/work/MightyMike-Android/MightyMike-Android/android/app/.cxx/Debug/1h5k5w5j/arm64-v8a/CMakeFiles/CMakeTmp

Run Build Command(s):/usr/local/lib/android/sdk/cmake/3.22.1/bin/ninja cmTC_44ca5 && [1/2] Building C object CMakeFiles/cmTC_44ca5.dir/CheckSymbolExists.c.o
[2/2] Linking C executable cmTC_44ca5


File /home/runner/work/MightyMike-Android/MightyMike-Android/android/app/.cxx/Debug/1h5k5w5j/arm64-v8a/CMakeFiles/CMakeTmp/CheckSymbolExists.c:
/* */
#include <float.h>
#include <iconv.h>
#include <inttypes.h>
#include <limits.h>
#include <malloc.h>
#include <math.h>
#include <memory.h>
#include <signal.h>
#include <stdarg.h>
#include <stdbool.h>
#include <stddef.h>
#include <stdint.h>
#include <stdio.h>
#include <stdlib.h>
#include <string.h>
#include <strings.h>
#include <sys/types.h>
#include <time.h>
#include <wchar.h>

int main(int argc, char** argv)
{
  (void)argv;
#ifndef memcpy
  return ((int*)(&memcpy))[argc];
#else
  (void)argc;
  return 0;
#endif
}
Determining if the memmove exist passed with the following output:
Change Dir: /home/runner/work/MightyMike-Android/MightyMike-Android/android/app/.cxx/Debug/1h5k5w5j/arm64-v8a/CMakeFiles/CMakeTmp

Run Build Command(s):/usr/local/lib/android/sdk/cmake/3.22.1/bin/ninja cmTC_9c086 && [1/2] Building C object CMakeFiles/cmTC_9c086.dir/CheckSymbolExists.c.o
[2/2] Linking C executable cmTC_9c086


File /home/runner/work/MightyMike-Android/MightyMike-Android/android/app/.cxx/Debug/1h5k5w5j/arm64-v8a/CMakeFiles/CMakeTmp/CheckSymbolExists.c:
/* */
#include <float.h>
#include <iconv.h>
#include <inttypes.h>
#include <limits.h>
#include <malloc.h>
#include <math.h>
#include <memory.h>
#include <signal.h>
#include <stdarg.h>
#include <stdbool.h>
#include <stddef.h>
#include <stdint.h>
#include <stdio.h>
#include <stdlib.h>
#include <string.h>
#include <strings.h>
#include <sys/types.h>
#include <time.h>
#include <wchar.h>

int main(int argc, char** argv)
{
  (void)argv;
#ifndef memmove
  return ((int*)(&memmove))[argc];
#else
  (void)argc;
  return 0;
#endif
}
Determining if the memset exist passed with the following output:
Change Dir: /home/runner/work/MightyMike-Android/MightyMike-Android/android/app/.cxx/Debug/1h5k5w5j/arm64-v8a/CMakeFiles/CMakeTmp

Run Build Command(s):/usr/local/lib/android/sdk/cmake/3.22.1/bin/ninja cmTC_9f73e && [1/2] Building C object CMakeFiles/cmTC_9f73e.dir/CheckSymbolExists.c.o
[2/2] Linking C executable cmTC_9f73e


File /home/runner/work/MightyMike-Android/MightyMike-Android/android/app/.cxx/Debug/1h5k5w5j/arm64-v8a/CMakeFiles/CMakeTmp/CheckSymbolExists.c:
/* */
#include <float.h>
#include <iconv.h>
#include <inttypes.h>
#include <limits.h>
#include <malloc.h>
#include <math.h>
#include <memory.h>
#include <signal.h>
#include <stdarg.h>
#include <stdbool.h>
#include <stddef.h>
#include <stdint.h>
#include <stdio.h>
#include <stdlib.h>
#include <string.h>
#include <strings.h>
#include <sys/types.h>
#include <time.h>
#include <wchar.h>

int main(int argc, char** argv)
{
  (void)argv;
#ifndef memset
  return ((int*)(&memset))[argc];
#else
  (void)argc;
  return 0;
#endif
}
Determining if the modf exist passed with the following output:
Change Dir: /home/runner/work/MightyMike-Android/MightyMike-Android/android/app/.cxx/Debug/1h5k5w5j/arm64-v8a/CMakeFiles/CMakeTmp

Run Build Command(s):/usr/local/lib/android/sdk/cmake/3.22.1/bin/ninja cmTC_530db && [1/2] Building C object CMakeFiles/cmTC_530db.dir/CheckSymbolExists.c.o
[2/2] Linking C executable cmTC_530db


File /home/runner/work/MightyMike-Android/MightyMike-Android/android/app/.cxx/Debug/1h5k5w5j/arm64-v8a/CMakeFiles/CMakeTmp/CheckSymbolExists.c:
/* */
#include <float.h>
#include <iconv.h>
#include <inttypes.h>
#include <limits.h>
#include <malloc.h>
#include <math.h>
#include <memory.h>
#include <signal.h>
#include <stdarg.h>
#include <stdbool.h>
#include <stddef.h>
#include <stdint.h>
#include <stdio.h>
#include <stdlib.h>
#include <string.h>
#include <strings.h>
#include <sys/types.h>
#include <time.h>
#include <wchar.h>

int main(int argc, char** argv)
{
  (void)argv;
#ifndef modf
  return ((int*)(&modf))[argc];
#else
  (void)argc;
  return 0;
#endif
}
Determining if the modff exist passed with the following output:
Change Dir: /home/runner/work/MightyMike-Android/MightyMike-Android/android/app/.cxx/Debug/1h5k5w5j/arm64-v8a/CMakeFiles/CMakeTmp

Run Build Command(s):/usr/local/lib/android/sdk/cmake/3.22.1/bin/ninja cmTC_57ac3 && [1/2] Building C object CMakeFiles/cmTC_57ac3.dir/CheckSymbolExists.c.o
[2/2] Linking C executable cmTC_57ac3


File /home/runner/work/MightyMike-Android/MightyMike-Android/android/app/.cxx/Debug/1h5k5w5j/arm64-v8a/CMakeFiles/CMakeTmp/CheckSymbolExists.c:
/* */
#include <float.h>
#include <iconv.h>
#include <inttypes.h>
#include <limits.h>
#include <malloc.h>
#include <math.h>
#include <memory.h>
#include <signal.h>
#include <stdarg.h>
#include <stdbool.h>
#include <stddef.h>
#include <stdint.h>
#include <stdio.h>
#include <stdlib.h>
#include <string.h>
#include <strings.h>
#include <sys/types.h>
#include <time.h>
#include <wchar.h>

int main(int argc, char** argv)
{
  (void)argv;
#ifndef modff
  return ((int*)(&modff))[argc];
#else
  (void)argc;
  return 0;
#endif
}
Determining if the pow exist passed with the following output:
Change Dir: /home/runner/work/MightyMike-Android/MightyMike-Android/android/app/.cxx/Debug/1h5k5w5j/arm64-v8a/CMakeFiles/CMakeTmp

Run Build Command(s):/usr/local/lib/android/sdk/cmake/3.22.1/bin/ninja cmTC_bcc82 && [1/2] Building C object CMakeFiles/cmTC_bcc82.dir/CheckSymbolExists.c.o
[2/2] Linking C executable cmTC_bcc82


File /home/runner/work/MightyMike-Android/MightyMike-Android/android/app/.cxx/Debug/1h5k5w5j/arm64-v8a/CMakeFiles/CMakeTmp/CheckSymbolExists.c:
/* */
#include <float.h>
#include <iconv.h>
#include <inttypes.h>
#include <limits.h>
#include <malloc.h>
#include <math.h>
#include <memory.h>
#include <signal.h>
#include <stdarg.h>
#include <stdbool.h>
#include <stddef.h>
#include <stdint.h>
#include <stdio.h>
#include <stdlib.h>
#include <string.h>
#include <strings.h>
#include <sys/types.h>
#include <time.h>
#include <wchar.h>

int main(int argc, char** argv)
{
  (void)argv;
#ifndef pow
  return ((int*)(&pow))[argc];
#else
  (void)argc;
  return 0;
#endif
}
Determining if the powf exist passed with the following output:
Change Dir: /home/runner/work/MightyMike-Android/MightyMike-Android/android/app/.cxx/Debug/1h5k5w5j/arm64-v8a/CMakeFiles/CMakeTmp

Run Build Command(s):/usr/local/lib/android/sdk/cmake/3.22.1/bin/ninja cmTC_0cfc5 && [1/2] Building C object CMakeFiles/cmTC_0cfc5.dir/CheckSymbolExists.c.o
[2/2] Linking C executable cmTC_0cfc5


File /home/runner/work/MightyMike-Android/MightyMike-Android/android/app/.cxx/Debug/1h5k5w5j/arm64-v8a/CMakeFiles/CMakeTmp/CheckSymbolExists.c:
/* */
#include <float.h>
#include <iconv.h>
#include <inttypes.h>
#include <limits.h>
#include <malloc.h>
#include <math.h>
#include <memory.h>
#include <signal.h>
#include <stdarg.h>
#include <stdbool.h>
#include <stddef.h>
#include <stdint.h>
#include <stdio.h>
#include <stdlib.h>
#include <string.h>
#include <strings.h>
#include <sys/types.h>
#include <time.h>
#include <wchar.h>

int main(int argc, char** argv)
{
  (void)argv;
#ifndef powf
  return ((int*)(&powf))[argc];
#else
  (void)argc;
  return 0;
#endif
}
Determining if the putenv exist passed with the following output:
Change Dir: /home/runner/work/MightyMike-Android/MightyMike-Android/android/app/.cxx/Debug/1h5k5w5j/arm64-v8a/CMakeFiles/CMakeTmp

Run Build Command(s):/usr/local/lib/android/sdk/cmake/3.22.1/bin/ninja cmTC_795b5 && [1/2] Building C object CMakeFiles/cmTC_795b5.dir/CheckSymbolExists.c.o
[2/2] Linking C executable cmTC_795b5


File /home/runner/work/MightyMike-Android/MightyMike-Android/android/app/.cxx/Debug/1h5k5w5j/arm64-v8a/CMakeFiles/CMakeTmp/CheckSymbolExists.c:
/* */
#include <float.h>
#include <iconv.h>
#include <inttypes.h>
#include <limits.h>
#include <malloc.h>
#include <math.h>
#include <memory.h>
#include <signal.h>
#include <stdarg.h>
#include <stdbool.h>
#include <stddef.h>
#include <stdint.h>
#include <stdio.h>
#include <stdlib.h>
#include <string.h>
#include <strings.h>
#include <sys/types.h>
#include <time.h>
#include <wchar.h>

int main(int argc, char** argv)
{
  (void)argv;
#ifndef putenv
  return ((int*)(&putenv))[argc];
#else
  (void)argc;
  return 0;
#endif
}
Determining if the round exist passed with the following output:
Change Dir: /home/runner/work/MightyMike-Android/MightyMike-Android/android/app/.cxx/Debug/1h5k5w5j/arm64-v8a/CMakeFiles/CMakeTmp

Run Build Command(s):/usr/local/lib/android/sdk/cmake/3.22.1/bin/ninja cmTC_6afdb && [1/2] Building C object CMakeFiles/cmTC_6afdb.dir/CheckSymbolExists.c.o
[2/2] Linking C executable cmTC_6afdb


File /home/runner/work/MightyMike-Android/MightyMike-Android/android/app/.cxx/Debug/1h5k5w5j/arm64-v8a/CMakeFiles/CMakeTmp/CheckSymbolExists.c:
/* */
#include <float.h>
#include <iconv.h>
#include <inttypes.h>
#include <limits.h>
#include <malloc.h>
#include <math.h>
#include <memory.h>
#include <signal.h>
#include <stdarg.h>
#include <stdbool.h>
#include <stddef.h>
#include <stdint.h>
#include <stdio.h>
#include <stdlib.h>
#include <string.h>
#include <strings.h>
#include <sys/types.h>
#include <time.h>
#include <wchar.h>

int main(int argc, char** argv)
{
  (void)argv;
#ifndef round
  return ((int*)(&round))[argc];
#else
  (void)argc;
  return 0;
#endif
}
Determining if the roundf exist passed with the following output:
Change Dir: /home/runner/work/MightyMike-Android/MightyMike-Android/android/app/.cxx/Debug/1h5k5w5j/arm64-v8a/CMakeFiles/CMakeTmp

Run Build Command(s):/usr/local/lib/android/sdk/cmake/3.22.1/bin/ninja cmTC_e0e5e && [1/2] Building C object CMakeFiles/cmTC_e0e5e.dir/CheckSymbolExists.c.o
[2/2] Linking C executable cmTC_e0e5e


File /home/runner/work/MightyMike-Android/MightyMike-Android/android/app/.cxx/Debug/1h5k5w5j/arm64-v8a/CMakeFiles/CMakeTmp/CheckSymbolExists.c:
/* */
#include <float.h>
#include <iconv.h>
#include <inttypes.h>
#include <limits.h>
#include <malloc.h>
#include <math.h>
#include <memory.h>
#include <signal.h>
#include <stdarg.h>
#include <stdbool.h>
#include <stddef.h>
#include <stdint.h>
#include <stdio.h>
#include <stdlib.h>
#include <string.h>
#include <strings.h>
#include <sys/types.h>
#include <time.h>
#include <wchar.h>

int main(int argc, char** argv)
{
  (void)argv;
#ifndef roundf
  return ((int*)(&roundf))[argc];
#else
  (void)argc;
  return 0;
#endif
}
Determining if the scalbn exist passed with the following output:
Change Dir: /home/runner/work/MightyMike-Android/MightyMike-Android/android/app/.cxx/Debug/1h5k5w5j/arm64-v8a/CMakeFiles/CMakeTmp

Run Build Command(s):/usr/local/lib/android/sdk/cmake/3.22.1/bin/ninja cmTC_78e13 && [1/2] Building C object CMakeFiles/cmTC_78e13.dir/CheckSymbolExists.c.o
[2/2] Linking C executable cmTC_78e13


File /home/runner/work/MightyMike-Android/MightyMike-Android/android/app/.cxx/Debug/1h5k5w5j/arm64-v8a/CMakeFiles/CMakeTmp/CheckSymbolExists.c:
/* */
#include <float.h>
#include <iconv.h>
#include <inttypes.h>
#include <limits.h>
#include <malloc.h>
#include <math.h>
#include <memory.h>
#include <signal.h>
#include <stdarg.h>
#include <stdbool.h>
#include <stddef.h>
#include <stdint.h>
#include <stdio.h>
#include <stdlib.h>
#include <string.h>
#include <strings.h>
#include <sys/types.h>
#include <time.h>
#include <wchar.h>

int main(int argc, char** argv)
{
  (void)argv;
#ifndef scalbn
  return ((int*)(&scalbn))[argc];
#else
  (void)argc;
  return 0;
#endif
}
Determining if the scalbnf exist passed with the following output:
Change Dir: /home/runner/work/MightyMike-Android/MightyMike-Android/android/app/.cxx/Debug/1h5k5w5j/arm64-v8a/CMakeFiles/CMakeTmp

Run Build Command(s):/usr/local/lib/android/sdk/cmake/3.22.1/bin/ninja cmTC_d277d && [1/2] Building C object CMakeFiles/cmTC_d277d.dir/CheckSymbolExists.c.o
[2/2] Linking C executable cmTC_d277d


File /home/runner/work/MightyMike-Android/MightyMike-Android/android/app/.cxx/Debug/1h5k5w5j/arm64-v8a/CMakeFiles/CMakeTmp/CheckSymbolExists.c:
/* */
#include <float.h>
#include <iconv.h>
#include <inttypes.h>
#include <limits.h>
#include <malloc.h>
#include <math.h>
#include <memory.h>
#include <signal.h>
#include <stdarg.h>
#include <stdbool.h>
#include <stddef.h>
#include <stdint.h>
#include <stdio.h>
#include <stdlib.h>
#include <string.h>
#include <strings.h>
#include <sys/types.h>
#include <time.h>
#include <wchar.h>

int main(int argc, char** argv)
{
  (void)argv;
#ifndef scalbnf
  return ((int*)(&scalbnf))[argc];
#else
  (void)argc;
  return 0;
#endif
}
Determining if the setenv exist passed with the following output:
Change Dir: /home/runner/work/MightyMike-Android/MightyMike-Android/android/app/.cxx/Debug/1h5k5w5j/arm64-v8a/CMakeFiles/CMakeTmp

Run Build Command(s):/usr/local/lib/android/sdk/cmake/3.22.1/bin/ninja cmTC_57cbd && [1/2] Building C object CMakeFiles/cmTC_57cbd.dir/CheckSymbolExists.c.o
[2/2] Linking C executable cmTC_57cbd


File /home/runner/work/MightyMike-Android/MightyMike-Android/android/app/.cxx/Debug/1h5k5w5j/arm64-v8a/CMakeFiles/CMakeTmp/CheckSymbolExists.c:
/* */
#include <float.h>
#include <iconv.h>
#include <inttypes.h>
#include <limits.h>
#include <malloc.h>
#include <math.h>
#include <memory.h>
#include <signal.h>
#include <stdarg.h>
#include <stdbool.h>
#include <stddef.h>
#include <stdint.h>
#include <stdio.h>
#include <stdlib.h>
#include <string.h>
#include <strings.h>
#include <sys/types.h>
#include <time.h>
#include <wchar.h>

int main(int argc, char** argv)
{
  (void)argv;
#ifndef setenv
  return ((int*)(&setenv))[argc];
#else
  (void)argc;
  return 0;
#endif
}
Determining if the sin exist passed with the following output:
Change Dir: /home/runner/work/MightyMike-Android/MightyMike-Android/android/app/.cxx/Debug/1h5k5w5j/arm64-v8a/CMakeFiles/CMakeTmp

Run Build Command(s):/usr/local/lib/android/sdk/cmake/3.22.1/bin/ninja cmTC_a70fc && [1/2] Building C object CMakeFiles/cmTC_a70fc.dir/CheckSymbolExists.c.o
[2/2] Linking C executable cmTC_a70fc


File /home/runner/work/MightyMike-Android/MightyMike-Android/android/app/.cxx/Debug/1h5k5w5j/arm64-v8a/CMakeFiles/CMakeTmp/CheckSymbolExists.c:
/* */
#include <float.h>
#include <iconv.h>
#include <inttypes.h>
#include <limits.h>
#include <malloc.h>
#include <math.h>
#include <memory.h>
#include <signal.h>
#include <stdarg.h>
#include <stdbool.h>
#include <stddef.h>
#include <stdint.h>
#include <stdio.h>
#include <stdlib.h>
#include <string.h>
#include <strings.h>
#include <sys/types.h>
#include <time.h>
#include <wchar.h>

int main(int argc, char** argv)
{
  (void)argv;
#ifndef sin
  return ((int*)(&sin))[argc];
#else
  (void)argc;
  return 0;
#endif
}
Determining if the sinf exist passed with the following output:
Change Dir: /home/runner/work/MightyMike-Android/MightyMike-Android/android/app/.cxx/Debug/1h5k5w5j/arm64-v8a/CMakeFiles/CMakeTmp

Run Build Command(s):/usr/local/lib/android/sdk/cmake/3.22.1/bin/ninja cmTC_28b92 && [1/2] Building C object CMakeFiles/cmTC_28b92.dir/CheckSymbolExists.c.o
[2/2] Linking C executable cmTC_28b92


File /home/runner/work/MightyMike-Android/MightyMike-Android/android/app/.cxx/Debug/1h5k5w5j/arm64-v8a/CMakeFiles/CMakeTmp/CheckSymbolExists.c:
/* */
#include <float.h>
#include <iconv.h>
#include <inttypes.h>
#include <limits.h>
#include <malloc.h>
#include <math.h>
#include <memory.h>
#include <signal.h>
#include <stdarg.h>
#include <stdbool.h>
#include <stddef.h>
#include <stdint.h>
#include <stdio.h>
#include <stdlib.h>
#include <string.h>
#include <strings.h>
#include <sys/types.h>
#include <time.h>
#include <wchar.h>

int main(int argc, char** argv)
{
  (void)argv;
#ifndef sinf
  return ((int*)(&sinf))[argc];
#else
  (void)argc;
  return 0;
#endif
}
Determining if the sqrt exist passed with the following output:
Change Dir: /home/runner/work/MightyMike-Android/MightyMike-Android/android/app/.cxx/Debug/1h5k5w5j/arm64-v8a/CMakeFiles/CMakeTmp

Run Build Command(s):/usr/local/lib/android/sdk/cmake/3.22.1/bin/ninja cmTC_02419 && [1/2] Building C object CMakeFiles/cmTC_02419.dir/CheckSymbolExists.c.o
[2/2] Linking C executable cmTC_02419


File /home/runner/work/MightyMike-Android/MightyMike-Android/android/app/.cxx/Debug/1h5k5w5j/arm64-v8a/CMakeFiles/CMakeTmp/CheckSymbolExists.c:
/* */
#include <float.h>
#include <iconv.h>
#include <inttypes.h>
#include <limits.h>
#include <malloc.h>
#include <math.h>
#include <memory.h>
#include <signal.h>
#include <stdarg.h>
#include <stdbool.h>
#include <stddef.h>
#include <stdint.h>
#include <stdio.h>
#include <stdlib.h>
#include <string.h>
#include <strings.h>
#include <sys/types.h>
#include <time.h>
#include <wchar.h>

int main(int argc, char** argv)
{
  (void)argv;
#ifndef sqrt
  return ((int*)(&sqrt))[argc];
#else
  (void)argc;
  return 0;
#endif
}
Determining if the sqrtf exist passed with the following output:
Change Dir: /home/runner/work/MightyMike-Android/MightyMike-Android/android/app/.cxx/Debug/1h5k5w5j/arm64-v8a/CMakeFiles/CMakeTmp

Run Build Command(s):/usr/local/lib/android/sdk/cmake/3.22.1/bin/ninja cmTC_2fdab && [1/2] Building C object CMakeFiles/cmTC_2fdab.dir/CheckSymbolExists.c.o
[2/2] Linking C executable cmTC_2fdab


File /home/runner/work/MightyMike-Android/MightyMike-Android/android/app/.cxx/Debug/1h5k5w5j/arm64-v8a/CMakeFiles/CMakeTmp/CheckSymbolExists.c:
/* */
#include <float.h>
#include <iconv.h>
#include <inttypes.h>
#include <limits.h>
#include <malloc.h>
#include <math.h>
#include <memory.h>
#include <signal.h>
#include <stdarg.h>
#include <stdbool.h>
#include <stddef.h>
#include <stdint.h>
#include <stdio.h>
#include <stdlib.h>
#include <string.h>
#include <strings.h>
#include <sys/types.h>
#include <time.h>
#include <wchar.h>

int main(int argc, char** argv)
{
  (void)argv;
#ifndef sqrtf
  return ((int*)(&sqrtf))[argc];
#else
  (void)argc;
  return 0;
#endif
}
Determining if the sscanf exist passed with the following output:
Change Dir: /home/runner/work/MightyMike-Android/MightyMike-Android/android/app/.cxx/Debug/1h5k5w5j/arm64-v8a/CMakeFiles/CMakeTmp

Run Build Command(s):/usr/local/lib/android/sdk/cmake/3.22.1/bin/ninja cmTC_5f909 && [1/2] Building C object CMakeFiles/cmTC_5f909.dir/CheckSymbolExists.c.o
[2/2] Linking C executable cmTC_5f909


File /home/runner/work/MightyMike-Android/MightyMike-Android/android/app/.cxx/Debug/1h5k5w5j/arm64-v8a/CMakeFiles/CMakeTmp/CheckSymbolExists.c:
/* */
#include <float.h>
#include <iconv.h>
#include <inttypes.h>
#include <limits.h>
#include <malloc.h>
#include <math.h>
#include <memory.h>
#include <signal.h>
#include <stdarg.h>
#include <stdbool.h>
#include <stddef.h>
#include <stdint.h>
#include <stdio.h>
#include <stdlib.h>
#include <string.h>
#include <strings.h>
#include <sys/types.h>
#include <time.h>
#include <wchar.h>

int main(int argc, char** argv)
{
  (void)argv;
#ifndef sscanf
  return ((int*)(&sscanf))[argc];
#else
  (void)argc;
  return 0;
#endif
}
Determining if the strchr exist passed with the following output:
Change Dir: /home/runner/work/MightyMike-Android/MightyMike-Android/android/app/.cxx/Debug/1h5k5w5j/arm64-v8a/CMakeFiles/CMakeTmp

Run Build Command(s):/usr/local/lib/android/sdk/cmake/3.22.1/bin/ninja cmTC_d091c && [1/2] Building C object CMakeFiles/cmTC_d091c.dir/CheckSymbolExists.c.o
[2/2] Linking C executable cmTC_d091c


File /home/runner/work/MightyMike-Android/MightyMike-Android/android/app/.cxx/Debug/1h5k5w5j/arm64-v8a/CMakeFiles/CMakeTmp/CheckSymbolExists.c:
/* */
#include <float.h>
#include <iconv.h>
#include <inttypes.h>
#include <limits.h>
#include <malloc.h>
#include <math.h>
#include <memory.h>
#include <signal.h>
#include <stdarg.h>
#include <stdbool.h>
#include <stddef.h>
#include <stdint.h>
#include <stdio.h>
#include <stdlib.h>
#include <string.h>
#include <strings.h>
#include <sys/types.h>
#include <time.h>
#include <wchar.h>

int main(int argc, char** argv)
{
  (void)argv;
#ifndef strchr
  return ((int*)(&strchr))[argc];
#else
  (void)argc;
  return 0;
#endif
}
Determining if the strcmp exist passed with the following output:
Change Dir: /home/runner/work/MightyMike-Android/MightyMike-Android/android/app/.cxx/Debug/1h5k5w5j/arm64-v8a/CMakeFiles/CMakeTmp

Run Build Command(s):/usr/local/lib/android/sdk/cmake/3.22.1/bin/ninja cmTC_ae3e5 && [1/2] Building C object CMakeFiles/cmTC_ae3e5.dir/CheckSymbolExists.c.o
[2/2] Linking C executable cmTC_ae3e5


File /home/runner/work/MightyMike-Android/MightyMike-Android/android/app/.cxx/Debug/1h5k5w5j/arm64-v8a/CMakeFiles/CMakeTmp/CheckSymbolExists.c:
/* */
#include <float.h>
#include <iconv.h>
#include <inttypes.h>
#include <limits.h>
#include <malloc.h>
#include <math.h>
#include <memory.h>
#include <signal.h>
#include <stdarg.h>
#include <stdbool.h>
#include <stddef.h>
#include <stdint.h>
#include <stdio.h>
#include <stdlib.h>
#include <string.h>
#include <strings.h>
#include <sys/types.h>
#include <time.h>
#include <wchar.h>

int main(int argc, char** argv)
{
  (void)argv;
#ifndef strcmp
  return ((int*)(&strcmp))[argc];
#else
  (void)argc;
  return 0;
#endif
}
Determining if the strlcat exist passed with the following output:
Change Dir: /home/runner/work/MightyMike-Android/MightyMike-Android/android/app/.cxx/Debug/1h5k5w5j/arm64-v8a/CMakeFiles/CMakeTmp

Run Build Command(s):/usr/local/lib/android/sdk/cmake/3.22.1/bin/ninja cmTC_76c39 && [1/2] Building C object CMakeFiles/cmTC_76c39.dir/CheckSymbolExists.c.o
[2/2] Linking C executable cmTC_76c39


File /home/runner/work/MightyMike-Android/MightyMike-Android/android/app/.cxx/Debug/1h5k5w5j/arm64-v8a/CMakeFiles/CMakeTmp/CheckSymbolExists.c:
/* */
#include <float.h>
#include <iconv.h>
#include <inttypes.h>
#include <limits.h>
#include <malloc.h>
#include <math.h>
#include <memory.h>
#include <signal.h>
#include <stdarg.h>
#include <stdbool.h>
#include <stddef.h>
#include <stdint.h>
#include <stdio.h>
#include <stdlib.h>
#include <string.h>
#include <strings.h>
#include <sys/types.h>
#include <time.h>
#include <wchar.h>

int main(int argc, char** argv)
{
  (void)argv;
#ifndef strlcat
  return ((int*)(&strlcat))[argc];
#else
  (void)argc;
  return 0;
#endif
}
Determining if the strlcpy exist passed with the following output:
Change Dir: /home/runner/work/MightyMike-Android/MightyMike-Android/android/app/.cxx/Debug/1h5k5w5j/arm64-v8a/CMakeFiles/CMakeTmp

Run Build Command(s):/usr/local/lib/android/sdk/cmake/3.22.1/bin/ninja cmTC_b31ea && [1/2] Building C object CMakeFiles/cmTC_b31ea.dir/CheckSymbolExists.c.o
[2/2] Linking C executable cmTC_b31ea


File /home/runner/work/MightyMike-Android/MightyMike-Android/android/app/.cxx/Debug/1h5k5w5j/arm64-v8a/CMakeFiles/CMakeTmp/CheckSymbolExists.c:
/* */
#include <float.h>
#include <iconv.h>
#include <inttypes.h>
#include <limits.h>
#include <malloc.h>
#include <math.h>
#include <memory.h>
#include <signal.h>
#include <stdarg.h>
#include <stdbool.h>
#include <stddef.h>
#include <stdint.h>
#include <stdio.h>
#include <stdlib.h>
#include <string.h>
#include <strings.h>
#include <sys/types.h>
#include <time.h>
#include <wchar.h>

int main(int argc, char** argv)
{
  (void)argv;
#ifndef strlcpy
  return ((int*)(&strlcpy))[argc];
#else
  (void)argc;
  return 0;
#endif
}
Determining if the strlen exist passed with the following output:
Change Dir: /home/runner/work/MightyMike-Android/MightyMike-Android/android/app/.cxx/Debug/1h5k5w5j/arm64-v8a/CMakeFiles/CMakeTmp

Run Build Command(s):/usr/local/lib/android/sdk/cmake/3.22.1/bin/ninja cmTC_5290e && [1/2] Building C object CMakeFiles/cmTC_5290e.dir/CheckSymbolExists.c.o
[2/2] Linking C executable cmTC_5290e


File /home/runner/work/MightyMike-Android/MightyMike-Android/android/app/.cxx/Debug/1h5k5w5j/arm64-v8a/CMakeFiles/CMakeTmp/CheckSymbolExists.c:
/* */
#include <float.h>
#include <iconv.h>
#include <inttypes.h>
#include <limits.h>
#include <malloc.h>
#include <math.h>
#include <memory.h>
#include <signal.h>
#include <stdarg.h>
#include <stdbool.h>
#include <stddef.h>
#include <stdint.h>
#include <stdio.h>
#include <stdlib.h>
#include <string.h>
#include <strings.h>
#include <sys/types.h>
#include <time.h>
#include <wchar.h>

int main(int argc, char** argv)
{
  (void)argv;
#ifndef strlen
  return ((int*)(&strlen))[argc];
#else
  (void)argc;
  return 0;
#endif
}
Determining if the strncmp exist passed with the following output:
Change Dir: /home/runner/work/MightyMike-Android/MightyMike-Android/android/app/.cxx/Debug/1h5k5w5j/arm64-v8a/CMakeFiles/CMakeTmp

Run Build Command(s):/usr/local/lib/android/sdk/cmake/3.22.1/bin/ninja cmTC_37566 && [1/2] Building C object CMakeFiles/cmTC_37566.dir/CheckSymbolExists.c.o
[2/2] Linking C executable cmTC_37566


File /home/runner/work/MightyMike-Android/MightyMike-Android/android/app/.cxx/Debug/1h5k5w5j/arm64-v8a/CMakeFiles/CMakeTmp/CheckSymbolExists.c:
/* */
#include <float.h>
#include <iconv.h>
#include <inttypes.h>
#include <limits.h>
#include <malloc.h>
#include <math.h>
#include <memory.h>
#include <signal.h>
#include <stdarg.h>
#include <stdbool.h>
#include <stddef.h>
#include <stdint.h>
#include <stdio.h>
#include <stdlib.h>
#include <string.h>
#include <strings.h>
#include <sys/types.h>
#include <time.h>
#include <wchar.h>

int main(int argc, char** argv)
{
  (void)argv;
#ifndef strncmp
  return ((int*)(&strncmp))[argc];
#else
  (void)argc;
  return 0;
#endif
}
Determining if the strnlen exist passed with the following output:
Change Dir: /home/runner/work/MightyMike-Android/MightyMike-Android/android/app/.cxx/Debug/1h5k5w5j/arm64-v8a/CMakeFiles/CMakeTmp

Run Build Command(s):/usr/local/lib/android/sdk/cmake/3.22.1/bin/ninja cmTC_874ac && [1/2] Building C object CMakeFiles/cmTC_874ac.dir/CheckSymbolExists.c.o
[2/2] Linking C executable cmTC_874ac


File /home/runner/work/MightyMike-Android/MightyMike-Android/android/app/.cxx/Debug/1h5k5w5j/arm64-v8a/CMakeFiles/CMakeTmp/CheckSymbolExists.c:
/* */
#include <float.h>
#include <iconv.h>
#include <inttypes.h>
#include <limits.h>
#include <malloc.h>
#include <math.h>
#include <memory.h>
#include <signal.h>
#include <stdarg.h>
#include <stdbool.h>
#include <stddef.h>
#include <stdint.h>
#include <stdio.h>
#include <stdlib.h>
#include <string.h>
#include <strings.h>
#include <sys/types.h>
#include <time.h>
#include <wchar.h>

int main(int argc, char** argv)
{
  (void)argv;
#ifndef strnlen
  return ((int*)(&strnlen))[argc];
#else
  (void)argc;
  return 0;
#endif
}
Determining if the strpbrk exist passed with the following output:
Change Dir: /home/runner/work/MightyMike-Android/MightyMike-Android/android/app/.cxx/Debug/1h5k5w5j/arm64-v8a/CMakeFiles/CMakeTmp

Run Build Command(s):/usr/local/lib/android/sdk/cmake/3.22.1/bin/ninja cmTC_58622 && [1/2] Building C object CMakeFiles/cmTC_58622.dir/CheckSymbolExists.c.o
[2/2] Linking C executable cmTC_58622


File /home/runner/work/MightyMike-Android/MightyMike-Android/android/app/.cxx/Debug/1h5k5w5j/arm64-v8a/CMakeFiles/CMakeTmp/CheckSymbolExists.c:
/* */
#include <float.h>
#include <iconv.h>
#include <inttypes.h>
#include <limits.h>
#include <malloc.h>
#include <math.h>
#include <memory.h>
#include <signal.h>
#include <stdarg.h>
#include <stdbool.h>
#include <stddef.h>
#include <stdint.h>
#include <stdio.h>
#include <stdlib.h>
#include <string.h>
#include <strings.h>
#include <sys/types.h>
#include <time.h>
#include <wchar.h>

int main(int argc, char** argv)
{
  (void)argv;
#ifndef strpbrk
  return ((int*)(&strpbrk))[argc];
#else
  (void)argc;
  return 0;
#endif
}
Determining if the strrchr exist passed with the following output:
Change Dir: /home/runner/work/MightyMike-Android/MightyMike-Android/android/app/.cxx/Debug/1h5k5w5j/arm64-v8a/CMakeFiles/CMakeTmp

Run Build Command(s):/usr/local/lib/android/sdk/cmake/3.22.1/bin/ninja cmTC_9f757 && [1/2] Building C object CMakeFiles/cmTC_9f757.dir/CheckSymbolExists.c.o
[2/2] Linking C executable cmTC_9f757


File /home/runner/work/MightyMike-Android/MightyMike-Android/android/app/.cxx/Debug/1h5k5w5j/arm64-v8a/CMakeFiles/CMakeTmp/CheckSymbolExists.c:
/* */
#include <float.h>
#include <iconv.h>
#include <inttypes.h>
#include <limits.h>
#include <malloc.h>
#include <math.h>
#include <memory.h>
#include <signal.h>
#include <stdarg.h>
#include <stdbool.h>
#include <stddef.h>
#include <stdint.h>
#include <stdio.h>
#include <stdlib.h>
#include <string.h>
#include <strings.h>
#include <sys/types.h>
#include <time.h>
#include <wchar.h>

int main(int argc, char** argv)
{
  (void)argv;
#ifndef strrchr
  return ((int*)(&strrchr))[argc];
#else
  (void)argc;
  return 0;
#endif
}
Determining if the strstr exist passed with the following output:
Change Dir: /home/runner/work/MightyMike-Android/MightyMike-Android/android/app/.cxx/Debug/1h5k5w5j/arm64-v8a/CMakeFiles/CMakeTmp

Run Build Command(s):/usr/local/lib/android/sdk/cmake/3.22.1/bin/ninja cmTC_16d9f && [1/2] Building C object CMakeFiles/cmTC_16d9f.dir/CheckSymbolExists.c.o
[2/2] Linking C executable cmTC_16d9f


File /home/runner/work/MightyMike-Android/MightyMike-Android/android/app/.cxx/Debug/1h5k5w5j/arm64-v8a/CMakeFiles/CMakeTmp/CheckSymbolExists.c:
/* */
#include <float.h>
#include <iconv.h>
#include <inttypes.h>
#include <limits.h>
#include <malloc.h>
#include <math.h>
#include <memory.h>
#include <signal.h>
#include <stdarg.h>
#include <stdbool.h>
#include <stddef.h>
#include <stdint.h>
#include <stdio.h>
#include <stdlib.h>
#include <string.h>
#include <strings.h>
#include <sys/types.h>
#include <time.h>
#include <wchar.h>

int main(int argc, char** argv)
{
  (void)argv;
#ifndef strstr
  return ((int*)(&strstr))[argc];
#else
  (void)argc;
  return 0;
#endif
}
Determining if the strtod exist passed with the following output:
Change Dir: /home/runner/work/MightyMike-Android/MightyMike-Android/android/app/.cxx/Debug/1h5k5w5j/arm64-v8a/CMakeFiles/CMakeTmp

Run Build Command(s):/usr/local/lib/android/sdk/cmake/3.22.1/bin/ninja cmTC_5b0b1 && [1/2] Building C object CMakeFiles/cmTC_5b0b1.dir/CheckSymbolExists.c.o
[2/2] Linking C executable cmTC_5b0b1


File /home/runner/work/MightyMike-Android/MightyMike-Android/android/app/.cxx/Debug/1h5k5w5j/arm64-v8a/CMakeFiles/CMakeTmp/CheckSymbolExists.c:
/* */
#include <float.h>
#include <iconv.h>
#include <inttypes.h>
#include <limits.h>
#include <malloc.h>
#include <math.h>
#include <memory.h>
#include <signal.h>
#include <stdarg.h>
#include <stdbool.h>
#include <stddef.h>
#include <stdint.h>
#include <stdio.h>
#include <stdlib.h>
#include <string.h>
#include <strings.h>
#include <sys/types.h>
#include <time.h>
#include <wchar.h>

int main(int argc, char** argv)
{
  (void)argv;
#ifndef strtod
  return ((int*)(&strtod))[argc];
#else
  (void)argc;
  return 0;
#endif
}
Determining if the strtok_r exist passed with the following output:
Change Dir: /home/runner/work/MightyMike-Android/MightyMike-Android/android/app/.cxx/Debug/1h5k5w5j/arm64-v8a/CMakeFiles/CMakeTmp

Run Build Command(s):/usr/local/lib/android/sdk/cmake/3.22.1/bin/ninja cmTC_e2fd6 && [1/2] Building C object CMakeFiles/cmTC_e2fd6.dir/CheckSymbolExists.c.o
[2/2] Linking C executable cmTC_e2fd6


File /home/runner/work/MightyMike-Android/MightyMike-Android/android/app/.cxx/Debug/1h5k5w5j/arm64-v8a/CMakeFiles/CMakeTmp/CheckSymbolExists.c:
/* */
#include <float.h>
#include <iconv.h>
#include <inttypes.h>
#include <limits.h>
#include <malloc.h>
#include <math.h>
#include <memory.h>
#include <signal.h>
#include <stdarg.h>
#include <stdbool.h>
#include <stddef.h>
#include <stdint.h>
#include <stdio.h>
#include <stdlib.h>
#include <string.h>
#include <strings.h>
#include <sys/types.h>
#include <time.h>
#include <wchar.h>

int main(int argc, char** argv)
{
  (void)argv;
#ifndef strtok_r
  return ((int*)(&strtok_r))[argc];
#else
  (void)argc;
  return 0;
#endif
}
Determining if the strtol exist passed with the following output:
Change Dir: /home/runner/work/MightyMike-Android/MightyMike-Android/android/app/.cxx/Debug/1h5k5w5j/arm64-v8a/CMakeFiles/CMakeTmp

Run Build Command(s):/usr/local/lib/android/sdk/cmake/3.22.1/bin/ninja cmTC_060f0 && [1/2] Building C object CMakeFiles/cmTC_060f0.dir/CheckSymbolExists.c.o
[2/2] Linking C executable cmTC_060f0


File /home/runner/work/MightyMike-Android/MightyMike-Android/android/app/.cxx/Debug/1h5k5w5j/arm64-v8a/CMakeFiles/CMakeTmp/CheckSymbolExists.c:
/* */
#include <float.h>
#include <iconv.h>
#include <inttypes.h>
#include <limits.h>
#include <malloc.h>
#include <math.h>
#include <memory.h>
#include <signal.h>
#include <stdarg.h>
#include <stdbool.h>
#include <stddef.h>
#include <stdint.h>
#include <stdio.h>
#include <stdlib.h>
#include <string.h>
#include <strings.h>
#include <sys/types.h>
#include <time.h>
#include <wchar.h>

int main(int argc, char** argv)
{
  (void)argv;
#ifndef strtol
  return ((int*)(&strtol))[argc];
#else
  (void)argc;
  return 0;
#endif
}
Determining if the strtoll exist passed with the following output:
Change Dir: /home/runner/work/MightyMike-Android/MightyMike-Android/android/app/.cxx/Debug/1h5k5w5j/arm64-v8a/CMakeFiles/CMakeTmp

Run Build Command(s):/usr/local/lib/android/sdk/cmake/3.22.1/bin/ninja cmTC_ac0a0 && [1/2] Building C object CMakeFiles/cmTC_ac0a0.dir/CheckSymbolExists.c.o
[2/2] Linking C executable cmTC_ac0a0


File /home/runner/work/MightyMike-Android/MightyMike-Android/android/app/.cxx/Debug/1h5k5w5j/arm64-v8a/CMakeFiles/CMakeTmp/CheckSymbolExists.c:
/* */
#include <float.h>
#include <iconv.h>
#include <inttypes.h>
#include <limits.h>
#include <malloc.h>
#include <math.h>
#include <memory.h>
#include <signal.h>
#include <stdarg.h>
#include <stdbool.h>
#include <stddef.h>
#include <stdint.h>
#include <stdio.h>
#include <stdlib.h>
#include <string.h>
#include <strings.h>
#include <sys/types.h>
#include <time.h>
#include <wchar.h>

int main(int argc, char** argv)
{
  (void)argv;
#ifndef strtoll
  return ((int*)(&strtoll))[argc];
#else
  (void)argc;
  return 0;
#endif
}
Determining if the strtoul exist passed with the following output:
Change Dir: /home/runner/work/MightyMike-Android/MightyMike-Android/android/app/.cxx/Debug/1h5k5w5j/arm64-v8a/CMakeFiles/CMakeTmp

Run Build Command(s):/usr/local/lib/android/sdk/cmake/3.22.1/bin/ninja cmTC_e0bd6 && [1/2] Building C object CMakeFiles/cmTC_e0bd6.dir/CheckSymbolExists.c.o
[2/2] Linking C executable cmTC_e0bd6


File /home/runner/work/MightyMike-Android/MightyMike-Android/android/app/.cxx/Debug/1h5k5w5j/arm64-v8a/CMakeFiles/CMakeTmp/CheckSymbolExists.c:
/* */
#include <float.h>
#include <iconv.h>
#include <inttypes.h>
#include <limits.h>
#include <malloc.h>
#include <math.h>
#include <memory.h>
#include <signal.h>
#include <stdarg.h>
#include <stdbool.h>
#include <stddef.h>
#include <stdint.h>
#include <stdio.h>
#include <stdlib.h>
#include <string.h>
#include <strings.h>
#include <sys/types.h>
#include <time.h>
#include <wchar.h>

int main(int argc, char** argv)
{
  (void)argv;
#ifndef strtoul
  return ((int*)(&strtoul))[argc];
#else
  (void)argc;
  return 0;
#endif
}
Determining if the strtoull exist passed with the following output:
Change Dir: /home/runner/work/MightyMike-Android/MightyMike-Android/android/app/.cxx/Debug/1h5k5w5j/arm64-v8a/CMakeFiles/CMakeTmp

Run Build Command(s):/usr/local/lib/android/sdk/cmake/3.22.1/bin/ninja cmTC_b19c8 && [1/2] Building C object CMakeFiles/cmTC_b19c8.dir/CheckSymbolExists.c.o
[2/2] Linking C executable cmTC_b19c8


File /home/runner/work/MightyMike-Android/MightyMike-Android/android/app/.cxx/Debug/1h5k5w5j/arm64-v8a/CMakeFiles/CMakeTmp/CheckSymbolExists.c:
/* */
#include <float.h>
#include <iconv.h>
#include <inttypes.h>
#include <limits.h>
#include <malloc.h>
#include <math.h>
#include <memory.h>
#include <signal.h>
#include <stdarg.h>
#include <stdbool.h>
#include <stddef.h>
#include <stdint.h>
#include <stdio.h>
#include <stdlib.h>
#include <string.h>
#include <strings.h>
#include <sys/types.h>
#include <time.h>
#include <wchar.h>

int main(int argc, char** argv)
{
  (void)argv;
#ifndef strtoull
  return ((int*)(&strtoull))[argc];
#else
  (void)argc;
  return 0;
#endif
}
Determining if the tan exist passed with the following output:
Change Dir: /home/runner/work/MightyMike-Android/MightyMike-Android/android/app/.cxx/Debug/1h5k5w5j/arm64-v8a/CMakeFiles/CMakeTmp

Run Build Command(s):/usr/local/lib/android/sdk/cmake/3.22.1/bin/ninja cmTC_2d307 && [1/2] Building C object CMakeFiles/cmTC_2d307.dir/CheckSymbolExists.c.o
[2/2] Linking C executable cmTC_2d307


File /home/runner/work/MightyMike-Android/MightyMike-Android/android/app/.cxx/Debug/1h5k5w5j/arm64-v8a/CMakeFiles/CMakeTmp/CheckSymbolExists.c:
/* */
#include <float.h>
#include <iconv.h>
#include <inttypes.h>
#include <limits.h>
#include <malloc.h>
#include <math.h>
#include <memory.h>
#include <signal.h>
#include <stdarg.h>
#include <stdbool.h>
#include <stddef.h>
#include <stdint.h>
#include <stdio.h>
#include <stdlib.h>
#include <string.h>
#include <strings.h>
#include <sys/types.h>
#include <time.h>
#include <wchar.h>

int main(int argc, char** argv)
{
  (void)argv;
#ifndef tan
  return ((int*)(&tan))[argc];
#else
  (void)argc;
  return 0;
#endif
}
Determining if the tanf exist passed with the following output:
Change Dir: /home/runner/work/MightyMike-Android/MightyMike-Android/android/app/.cxx/Debug/1h5k5w5j/arm64-v8a/CMakeFiles/CMakeTmp

Run Build Command(s):/usr/local/lib/android/sdk/cmake/3.22.1/bin/ninja cmTC_b2d79 && [1/2] Building C object CMakeFiles/cmTC_b2d79.dir/CheckSymbolExists.c.o
[2/2] Linking C executable cmTC_b2d79


File /home/runner/work/MightyMike-Android/MightyMike-Android/android/app/.cxx/Debug/1h5k5w5j/arm64-v8a/CMakeFiles/CMakeTmp/CheckSymbolExists.c:
/* */
#include <float.h>
#include <iconv.h>
#include <inttypes.h>
#include <limits.h>
#include <malloc.h>
#include <math.h>
#include <memory.h>
#include <signal.h>
#include <stdarg.h>
#include <stdbool.h>
#include <stddef.h>
#include <stdint.h>
#include <stdio.h>
#include <stdlib.h>
#include <string.h>
#include <strings.h>
#include <sys/types.h>
#include <time.h>
#include <wchar.h>

int main(int argc, char** argv)
{
  (void)argv;
#ifndef tanf
  return ((int*)(&tanf))[argc];
#else
  (void)argc;
  return 0;
#endif
}
Determining if the trunc exist passed with the following output:
Change Dir: /home/runner/work/MightyMike-Android/MightyMike-Android/android/app/.cxx/Debug/1h5k5w5j/arm64-v8a/CMakeFiles/CMakeTmp

Run Build Command(s):/usr/local/lib/android/sdk/cmake/3.22.1/bin/ninja cmTC_fb46a && [1/2] Building C object CMakeFiles/cmTC_fb46a.dir/CheckSymbolExists.c.o
[2/2] Linking C executable cmTC_fb46a


File /home/runner/work/MightyMike-Android/MightyMike-Android/android/app/.cxx/Debug/1h5k5w5j/arm64-v8a/CMakeFiles/CMakeTmp/CheckSymbolExists.c:
/* */
#include <float.h>
#include <iconv.h>
#include <inttypes.h>
#include <limits.h>
#include <malloc.h>
#include <math.h>
#include <memory.h>
#include <signal.h>
#include <stdarg.h>
#include <stdbool.h>
#include <stddef.h>
#include <stdint.h>
#include <stdio.h>
#include <stdlib.h>
#include <string.h>
#include <strings.h>
#include <sys/types.h>
#include <time.h>
#include <wchar.h>

int main(int argc, char** argv)
{
  (void)argv;
#ifndef trunc
  return ((int*)(&trunc))[argc];
#else
  (void)argc;
  return 0;
#endif
}
Determining if the truncf exist passed with the following output:
Change Dir: /home/runner/work/MightyMike-Android/MightyMike-Android/android/app/.cxx/Debug/1h5k5w5j/arm64-v8a/CMakeFiles/CMakeTmp

Run Build Command(s):/usr/local/lib/android/sdk/cmake/3.22.1/bin/ninja cmTC_c8251 && [1/2] Building C object CMakeFiles/cmTC_c8251.dir/CheckSymbolExists.c.o
[2/2] Linking C executable cmTC_c8251


File /home/runner/work/MightyMike-Android/MightyMike-Android/android/app/.cxx/Debug/1h5k5w5j/arm64-v8a/CMakeFiles/CMakeTmp/CheckSymbolExists.c:
/* */
#include <float.h>
#include <iconv.h>
#include <inttypes.h>
#include <limits.h>
#include <malloc.h>
#include <math.h>
#include <memory.h>
#include <signal.h>
#include <stdarg.h>
#include <stdbool.h>
#include <stddef.h>
#include <stdint.h>
#include <stdio.h>
#include <stdlib.h>
#include <string.h>
#include <strings.h>
#include <sys/types.h>
#include <time.h>
#include <wchar.h>

int main(int argc, char** argv)
{
  (void)argv;
#ifndef truncf
  return ((int*)(&truncf))[argc];
#else
  (void)argc;
  return 0;
#endif
}
Determining if the unsetenv exist passed with the following output:
Change Dir: /home/runner/work/MightyMike-Android/MightyMike-Android/android/app/.cxx/Debug/1h5k5w5j/arm64-v8a/CMakeFiles/CMakeTmp

Run Build Command(s):/usr/local/lib/android/sdk/cmake/3.22.1/bin/ninja cmTC_daae4 && [1/2] Building C object CMakeFiles/cmTC_daae4.dir/CheckSymbolExists.c.o
[2/2] Linking C executable cmTC_daae4


File /home/runner/work/MightyMike-Android/MightyMike-Android/android/app/.cxx/Debug/1h5k5w5j/arm64-v8a/CMakeFiles/CMakeTmp/CheckSymbolExists.c:
/* */
#include <float.h>
#include <iconv.h>
#include <inttypes.h>
#include <limits.h>
#include <malloc.h>
#include <math.h>
#include <memory.h>
#include <signal.h>
#include <stdarg.h>
#include <stdbool.h>
#include <stddef.h>
#include <stdint.h>
#include <stdio.h>
#include <stdlib.h>
#include <string.h>
#include <strings.h>
#include <sys/types.h>
#include <time.h>
#include <wchar.h>

int main(int argc, char** argv)
{
  (void)argv;
#ifndef unsetenv
  return ((int*)(&unsetenv))[argc];
#else
  (void)argc;
  return 0;
#endif
}
Determining if the vsnprintf exist passed with the following output:
Change Dir: /home/runner/work/MightyMike-Android/MightyMike-Android/android/app/.cxx/Debug/1h5k5w5j/arm64-v8a/CMakeFiles/CMakeTmp

Run Build Command(s):/usr/local/lib/android/sdk/cmake/3.22.1/bin/ninja cmTC_3e5eb && [1/2] Building C object CMakeFiles/cmTC_3e5eb.dir/CheckSymbolExists.c.o
[2/2] Linking C executable cmTC_3e5eb


File /home/runner/work/MightyMike-Android/MightyMike-Android/android/app/.cxx/Debug/1h5k5w5j/arm64-v8a/CMakeFiles/CMakeTmp/CheckSymbolExists.c:
/* */
#include <float.h>
#include <iconv.h>
#include <inttypes.h>
#include <limits.h>
#include <malloc.h>
#include <math.h>
#include <memory.h>
#include <signal.h>
#include <stdarg.h>
#include <stdbool.h>
#include <stddef.h>
#include <stdint.h>
#include <stdio.h>
#include <stdlib.h>
#include <string.h>
#include <strings.h>
#include <sys/types.h>
#include <time.h>
#include <wchar.h>

int main(int argc, char** argv)
{
  (void)argv;
#ifndef vsnprintf
  return ((int*)(&vsnprintf))[argc];
#else
  (void)argc;
  return 0;
#endif
}
Determining if the vsscanf exist passed with the following output:
Change Dir: /home/runner/work/MightyMike-Android/MightyMike-Android/android/app/.cxx/Debug/1h5k5w5j/arm64-v8a/CMakeFiles/CMakeTmp

Run Build Command(s):/usr/local/lib/android/sdk/cmake/3.22.1/bin/ninja cmTC_3fa2c && [1/2] Building C object CMakeFiles/cmTC_3fa2c.dir/CheckSymbolExists.c.o
[2/2] Linking C executable cmTC_3fa2c


File /home/runner/work/MightyMike-Android/MightyMike-Android/android/app/.cxx/Debug/1h5k5w5j/arm64-v8a/CMakeFiles/CMakeTmp/CheckSymbolExists.c:
/* */
#include <float.h>
#include <iconv.h>
#include <inttypes.h>
#include <limits.h>
#include <malloc.h>
#include <math.h>
#include <memory.h>
#include <signal.h>
#include <stdarg.h>
#include <stdbool.h>
#include <stddef.h>
#include <stdint.h>
#include <stdio.h>
#include <stdlib.h>
#include <string.h>
#include <strings.h>
#include <sys/types.h>
#include <time.h>
#include <wchar.h>

int main(int argc, char** argv)
{
  (void)argv;
#ifndef vsscanf
  return ((int*)(&vsscanf))[argc];
#else
  (void)argc;
  return 0;
#endif
}
Determining if the wcsnlen exist passed with the following output:
Change Dir: /home/runner/work/MightyMike-Android/MightyMike-Android/android/app/.cxx/Debug/1h5k5w5j/arm64-v8a/CMakeFiles/CMakeTmp

Run Build Command(s):/usr/local/lib/android/sdk/cmake/3.22.1/bin/ninja cmTC_445f9 && [1/2] Building C object CMakeFiles/cmTC_445f9.dir/CheckSymbolExists.c.o
[2/2] Linking C executable cmTC_445f9


File /home/runner/work/MightyMike-Android/MightyMike-Android/android/app/.cxx/Debug/1h5k5w5j/arm64-v8a/CMakeFiles/CMakeTmp/CheckSymbolExists.c:
/* */
#include <float.h>
#include <iconv.h>
#include <inttypes.h>
#include <limits.h>
#include <malloc.h>
#include <math.h>
#include <memory.h>
#include <signal.h>
#include <stdarg.h>
#include <stdbool.h>
#include <stddef.h>
#include <stdint.h>
#include <stdio.h>
#include <stdlib.h>
#include <string.h>
#include <strings.h>
#include <sys/types.h>
#include <time.h>
#include <wchar.h>

int main(int argc, char** argv)
{
  (void)argv;
#ifndef wcsnlen
  return ((int*)(&wcsnlen))[argc];
#else
  (void)argc;
  return 0;
#endif
}
Determining if the wcscmp exist passed with the following output:
Change Dir: /home/runner/work/MightyMike-Android/MightyMike-Android/android/app/.cxx/Debug/1h5k5w5j/arm64-v8a/CMakeFiles/CMakeTmp

Run Build Command(s):/usr/local/lib/android/sdk/cmake/3.22.1/bin/ninja cmTC_4cdf5 && [1/2] Building C object CMakeFiles/cmTC_4cdf5.dir/CheckSymbolExists.c.o
[2/2] Linking C executable cmTC_4cdf5


File /home/runner/work/MightyMike-Android/MightyMike-Android/android/app/.cxx/Debug/1h5k5w5j/arm64-v8a/CMakeFiles/CMakeTmp/CheckSymbolExists.c:
/* */
#include <float.h>
#include <iconv.h>
#include <inttypes.h>
#include <limits.h>
#include <malloc.h>
#include <math.h>
#include <memory.h>
#include <signal.h>
#include <stdarg.h>
#include <stdbool.h>
#include <stddef.h>
#include <stdint.h>
#include <stdio.h>
#include <stdlib.h>
#include <string.h>
#include <strings.h>
#include <sys/types.h>
#include <time.h>
#include <wchar.h>

int main(int argc, char** argv)
{
  (void)argv;
#ifndef wcscmp
  return ((int*)(&wcscmp))[argc];
#else
  (void)argc;
  return 0;
#endif
}
Determining if the wcsdup exist passed with the following output:
Change Dir: /home/runner/work/MightyMike-Android/MightyMike-Android/android/app/.cxx/Debug/1h5k5w5j/arm64-v8a/CMakeFiles/CMakeTmp

Run Build Command(s):/usr/local/lib/android/sdk/cmake/3.22.1/bin/ninja cmTC_63204 && [1/2] Building C object CMakeFiles/cmTC_63204.dir/CheckSymbolExists.c.o
[2/2] Linking C executable cmTC_63204


File /home/runner/work/MightyMike-Android/MightyMike-Android/android/app/.cxx/Debug/1h5k5w5j/arm64-v8a/CMakeFiles/CMakeTmp/CheckSymbolExists.c:
/* */
#include <float.h>
#include <iconv.h>
#include <inttypes.h>
#include <limits.h>
#include <malloc.h>
#include <math.h>
#include <memory.h>
#include <signal.h>
#include <stdarg.h>
#include <stdbool.h>
#include <stddef.h>
#include <stdint.h>
#include <stdio.h>
#include <stdlib.h>
#include <string.h>
#include <strings.h>
#include <sys/types.h>
#include <time.h>
#include <wchar.h>

int main(int argc, char** argv)
{
  (void)argv;
#ifndef wcsdup
  return ((int*)(&wcsdup))[argc];
#else
  (void)argc;
  return 0;
#endif
}
Determining if the wcslcat exist passed with the following output:
Change Dir: /home/runner/work/MightyMike-Android/MightyMike-Android/android/app/.cxx/Debug/1h5k5w5j/arm64-v8a/CMakeFiles/CMakeTmp

Run Build Command(s):/usr/local/lib/android/sdk/cmake/3.22.1/bin/ninja cmTC_cea17 && [1/2] Building C object CMakeFiles/cmTC_cea17.dir/CheckSymbolExists.c.o
[2/2] Linking C executable cmTC_cea17


File /home/runner/work/MightyMike-Android/MightyMike-Android/android/app/.cxx/Debug/1h5k5w5j/arm64-v8a/CMakeFiles/CMakeTmp/CheckSymbolExists.c:
/* */
#include <float.h>
#include <iconv.h>
#include <inttypes.h>
#include <limits.h>
#include <malloc.h>
#include <math.h>
#include <memory.h>
#include <signal.h>
#include <stdarg.h>
#include <stdbool.h>
#include <stddef.h>
#include <stdint.h>
#include <stdio.h>
#include <stdlib.h>
#include <string.h>
#include <strings.h>
#include <sys/types.h>
#include <time.h>
#include <wchar.h>

int main(int argc, char** argv)
{
  (void)argv;
#ifndef wcslcat
  return ((int*)(&wcslcat))[argc];
#else
  (void)argc;
  return 0;
#endif
}
Determining if the wcslcpy exist passed with the following output:
Change Dir: /home/runner/work/MightyMike-Android/MightyMike-Android/android/app/.cxx/Debug/1h5k5w5j/arm64-v8a/CMakeFiles/CMakeTmp

Run Build Command(s):/usr/local/lib/android/sdk/cmake/3.22.1/bin/ninja cmTC_0fd7f && [1/2] Building C object CMakeFiles/cmTC_0fd7f.dir/CheckSymbolExists.c.o
[2/2] Linking C executable cmTC_0fd7f


File /home/runner/work/MightyMike-Android/MightyMike-Android/android/app/.cxx/Debug/1h5k5w5j/arm64-v8a/CMakeFiles/CMakeTmp/CheckSymbolExists.c:
/* */
#include <float.h>
#include <iconv.h>
#include <inttypes.h>
#include <limits.h>
#include <malloc.h>
#include <math.h>
#include <memory.h>
#include <signal.h>
#include <stdarg.h>
#include <stdbool.h>
#include <stddef.h>
#include <stdint.h>
#include <stdio.h>
#include <stdlib.h>
#include <string.h>
#include <strings.h>
#include <sys/types.h>
#include <time.h>
#include <wchar.h>

int main(int argc, char** argv)
{
  (void)argv;
#ifndef wcslcpy
  return ((int*)(&wcslcpy))[argc];
#else
  (void)argc;
  return 0;
#endif
}
Determining if the wcslen exist passed with the following output:
Change Dir: /home/runner/work/MightyMike-Android/MightyMike-Android/android/app/.cxx/Debug/1h5k5w5j/arm64-v8a/CMakeFiles/CMakeTmp

Run Build Command(s):/usr/local/lib/android/sdk/cmake/3.22.1/bin/ninja cmTC_87dee && [1/2] Building C object CMakeFiles/cmTC_87dee.dir/CheckSymbolExists.c.o
[2/2] Linking C executable cmTC_87dee


File /home/runner/work/MightyMike-Android/MightyMike-Android/android/app/.cxx/Debug/1h5k5w5j/arm64-v8a/CMakeFiles/CMakeTmp/CheckSymbolExists.c:
/* */
#include <float.h>
#include <iconv.h>
#include <inttypes.h>
#include <limits.h>
#include <malloc.h>
#include <math.h>
#include <memory.h>
#include <signal.h>
#include <stdarg.h>
#include <stdbool.h>
#include <stddef.h>
#include <stdint.h>
#include <stdio.h>
#include <stdlib.h>
#include <string.h>
#include <strings.h>
#include <sys/types.h>
#include <time.h>
#include <wchar.h>

int main(int argc, char** argv)
{
  (void)argv;
#ifndef wcslen
  return ((int*)(&wcslen))[argc];
#else
  (void)argc;
  return 0;
#endif
}
Determining if the wcsncmp exist passed with the following output:
Change Dir: /home/runner/work/MightyMike-Android/MightyMike-Android/android/app/.cxx/Debug/1h5k5w5j/arm64-v8a/CMakeFiles/CMakeTmp

Run Build Command(s):/usr/local/lib/android/sdk/cmake/3.22.1/bin/ninja cmTC_a996b && [1/2] Building C object CMakeFiles/cmTC_a996b.dir/CheckSymbolExists.c.o
[2/2] Linking C executable cmTC_a996b


File /home/runner/work/MightyMike-Android/MightyMike-Android/android/app/.cxx/Debug/1h5k5w5j/arm64-v8a/CMakeFiles/CMakeTmp/CheckSymbolExists.c:
/* */
#include <float.h>
#include <iconv.h>
#include <inttypes.h>
#include <limits.h>
#include <malloc.h>
#include <math.h>
#include <memory.h>
#include <signal.h>
#include <stdarg.h>
#include <stdbool.h>
#include <stddef.h>
#include <stdint.h>
#include <stdio.h>
#include <stdlib.h>
#include <string.h>
#include <strings.h>
#include <sys/types.h>
#include <time.h>
#include <wchar.h>

int main(int argc, char** argv)
{
  (void)argv;
#ifndef wcsncmp
  return ((int*)(&wcsncmp))[argc];
#else
  (void)argc;
  return 0;
#endif
}
Determining if the wcsstr exist passed with the following output:
Change Dir: /home/runner/work/MightyMike-Android/MightyMike-Android/android/app/.cxx/Debug/1h5k5w5j/arm64-v8a/CMakeFiles/CMakeTmp

Run Build Command(s):/usr/local/lib/android/sdk/cmake/3.22.1/bin/ninja cmTC_03c1a && [1/2] Building C object CMakeFiles/cmTC_03c1a.dir/CheckSymbolExists.c.o
[2/2] Linking C executable cmTC_03c1a


File /home/runner/work/MightyMike-Android/MightyMike-Android/android/app/.cxx/Debug/1h5k5w5j/arm64-v8a/CMakeFiles/CMakeTmp/CheckSymbolExists.c:
/* */
#include <float.h>
#include <iconv.h>
#include <inttypes.h>
#include <limits.h>
#include <malloc.h>
#include <math.h>
#include <memory.h>
#include <signal.h>
#include <stdarg.h>
#include <stdbool.h>
#include <stddef.h>
#include <stdint.h>
#include <stdio.h>
#include <stdlib.h>
#include <string.h>
#include <strings.h>
#include <sys/types.h>
#include <time.h>
#include <wchar.h>

int main(int argc, char** argv)
{
  (void)argv;
#ifndef wcsstr
  return ((int*)(&wcsstr))[argc];
#else
  (void)argc;
  return 0;
#endif
}
Determining if the wcstol exist passed with the following output:
Change Dir: /home/runner/work/MightyMike-Android/MightyMike-Android/android/app/.cxx/Debug/1h5k5w5j/arm64-v8a/CMakeFiles/CMakeTmp

Run Build Command(s):/usr/local/lib/android/sdk/cmake/3.22.1/bin/ninja cmTC_8e605 && [1/2] Building C object CMakeFiles/cmTC_8e605.dir/CheckSymbolExists.c.o
[2/2] Linking C executable cmTC_8e605


File /home/runner/work/MightyMike-Android/MightyMike-Android/android/app/.cxx/Debug/1h5k5w5j/arm64-v8a/CMakeFiles/CMakeTmp/CheckSymbolExists.c:
/* */
#include <float.h>
#include <iconv.h>
#include <inttypes.h>
#include <limits.h>
#include <malloc.h>
#include <math.h>
#include <memory.h>
#include <signal.h>
#include <stdarg.h>
#include <stdbool.h>
#include <stddef.h>
#include <stdint.h>
#include <stdio.h>
#include <stdlib.h>
#include <string.h>
#include <strings.h>
#include <sys/types.h>
#include <time.h>
#include <wchar.h>

int main(int argc, char** argv)
{
  (void)argv;
#ifndef wcstol
  return ((int*)(&wcstol))[argc];
#else
  (void)argc;
  return 0;
#endif
}
Determining if the strcasestr exist passed with the following output:
Change Dir: /home/runner/work/MightyMike-Android/MightyMike-Android/android/app/.cxx/Debug/1h5k5w5j/arm64-v8a/CMakeFiles/CMakeTmp

Run Build Command(s):/usr/local/lib/android/sdk/cmake/3.22.1/bin/ninja cmTC_7d101 && [1/2] Building C object CMakeFiles/cmTC_7d101.dir/CheckSymbolExists.c.o
[2/2] Linking C executable cmTC_7d101


File /home/runner/work/MightyMike-Android/MightyMike-Android/android/app/.cxx/Debug/1h5k5w5j/arm64-v8a/CMakeFiles/CMakeTmp/CheckSymbolExists.c:
/* */
#include <float.h>
#include <iconv.h>
#include <inttypes.h>
#include <limits.h>
#include <malloc.h>
#include <math.h>
#include <memory.h>
#include <signal.h>
#include <stdarg.h>
#include <stdbool.h>
#include <stddef.h>
#include <stdint.h>
#include <stdio.h>
#include <stdlib.h>
#include <string.h>
#include <strings.h>
#include <sys/types.h>
#include <time.h>
#include <wchar.h>

int main(int argc, char** argv)
{
  (void)argv;
#ifndef strcasestr
  return ((int*)(&strcasestr))[argc];
#else
  (void)argc;
  return 0;
#endif
}
Performing C SOURCE FILE Test LIBC_HAS_ISINF succeeded with the following output:
Change Dir: /home/runner/work/MightyMike-Android/MightyMike-Android/android/app/.cxx/Debug/1h5k5w5j/arm64-v8a/CMakeFiles/CMakeTmp

Run Build Command(s):/usr/local/lib/android/sdk/cmake/3.22.1/bin/ninja cmTC_98938 && [1/2] Building C object CMakeFiles/cmTC_98938.dir/src.c.o
[2/2] Linking C executable cmTC_98938


Source file was:

        #include <math.h>
        int main() {
          double d = 3.14159;
          return isinf(d);
        }
      
Performing C SOURCE FILE Test LIBC_ISINF_HANDLES_FLOAT succeeded with the following output:
Change Dir: /home/runner/work/MightyMike-Android/MightyMike-Android/android/app/.cxx/Debug/1h5k5w5j/arm64-v8a/CMakeFiles/CMakeTmp

Run Build Command(s):/usr/local/lib/android/sdk/cmake/3.22.1/bin/ninja cmTC_eb7f3 && [1/2] Building C object CMakeFiles/cmTC_eb7f3.dir/src.c.o
[2/2] Linking C executable cmTC_eb7f3


Source file was:

      #include <math.h>
      int main() {
        float f = 3.14159f;
        return isinf(f);
      }
    
Performing C SOURCE FILE Test LIBC_HAS_ISNAN succeeded with the following output:
Change Dir: /home/runner/work/MightyMike-Android/MightyMike-Android/android/app/.cxx/Debug/1h5k5w5j/arm64-v8a/CMakeFiles/CMakeTmp

Run Build Command(s):/usr/local/lib/android/sdk/cmake/3.22.1/bin/ninja cmTC_cec28 && [1/2] Building C object CMakeFiles/cmTC_cec28.dir/src.c.o
[2/2] Linking C executable cmTC_cec28


Source file was:

        #include <math.h>
        int main() {
          double d = 3.14159;
          return isnan(d);
        }
      
Performing C SOURCE FILE Test LIBC_ISNAN_HANDLES_FLOAT succeeded with the following output:
Change Dir: /home/runner/work/MightyMike-Android/MightyMike-Android/android/app/.cxx/Debug/1h5k5w5j/arm64-v8a/CMakeFiles/CMakeTmp

Run Build Command(s):/usr/local/lib/android/sdk/cmake/3.22.1/bin/ninja cmTC_1dfd9 && [1/2] Building C object CMakeFiles/cmTC_1dfd9.dir/src.c.o
[2/2] Linking C executable cmTC_1dfd9


Source file was:

      #include <math.h>
      int main() {
        float f = 3.14159f;
        return isnan(f);
      }
    
Performing C SOURCE FILE Test LIBC_HAS_ISNANF succeeded with the following output:
Change Dir: /home/runner/work/MightyMike-Android/MightyMike-Android/android/app/.cxx/Debug/1h5k5w5j/arm64-v8a/CMakeFiles/CMakeTmp

Run Build Command(s):/usr/local/lib/android/sdk/cmake/3.22.1/bin/ninja cmTC_0afe2 && [1/2] Building C object CMakeFiles/cmTC_0afe2.dir/src.c.o
[2/2] Linking C executable cmTC_0afe2


Source file was:

      #include <math.h>
      int main() {
        float f = 3.14159f;
        return isnanf(f);
      }
    
Determining if the fdatasync exist passed with the following output:
Change Dir: /home/runner/work/MightyMike-Android/MightyMike-Android/android/app/.cxx/Debug/1h5k5w5j/arm64-v8a/CMakeFiles/CMakeTmp

Run Build Command(s):/usr/local/lib/android/sdk/cmake/3.22.1/bin/ninja cmTC_6ddb7 && [1/2] Building C object CMakeFiles/cmTC_6ddb7.dir/CheckSymbolExists.c.o
[2/2] Linking C executable cmTC_6ddb7


File /home/runner/work/MightyMike-Android/MightyMike-Android/android/app/.cxx/Debug/1h5k5w5j/arm64-v8a/CMakeFiles/CMakeTmp/CheckSymbolExists.c:
/* */
#include <unistd.h>

int main(int argc, char** argv)
{
  (void)argv;
#ifndef fdatasync
  return ((int*)(&fdatasync))[argc];
#else
  (void)argc;
  return 0;
#endif
}
Determining if the gethostname exist passed with the following output:
Change Dir: /home/runner/work/MightyMike-Android/MightyMike-Android/android/app/.cxx/Debug/1h5k5w5j/arm64-v8a/CMakeFiles/CMakeTmp

Run Build Command(s):/usr/local/lib/android/sdk/cmake/3.22.1/bin/ninja cmTC_38065 && [1/2] Building C object CMakeFiles/cmTC_38065.dir/CheckSymbolExists.c.o
[2/2] Linking C executable cmTC_38065


File /home/runner/work/MightyMike-Android/MightyMike-Android/android/app/.cxx/Debug/1h5k5w5j/arm64-v8a/CMakeFiles/CMakeTmp/CheckSymbolExists.c:
/* */
#include <unistd.h>

int main(int argc, char** argv)
{
  (void)argv;
#ifndef gethostname
  return ((int*)(&gethostname))[argc];
#else
  (void)argc;
  return 0;
#endif
}
Determining if the getpagesize exist passed with the following output:
Change Dir: /home/runner/work/MightyMike-Android/MightyMike-Android/android/app/.cxx/Debug/1h5k5w5j/arm64-v8a/CMakeFiles/CMakeTmp

Run Build Command(s):/usr/local/lib/android/sdk/cmake/3.22.1/bin/ninja cmTC_15f17 && [1/2] Building C object CMakeFiles/cmTC_15f17.dir/CheckSymbolExists.c.o
[2/2] Linking C executable cmTC_15f17


File /home/runner/work/MightyMike-Android/MightyMike-Android/android/app/.cxx/Debug/1h5k5w5j/arm64-v8a/CMakeFiles/CMakeTmp/CheckSymbolExists.c:
/* */
#include <unistd.h>

int main(int argc, char** argv)
{
  (void)argv;
#ifndef getpagesize
  return ((int*)(&getpagesize))[argc];
#else
  (void)argc;
  return 0;
#endif
}
Determining if the getresgid exist passed with the following output:
Change Dir: /home/runner/work/MightyMike-Android/MightyMike-Android/android/app/.cxx/Debug/1h5k5w5j/arm64-v8a/CMakeFiles/CMakeTmp

Run Build Command(s):/usr/local/lib/android/sdk/cmake/3.22.1/bin/ninja cmTC_a31b0 && [1/2] Building C object CMakeFiles/cmTC_a31b0.dir/CheckSymbolExists.c.o
[2/2] Linking C executable cmTC_a31b0


File /home/runner/work/MightyMike-Android/MightyMike-Android/android/app/.cxx/Debug/1h5k5w5j/arm64-v8a/CMakeFiles/CMakeTmp/CheckSymbolExists.c:
/* */
#include <unistd.h>

int main(int argc, char** argv)
{
  (void)argv;
#ifndef getresgid
  return ((int*)(&getresgid))[argc];
#else
  (void)argc;
  return 0;
#endif
}
Determining if the getresuid exist passed with the following output:
Change Dir: /home/runner/work/MightyMike-Android/MightyMike-Android/android/app/.cxx/Debug/1h5k5w5j/arm64-v8a/CMakeFiles/CMakeTmp

Run Build Command(s):/usr/local/lib/android/sdk/cmake/3.22.1/bin/ninja cmTC_87d85 && [1/2] Building C object CMakeFiles/cmTC_87d85.dir/CheckSymbolExists.c.o
[2/2] Linking C executable cmTC_87d85


File /home/runner/work/MightyMike-Android/MightyMike-Android/android/app/.cxx/Debug/1h5k5w5j/arm64-v8a/CMakeFiles/CMakeTmp/CheckSymbolExists.c:
/* */
#include <unistd.h>

int main(int argc, char** argv)
{
  (void)argv;
#ifndef getresuid
  return ((int*)(&getresuid))[argc];
#else
  (void)argc;
  return 0;
#endif
}
Determining if the sigaction exist passed with the following output:
Change Dir: /home/runner/work/MightyMike-Android/MightyMike-Android/android/app/.cxx/Debug/1h5k5w5j/arm64-v8a/CMakeFiles/CMakeTmp

Run Build Command(s):/usr/local/lib/android/sdk/cmake/3.22.1/bin/ninja cmTC_bad0f && [1/2] Building C object CMakeFiles/cmTC_bad0f.dir/CheckSymbolExists.c.o
[2/2] Linking C executable cmTC_bad0f


File /home/runner/work/MightyMike-Android/MightyMike-Android/android/app/.cxx/Debug/1h5k5w5j/arm64-v8a/CMakeFiles/CMakeTmp/CheckSymbolExists.c:
/* */
#include <signal.h>

int main(int argc, char** argv)
{
  (void)argv;
#ifndef sigaction
  return ((int*)(&sigaction))[argc];
#else
  (void)argc;
  return 0;
#endif
}
Determining if the sigtimedwait exist passed with the following output:
Change Dir: /home/runner/work/MightyMike-Android/MightyMike-Android/android/app/.cxx/Debug/1h5k5w5j/arm64-v8a/CMakeFiles/CMakeTmp

Run Build Command(s):/usr/local/lib/android/sdk/cmake/3.22.1/bin/ninja cmTC_2d72f && [1/2] Building C object CMakeFiles/cmTC_2d72f.dir/CheckSymbolExists.c.o
[2/2] Linking C executable cmTC_2d72f


File /home/runner/work/MightyMike-Android/MightyMike-Android/android/app/.cxx/Debug/1h5k5w5j/arm64-v8a/CMakeFiles/CMakeTmp/CheckSymbolExists.c:
/* */
#include <signal.h>

int main(int argc, char** argv)
{
  (void)argv;
#ifndef sigtimedwait
  return ((int*)(&sigtimedwait))[argc];
#else
  (void)argc;
  return 0;
#endif
}
Determining if the setjmp exist passed with the following output:
Change Dir: /home/runner/work/MightyMike-Android/MightyMike-Android/android/app/.cxx/Debug/1h5k5w5j/arm64-v8a/CMakeFiles/CMakeTmp

Run Build Command(s):/usr/local/lib/android/sdk/cmake/3.22.1/bin/ninja cmTC_6ad7d && [1/2] Building C object CMakeFiles/cmTC_6ad7d.dir/CheckSymbolExists.c.o
[2/2] Linking C executable cmTC_6ad7d


File /home/runner/work/MightyMike-Android/MightyMike-Android/android/app/.cxx/Debug/1h5k5w5j/arm64-v8a/CMakeFiles/CMakeTmp/CheckSymbolExists.c:
/* */
#include <setjmp.h>

int main(int argc, char** argv)
{
  (void)argv;
#ifndef setjmp
  return ((int*)(&setjmp))[argc];
#else
  (void)argc;
  return 0;
#endif
}
Determining if the nanosleep exist passed with the following output:
Change Dir: /home/runner/work/MightyMike-Android/MightyMike-Android/android/app/.cxx/Debug/1h5k5w5j/arm64-v8a/CMakeFiles/CMakeTmp

Run Build Command(s):/usr/local/lib/android/sdk/cmake/3.22.1/bin/ninja cmTC_f977f && [1/2] Building C object CMakeFiles/cmTC_f977f.dir/CheckSymbolExists.c.o
[2/2] Linking C executable cmTC_f977f


File /home/runner/work/MightyMike-Android/MightyMike-Android/android/app/.cxx/Debug/1h5k5w5j/arm64-v8a/CMakeFiles/CMakeTmp/CheckSymbolExists.c:
/* */
#include <time.h>

int main(int argc, char** argv)
{
  (void)argv;
#ifndef nanosleep
  return ((int*)(&nanosleep))[argc];
#else
  (void)argc;
  return 0;
#endif
}
Determining if the gmtime_r exist passed with the following output:
Change Dir: /home/runner/work/MightyMike-Android/MightyMike-Android/android/app/.cxx/Debug/1h5k5w5j/arm64-v8a/CMakeFiles/CMakeTmp

Run Build Command(s):/usr/local/lib/android/sdk/cmake/3.22.1/bin/ninja cmTC_9a09a && [1/2] Building C object CMakeFiles/cmTC_9a09a.dir/CheckSymbolExists.c.o
[2/2] Linking C executable cmTC_9a09a


File /home/runner/work/MightyMike-Android/MightyMike-Android/android/app/.cxx/Debug/1h5k5w5j/arm64-v8a/CMakeFiles/CMakeTmp/CheckSymbolExists.c:
/* */
#include <time.h>

int main(int argc, char** argv)
{
  (void)argv;
#ifndef gmtime_r
  return ((int*)(&gmtime_r))[argc];
#else
  (void)argc;
  return 0;
#endif
}
Determining if the localtime_r exist passed with the following output:
Change Dir: /home/runner/work/MightyMike-Android/MightyMike-Android/android/app/.cxx/Debug/1h5k5w5j/arm64-v8a/CMakeFiles/CMakeTmp

Run Build Command(s):/usr/local/lib/android/sdk/cmake/3.22.1/bin/ninja cmTC_68d69 && [1/2] Building C object CMakeFiles/cmTC_68d69.dir/CheckSymbolExists.c.o
[2/2] Linking C executable cmTC_68d69


File /home/runner/work/MightyMike-Android/MightyMike-Android/android/app/.cxx/Debug/1h5k5w5j/arm64-v8a/CMakeFiles/CMakeTmp/CheckSymbolExists.c:
/* */
#include <time.h>

int main(int argc, char** argv)
{
  (void)argv;
#ifndef localtime_r
  return ((int*)(&localtime_r))[argc];
#else
  (void)argc;
  return 0;
#endif
}
Determining if the sysconf exist passed with the following output:
Change Dir: /home/runner/work/MightyMike-Android/MightyMike-Android/android/app/.cxx/Debug/1h5k5w5j/arm64-v8a/CMakeFiles/CMakeTmp

Run Build Command(s):/usr/local/lib/android/sdk/cmake/3.22.1/bin/ninja cmTC_1bfec && [1/2] Building C object CMakeFiles/cmTC_1bfec.dir/CheckSymbolExists.c.o
[2/2] Linking C executable cmTC_1bfec


File /home/runner/work/MightyMike-Android/MightyMike-Android/android/app/.cxx/Debug/1h5k5w5j/arm64-v8a/CMakeFiles/CMakeTmp/CheckSymbolExists.c:
/* */
#include <unistd.h>

int main(int argc, char** argv)
{
  (void)argv;
#ifndef sysconf
  return ((int*)(&sysconf))[argc];
#else
  (void)argc;
  return 0;
#endif
}
Determining if the getauxval exist passed with the following output:
Change Dir: /home/runner/work/MightyMike-Android/MightyMike-Android/android/app/.cxx/Debug/1h5k5w5j/arm64-v8a/CMakeFiles/CMakeTmp

Run Build Command(s):/usr/local/lib/android/sdk/cmake/3.22.1/bin/ninja cmTC_82a57 && [1/2] Building C object CMakeFiles/cmTC_82a57.dir/CheckSymbolExists.c.o
[2/2] Linking C executable cmTC_82a57


File /home/runner/work/MightyMike-Android/MightyMike-Android/android/app/.cxx/Debug/1h5k5w5j/arm64-v8a/CMakeFiles/CMakeTmp/CheckSymbolExists.c:
/* */
#include <sys/auxv.h>

int main(int argc, char** argv)
{
  (void)argv;
#ifndef getauxval
  return ((int*)(&getauxval))[argc];
#else
  (void)argc;
  return 0;
#endif
}
Determining if the ppoll exist passed with the following output:
Change Dir: /home/runner/work/MightyMike-Android/MightyMike-Android/android/app/.cxx/Debug/1h5k5w5j/arm64-v8a/CMakeFiles/CMakeTmp

Run Build Command(s):/usr/local/lib/android/sdk/cmake/3.22.1/bin/ninja cmTC_e388f && [1/2] Building C object CMakeFiles/cmTC_e388f.dir/CheckSymbolExists.c.o
[2/2] Linking C executable cmTC_e388f


File /home/runner/work/MightyMike-Android/MightyMike-Android/android/app/.cxx/Debug/1h5k5w5j/arm64-v8a/CMakeFiles/CMakeTmp/CheckSymbolExists.c:
/* */
#include <poll.h>

int main(int argc, char** argv)
{
  (void)argv;
#ifndef ppoll
  return ((int*)(&ppoll))[argc];
#else
  (void)argc;
  return 0;
#endif
}
Determining if the posix_fallocate exist passed with the following output:
Change Dir: /home/runner/work/MightyMike-Android/MightyMike-Android/android/app/.cxx/Debug/1h5k5w5j/arm64-v8a/CMakeFiles/CMakeTmp

Run Build Command(s):/usr/local/lib/android/sdk/cmake/3.22.1/bin/ninja cmTC_44300 && [1/2] Building C object CMakeFiles/cmTC_44300.dir/CheckSymbolExists.c.o
[2/2] Linking C executable cmTC_44300


File /home/runner/work/MightyMike-Android/MightyMike-Android/android/app/.cxx/Debug/1h5k5w5j/arm64-v8a/CMakeFiles/CMakeTmp/CheckSymbolExists.c:
/* */
#include <fcntl.h>

int main(int argc, char** argv)
{
  (void)argv;
#ifndef posix_fallocate
  return ((int*)(&posix_fallocate))[argc];
#else
  (void)argc;
  return 0;
#endif
}
Performing C SOURCE FILE Test HAVE_SA_SIGACTION succeeded with the following output:
Change Dir: /home/runner/work/MightyMike-Android/MightyMike-Android/android/app/.cxx/Debug/1h5k5w5j/arm64-v8a/CMakeFiles/CMakeTmp

Run Build Command(s):/usr/local/lib/android/sdk/cmake/3.22.1/bin/ninja cmTC_5d7d1 && [1/2] Building C object CMakeFiles/cmTC_5d7d1.dir/src.c.o
[2/2] Linking C executable cmTC_5d7d1


Source file was:

#include <signal.h>

int main()
{
  (void)sizeof(((struct sigaction *)0)->sa_sigaction);
  return 0;
}

Performing C SOURCE FILE Test HAVE_ST_MTIM succeeded with the following output:
Change Dir: /home/runner/work/MightyMike-Android/MightyMike-Android/android/app/.cxx/Debug/1h5k5w5j/arm64-v8a/CMakeFiles/CMakeTmp

Run Build Command(s):/usr/local/lib/android/sdk/cmake/3.22.1/bin/ninja cmTC_44aee && [1/2] Building C object CMakeFiles/cmTC_44aee.dir/src.c.o
[2/2] Linking C executable cmTC_44aee


Source file was:

#include <sys/stat.h>

int main()
{
  (void)sizeof(((struct stat *)0)->st_mtim);
  return 0;
}

Determining if the dlopen exist passed with the following output:
Change Dir: /home/runner/work/MightyMike-Android/MightyMike-Android/android/app/.cxx/Debug/1h5k5w5j/arm64-v8a/CMakeFiles/CMakeTmp

Run Build Command(s):/usr/local/lib/android/sdk/cmake/3.22.1/bin/ninja cmTC_f600a && [1/2] Building C object CMakeFiles/cmTC_f600a.dir/CheckSymbolExists.c.o
[2/2] Linking C executable cmTC_f600a


File /home/runner/work/MightyMike-Android/MightyMike-Android/android/app/.cxx/Debug/1h5k5w5j/arm64-v8a/CMakeFiles/CMakeTmp/CheckSymbolExists.c:
/* */
#include <dlfcn.h>

int main(int argc, char** argv)
{
  (void)argv;
#ifndef dlopen
  return ((int*)(&dlopen))[argc];
#else
  (void)argc;
  return 0;
#endif
}
Performing C SOURCE FILE Test HAVE_O_CLOEXEC succeeded with the following output:
Change Dir: /home/runner/work/MightyMike-Android/MightyMike-Android/android/app/.cxx/Debug/1h5k5w5j/arm64-v8a/CMakeFiles/CMakeTmp

Run Build Command(s):/usr/local/lib/android/sdk/cmake/3.22.1/bin/ninja cmTC_df23e && [1/2] Building C object CMakeFiles/cmTC_df23e.dir/src.c.o
[2/2] Linking C executable cmTC_df23e


Source file was:

    #include <fcntl.h>
    int flag = O_CLOEXEC;
    int main(int argc, char **argv) { return 0; }
Performing C SOURCE FILE Test VULKAN_PASSED_ANDROID_CHECKS succeeded with the following output:
Change Dir: /home/runner/work/MightyMike-Android/MightyMike-Android/android/app/.cxx/Debug/1h5k5w5j/arm64-v8a/CMakeFiles/CMakeTmp

Run Build Command(s):/usr/local/lib/android/sdk/cmake/3.22.1/bin/ninja cmTC_90b8f && [1/2] Building C object CMakeFiles/cmTC_90b8f.dir/src.c.o
[2/2] Linking C executable cmTC_90b8f


Source file was:

      #if defined(__ARM_ARCH) && __ARM_ARCH < 7
      #error Vulkan doesn't work on this configuration
      #endif
      int main(int argc, char **argv) { return 0; }
      
Performing C SOURCE FILE Test HAVE_PTHREADS succeeded with the following output:
Change Dir: /home/runner/work/MightyMike-Android/MightyMike-Android/android/app/.cxx/Debug/1h5k5w5j/arm64-v8a/CMakeFiles/CMakeTmp

Run Build Command(s):/usr/local/lib/android/sdk/cmake/3.22.1/bin/ninja cmTC_27ece && [1/2] Building C object CMakeFiles/cmTC_27ece.dir/src.c.o
[2/2] Linking C executable cmTC_27ece


Source file was:

        #include <pthread.h>
        int main(int argc, char** argv) {
          pthread_attr_t type;
          pthread_attr_init(&type);
          return 0;
        }
Performing C SOURCE FILE Test HAVE_RECURSIVE_MUTEXES succeeded with the following output:
Change Dir: /home/runner/work/MightyMike-Android/MightyMike-Android/android/app/.cxx/Debug/1h5k5w5j/arm64-v8a/CMakeFiles/CMakeTmp

Run Build Command(s):/usr/local/lib/android/sdk/cmake/3.22.1/bin/ninja cmTC_fc696 && [1/2] Building C object CMakeFiles/cmTC_fc696.dir/src.c.o
[2/2] Linking C executable cmTC_fc696


Source file was:

        #include <pthread.h>
        int main(int argc, char **argv) {
          pthread_mutexattr_t attr;
          pthread_mutexattr_settype(&attr, PTHREAD_MUTEX_RECURSIVE);
          return 0;
        }
Performing C SOURCE FILE Test HAVE_PTHREADS_SEM succeeded with the following output:
Change Dir: /home/runner/work/MightyMike-Android/MightyMike-Android/android/app/.cxx/Debug/1h5k5w5j/arm64-v8a/CMakeFiles/CMakeTmp

Run Build Command(s):/usr/local/lib/android/sdk/cmake/3.22.1/bin/ninja cmTC_4e75c && [1/2] Building C object CMakeFiles/cmTC_4e75c.dir/src.c.o
[2/2] Linking C executable cmTC_4e75c


Source file was:
#include <pthread.h>
                                 #include <semaphore.h>
                                 int main(int argc, char **argv) { return 0; }
Performing C SOURCE FILE Test COMPILER_HAS_SEM_TIMEDWAIT succeeded with the following output:
Change Dir: /home/runner/work/MightyMike-Android/MightyMike-Android/android/app/.cxx/Debug/1h5k5w5j/arm64-v8a/CMakeFiles/CMakeTmp

Run Build Command(s):/usr/local/lib/android/sdk/cmake/3.22.1/bin/ninja cmTC_aca8e && [1/2] Building C object CMakeFiles/cmTC_aca8e.dir/src.c.o
/home/runner/work/MightyMike-Android/MightyMike-Android/android/app/.cxx/Debug/1h5k5w5j/arm64-v8a/CMakeFiles/CMakeTmp/src.c:5:33: warning: null passed to a callee that requires a non-null argument [-Wnonnull]
    5 |                   sem_timedwait(NULL, NULL);
      |                                 ^~~~
/usr/local/lib/android/sdk/ndk/27.2.12479018/toolchains/llvm/prebuilt/linux-x86_64/lib/clang/18/include/__stddef_null.h:26:14: note: expanded from macro 'NULL'
   26 | #define NULL ((void*)0)
      |              ^~~~~~~~~~
/home/runner/work/MightyMike-Android/MightyMike-Android/android/app/.cxx/Debug/1h5k5w5j/arm64-v8a/CMakeFiles/CMakeTmp/src.c:5:39: warning: null passed to a callee that requires a non-null argument [-Wnonnull]
    5 |                   sem_timedwait(NULL, NULL);
      |                                       ^~~~
/usr/local/lib/android/sdk/ndk/27.2.12479018/toolchains/llvm/prebuilt/linux-x86_64/lib/clang/18/include/__stddef_null.h:26:14: note: expanded from macro 'NULL'
   26 | #define NULL ((void*)0)
      |              ^~~~~~~~~~
2 warnings generated.
[2/2] Linking C executable cmTC_aca8e


Source file was:

              #include <pthread.h>
              #include <semaphore.h>
              int main(int argc, char **argv) {
                  sem_timedwait(NULL, NULL);
                  return 0;
              }
Determining if the include file pthread.h exists passed with the following output:
Change Dir: /home/runner/work/MightyMike-Android/MightyMike-Android/android/app/.cxx/Debug/1h5k5w5j/arm64-v8a/CMakeFiles/CMakeTmp

Run Build Command(s):/usr/local/lib/android/sdk/cmake/3.22.1/bin/ninja cmTC_a0d0b && [1/2] Building C object CMakeFiles/cmTC_a0d0b.dir/CheckIncludeFile.c.o
[2/2] Linking C executable cmTC_a0d0b



Performing C SOURCE FILE Test HAVE_PTHREAD_SETNAME_NP succeeded with the following output:
Change Dir: /home/runner/work/MightyMike-Android/MightyMike-Android/android/app/.cxx/Debug/1h5k5w5j/arm64-v8a/CMakeFiles/CMakeTmp

Run Build Command(s):/usr/local/lib/android/sdk/cmake/3.22.1/bin/ninja cmTC_50550 && [1/2] Building C object CMakeFiles/cmTC_50550.dir/src.c.o
[2/2] Linking C executable cmTC_50550


Source file was:

            #include <pthread.h>
            int main(int argc, char **argv) {
              #ifdef __APPLE__
              pthread_setname_np("");
              #else
              pthread_setname_np(pthread_self(),"");
              #endif
              return 0;
            }
